timestamp,fps,tracking_state,pixel_error,turbulence_strength,vibration_amplitude,sensor_noise_level,link_readiness_score,cumulative_lost_seconds,reacquisition_count,active_detector
2026-08-24T01:02:44,60.24,LOCKED,6.8259,0.0000,0.0000,0.0000,0.9909,0.00,1,classical
2026-08-24T01:02:45,59.52,LOCKED,24.5453,0.0000,0.0000,0.0000,0.9673,0.00,1,classical
2026-08-24T01:02:46,59.52,LOCKED,34.1298,0.0000,0.0000,0.0000,0.9545,0.00,1,classical
2026-08-24T01:02:47,59.88,LOCKED,35.6075,0.0000,0.0000,0.0000,0.9525,0.00,1,classical
2026-08-24T01:02:48,59.88,LOCKED,36.5357,0.0000,0.0000,0.0000,0.9513,0.00,1,classical
2026-08-24T01:02:49,60.61,LOCKED,37.4954,0.0000,0.0000,0.0000,0.9500,0.00,1,classical
2026-08-24T01:02:50,59.17,LOCKED,36.8377,0.0000,0.0000,0.0000,0.9509,0.00,1,classical
2026-08-24T01:02:51,55.87,LOCKED,36.5547,0.0000,0.0000,0.0000,0.9513,0.00,1,classical
2026-08-24T01:02:52,60.61,LOCKED,35.5350,0.0000,0.0000,0.0000,0.9526,0.00,1,classical
2026-08-24T01:02:53,57.80,LOCKED,36.3536,0.0000,0.0000,0.0000,0.9515,0.00,1,classical
2026-08-24T01:02:54,58.48,LOCKED,36.0247,0.0000,0.0000,0.0000,0.9520,0.00,1,classical
2026-08-24T01:02:55,59.52,LOCKED,36.4066,0.0000,0.0000,0.0000,0.9515,0.00,1,classical
2026-08-24T01:02:56,59.88,LOCKED,37.1874,0.0000,0.0000,0.0000,0.9504,0.00,1,classical
2026-08-24T01:02:57,59.17,LOCKED,37.2080,0.0000,0.0000,0.0000,0.9504,0.00,1,classical
2026-08-24T01:02:58,59.52,LOCKED,36.6736,0.0000,0.0000,0.0000,0.9511,0.00,1,classical
2026-08-24T01:02:59,60.61,LOCKED,35.6645,0.0000,0.0000,0.0000,0.9524,0.00,1,classical
2026-08-24T01:03:00,60.24,LOCKED,35.5933,0.0000,0.0000,0.0000,0.9525,0.00,1,classical
2026-08-24T01:03:01,60.61,LOCKED,35.4331,0.0000,0.0000,0.0000,0.9528,0.00,1,classical
2026-08-24T01:03:02,60.24,LOCKED,35.8918,0.0000,0.0000,0.0000,0.9521,0.00,1,classical
2026-08-24T01:03:03,60.24,LOCKED,36.4700,0.0000,0.0000,0.0000,0.9514,0.00,1,classical
2026-08-24T01:03:04,60.24,LOCKED,36.8860,0.0000,0.0000,0.0000,0.9508,0.00,1,classical
2026-08-24T01:03:05,58.82,LOCKED,37.3273,0.0000,0.0000,0.0000,0.9502,0.00,1,classical
2026-08-24T01:03:06,59.52,LOCKED,36.4978,0.0000,0.0000,0.0000,0.9513,0.00,1,classical
2026-08-24T01:03:07,58.48,LOCKED,36.4095,0.0000,0.0000,0.0000,0.9515,0.00,1,classical
2026-08-24T01:03:08,57.14,LOCKED,36.1847,0.0000,0.0000,0.0000,0.9518,0.00,1,classical
2026-08-24T01:03:09,59.17,LOCKED,36.1037,0.0000,0.0000,0.0000,0.9519,0.00,1,classical
2026-08-24T01:03:10,60.61,LOCKED,36.2152,0.0000,0.0000,0.0000,0.9517,0.00,1,classical
2026-08-24T01:03:11,59.52,LOCKED,37.2396,0.0000,0.0000,0.0000,0.9503,0.00,1,classical
2026-08-24T01:03:12,60.24,LOCKED,36.9867,0.0000,0.0000,0.0000,0.9507,0.00,1,classical
2026-08-24T01:03:13,59.52,LOCKED,37.0153,0.0000,0.0000,0.0000,0.9506,0.00,1,classical
2026-08-24T01:03:14,59.88,LOCKED,36.1624,0.0000,0.0000,0.0000,0.9518,0.00,1,classical
2026-08-24T01:03:15,59.52,LOCKED,35.8299,0.0000,0.0000,0.0000,0.9522,0.00,1,classical
2026-08-24T01:03:16,60.24,LOCKED,35.5859,0.0000,0.0000,0.0000,0.9526,0.00,1,classical
2026-08-24T01:03:17,55.87,LOCKED,36.2586,0.0000,0.0000,0.0000,0.9517,0.00,1,classical
2026-08-24T01:03:18,59.88,LOCKED,36.6985,0.0000,0.0000,0.0000,0.9511,0.00,1,classical
2026-08-24T01:03:19,57.47,LOCKED,37.2624,0.0000,0.0000,0.0000,0.9503,0.00,1,classical
2026-08-24T01:03:20,54.95,LOCKED,38.2137,0.0000,0.0000,0.0000,0.9490,0.00,1,classical
2026-08-24T01:03:21,59.52,LOCKED,36.7560,0.0000,0.0000,0.0000,0.9510,0.00,1,classical
2026-08-24T01:03:22,56.18,LOCKED,36.5862,0.0000,0.0000,0.0000,0.9512,0.00,1,classical
2026-08-24T01:03:23,57.47,LOCKED,36.3067,0.0000,0.0000,0.0000,0.9516,0.00,1,classical
2026-08-24T01:03:24,56.18,LOCKED,36.3315,0.0000,0.0000,0.0000,0.9516,0.00,1,classical
2026-08-24T01:03:25,56.50,LOCKED,36.2598,0.0000,0.0000,0.0000,0.9517,0.00,1,classical
2026-08-24T01:03:26,55.56,LOCKED,37.3586,0.0000,0.0000,0.0000,0.9502,0.00,1,classical
2026-08-24T01:03:27,54.95,LOCKED,38.1859,0.0000,0.0000,0.0000,0.9491,0.00,1,classical
2026-08-24T01:03:28,55.87,LOCKED,37.6462,0.0000,0.0000,0.0000,0.9498,0.00,1,classical
2026-08-24T01:03:29,58.14,LOCKED,36.9079,0.0000,0.0000,0.0000,0.9508,0.00,1,classical
2026-08-24T01:03:30,58.14,LOCKED,36.5571,0.0000,0.0000,0.0000,0.9513,0.00,1,classical
2026-08-24T01:03:31,55.25,LOCKED,35.9847,0.0000,0.0000,0.0000,0.9520,0.00,1,classical
2026-08-24T01:03:32,55.25,LOCKED,36.1794,0.0000,0.0000,0.0000,0.9518,0.00,1,classical
2026-08-24T01:03:33,59.88,LOCKED,35.8750,0.0000,0.0000,0.0000,0.9522,0.00,1,classical
2026-08-24T01:03:34,55.87,LOCKED,37.2302,0.0000,0.0000,0.0000,0.9504,0.00,1,classical
2026-08-24T01:03:35,58.48,LOCKED,37.1773,0.0000,0.0000,0.0000,0.9504,0.00,1,classical
2026-08-24T01:03:36,60.98,LOCKED,36.6002,0.0000,0.0000,0.0000,0.9512,0.00,1,classical
2026-08-24T01:03:37,59.88,LOCKED,36.5735,0.0000,0.0000,0.0000,0.9512,0.00,1,classical
2026-08-24T01:03:38,60.98,LOCKED,35.9056,0.0000,0.0000,0.0000,0.9521,0.00,1,classical
2026-08-24T01:03:39,60.61,LOCKED,35.2088,0.0000,0.0000,0.0000,0.9531,0.00,1,classical
2026-08-24T01:03:40,60.24,LOCKED,35.3167,0.0000,0.0000,0.0000,0.9529,0.00,1,classical
2026-08-24T01:03:41,60.24,LOCKED,35.8303,0.0000,0.0000,0.0000,0.9522,0.00,1,classical
2026-08-24T01:03:42,59.17,LOCKED,36.8676,0.0000,0.0000,0.0000,0.9508,0.00,1,classical
2026-08-24T01:03:43,51.55,LOCKED,37.9848,0.0000,0.0000,0.0000,0.9494,0.00,1,classical
2026-08-24T01:03:44,60.61,LOCKED,36.5964,0.0000,0.0000,0.0000,0.9512,0.00,1,classical
2026-08-24T01:03:45,59.17,LOCKED,36.2965,0.0000,0.0000,0.0000,0.9516,0.00,1,classical
2026-08-24T01:03:46,54.05,LOCKED,36.0192,0.0000,0.0000,0.0000,0.9520,0.00,1,classical
2026-08-24T01:03:47,60.61,LOCKED,35.3949,0.0000,0.0000,0.0000,0.9528,0.00,1,classical
2026-08-24T01:03:48,60.24,LOCKED,34.9918,0.0000,0.0000,0.0000,0.9533,0.00,1,classical
2026-08-24T01:03:49,60.61,LOCKED,36.4687,0.0000,0.0000,0.0000,0.9514,0.00,1,classical
2026-08-24T01:03:50,56.82,LOCKED,36.8917,0.0000,0.0000,0.0000,0.9508,0.00,1,classical
2026-08-24T01:03:51,59.52,LOCKED,35.9090,0.0000,0.0000,0.0000,0.9521,0.00,1,classical
2026-08-24T01:03:52,58.48,LOCKED,36.8470,0.0000,0.0000,0.0000,0.9509,0.00,1,classical
2026-08-24T01:03:53,56.82,LOCKED,36.8478,0.0000,0.0000,0.0000,0.9509,0.00,1,classical
2026-08-24T01:03:54,58.82,LOCKED,36.2750,0.0000,0.0000,0.0000,0.9516,0.00,1,classical
2026-08-24T01:03:55,58.48,LOCKED,35.8884,0.0000,0.0000,0.0000,0.9521,0.00,1,classical
2026-08-24T01:03:56,58.82,LOCKED,36.3584,0.0000,0.0000,0.0000,0.9515,0.00,1,classical
2026-08-24T01:03:57,59.88,LOCKED,36.4731,0.0000,0.0000,0.0000,0.9514,0.00,1,classical
2026-08-24T01:03:58,60.61,LOCKED,36.6146,0.0000,0.0000,0.0000,0.9512,0.00,1,classical
2026-08-24T01:03:59,60.98,LOCKED,37.1286,0.0000,0.0000,0.0000,0.9505,0.00,1,classical
2026-08-24T01:04:00,60.61,LOCKED,37.1257,0.0000,0.0000,0.0000,0.9505,0.00,1,classical
2026-08-24T01:04:01,61.73,LOCKED,35.7815,0.0000,0.0000,0.0000,0.9523,0.00,1,classical
2026-08-24T01:04:02,58.48,LOCKED,36.5667,0.0000,0.0000,0.0000,0.9512,0.00,1,classical
2026-08-24T01:04:03,55.87,LOCKED,36.3958,0.0000,0.0000,0.0000,0.9515,0.00,1,classical
2026-08-24T01:04:04,58.48,LOCKED,36.7336,0.0000,0.0000,0.0000,0.9510,0.00,1,classical
2026-08-24T01:04:05,60.24,LOCKED,35.9204,0.0000,0.0000,0.0000,0.9521,0.00,1,classical
2026-08-24T01:04:06,54.05,LOCKED,37.4821,0.0000,0.0000,0.0000,0.9500,0.00,1,classical
2026-08-24T01:04:07,59.88,LOCKED,36.3102,0.0000,0.0000,0.0000,0.9516,0.00,1,classical
2026-08-24T01:04:09,60.61,LOCKED,36.4306,0.0000,0.0000,0.0000,0.9514,0.00,1,classical
2026-08-24T01:04:10,61.35,LOCKED,35.7874,0.0000,0.0000,0.0000,0.9523,0.00,1,classical
2026-08-24T01:04:11,60.24,LOCKED,35.5343,0.0000,0.0000,0.0000,0.9526,0.00,1,classical
2026-08-24T01:04:12,61.35,LOCKED,35.1961,0.0000,0.0000,0.0000,0.9531,0.00,1,classical
2026-08-24T01:04:13,60.61,LOCKED,35.6329,0.0000,0.0000,0.0000,0.9525,0.00,1,classical
2026-08-24T01:04:14,60.61,LOCKED,36.8150,0.0000,0.0000,0.0000,0.9509,0.00,1,classical
2026-08-24T01:04:15,54.95,LOCKED,38.2782,0.0000,0.0000,0.0000,0.9490,0.00,1,classical
2026-08-24T01:04:16,60.98,LOCKED,36.8540,0.0000,0.0000,0.0000,0.9509,0.00,1,classical
2026-08-24T01:04:17,60.98,LOCKED,36.8857,0.0000,0.0000,0.0000,0.9508,0.00,1,classical
2026-08-24T01:04:18,61.35,LOCKED,35.9053,0.0000,0.0000,0.0000,0.9521,0.00,1,classical
2026-08-24T01:04:19,59.88,LOCKED,35.2233,0.0000,0.0000,0.0000,0.9530,0.00,1,classical
2026-08-24T01:04:20,61.73,LOCKED,35.5584,0.0000,0.0000,0.0000,0.9526,0.00,1,classical
2026-08-24T01:04:21,60.24,LOCKED,35.7069,0.0000,0.0000,0.0000,0.9524,0.00,1,classical
2026-08-24T01:04:22,59.88,LOCKED,36.4232,0.0000,0.0000,0.0000,0.9514,0.00,1,classical
2026-08-24T01:04:23,59.88,LOCKED,37.3969,0.0000,0.0000,0.0000,0.9501,0.00,1,classical
2026-08-24T01:04:24,60.61,LOCKED,36.5211,0.0000,0.0000,0.0000,0.9513,0.00,1,classical
2026-08-24T01:04:25,57.80,LOCKED,36.7350,0.0000,0.0000,0.0000,0.9510,0.00,1,classical
2026-08-24T01:04:26,60.24,LOCKED,35.8439,0.0000,0.0000,0.0000,0.9522,0.00,1,classical
2026-08-24T01:04:27,60.61,LOCKED,35.2588,0.0000,0.0000,0.0000,0.9530,0.00,1,classical
2026-08-24T01:04:28,59.52,LOCKED,35.7335,0.0000,0.0000,0.0000,0.9524,0.00,1,classical
2026-08-24T01:04:29,60.61,LOCKED,35.9452,0.0000,0.0000,0.0000,0.9521,0.00,1,classical
2026-08-24T01:04:30,60.24,LOCKED,36.6214,0.0000,0.0000,0.0000,0.9512,0.00,1,classical
2026-08-24T01:04:31,60.98,LOCKED,36.6328,0.0000,0.0000,0.0000,0.9512,0.00,1,classical
2026-08-24T01:04:32,59.88,LOCKED,36.8270,0.0000,0.0000,0.0000,0.9509,0.00,1,classical
2026-08-24T01:04:33,60.98,LOCKED,35.8730,0.0000,0.0000,0.0000,0.9522,0.00,1,classical
2026-08-24T01:04:34,59.52,LOCKED,35.5249,0.0000,0.0000,0.0000,0.9526,0.00,1,classical
2026-08-24T01:04:35,59.88,LOCKED,35.3360,0.0000,0.0000,0.0000,0.9529,0.00,1,classical
2026-08-24T01:04:36,60.24,LOCKED,35.3956,0.0000,0.0000,0.0000,0.9528,0.00,1,classical
2026-08-24T01:04:37,59.52,LOCKED,36.1141,0.0000,0.0000,0.0000,0.9518,0.00,1,classical
2026-08-24T01:04:38,60.61,LOCKED,36.4786,0.0000,0.0000,0.0000,0.9514,0.00,1,classical
2026-08-24T01:04:39,60.24,LOCKED,36.5536,0.0000,0.0000,0.0000,0.9513,0.00,1,classical
2026-08-24T01:04:40,60.24,LOCKED,36.6922,0.0000,0.0000,0.0000,0.9511,0.00,1,classical
2026-08-24T01:04:41,57.80,LOCKED,36.4195,0.0000,0.0000,0.0000,0.9514,0.00,1,classical
2026-08-24T01:04:42,59.52,LOCKED,35.5959,0.0000,0.0000,0.0000,0.9525,0.00,1,classical
2026-08-24T01:04:43,59.52,LOCKED,36.0566,0.0000,0.0000,0.0000,0.9519,0.00,1,classical
2026-08-24T01:04:44,59.88,LOCKED,36.0732,0.0000,0.0000,0.0000,0.9519,0.00,1,classical
2026-08-24T01:04:45,57.80,LOCKED,37.2027,0.0000,0.0000,0.0000,0.9504,0.00,1,classical
2026-08-24T01:04:46,57.80,LOCKED,37.6584,0.0000,0.0000,0.0000,0.9498,0.00,1,classical
2026-08-24T01:04:47,53.76,LOCKED,37.5091,0.0000,0.0000,0.0000,0.9500,0.00,1,classical
2026-08-24T01:04:48,59.17,LOCKED,36.6620,0.0000,0.0000,0.0000,0.9511,0.00,1,classical
2026-08-24T01:04:49,55.56,LOCKED,36.4871,0.0000,0.0000,0.0000,0.9514,0.00,1,classical
2026-08-24T01:04:50,61.35,LOCKED,35.4760,0.0000,0.0000,0.0000,0.9527,0.00,1,classical
2026-08-24T01:04:51,59.17,LOCKED,35.8396,0.0000,0.0000,0.0000,0.9522,0.00,1,classical
2026-08-24T01:04:52,60.24,LOCKED,35.7414,0.0000,0.0000,0.0000,0.9523,0.00,1,classical
2026-08-24T01:04:53,60.24,LOCKED,36.3331,0.0000,0.0000,0.0000,0.9516,0.00,1,classical
2026-08-24T01:04:54,60.61,LOCKED,37.0373,0.0000,0.0000,0.0000,0.9506,0.00,1,classical
2026-08-24T01:04:55,60.24,LOCKED,36.9472,0.0000,0.0000,0.0000,0.9507,0.00,1,classical
2026-08-24T01:04:56,59.88,LOCKED,36.4644,0.0000,0.0000,0.0000,0.9514,0.00,1,classical
2026-08-24T01:04:57,60.24,LOCKED,36.9613,0.0000,0.0000,0.0000,0.9507,0.00,1,classical
2026-08-24T01:04:58,56.18,LOCKED,36.3255,0.0000,0.0000,0.0000,0.9516,0.00,1,classical
2026-08-24T01:04:59,59.88,LOCKED,35.8773,0.0000,0.0000,0.0000,0.9522,0.00,1,classical
2026-08-24T01:05:00,59.52,LOCKED,36.7074,0.0000,0.0000,0.0000,0.9511,0.00,1,classical
2026-08-24T01:05:01,59.88,LOCKED,37.1069,0.0000,0.0000,0.0000,0.9505,0.00,1,classical
2026-08-24T01:05:02,60.24,LOCKED,37.5577,0.0000,0.0000,0.0000,0.9499,0.00,1,classical
2026-08-24T01:05:03,58.48,LOCKED,37.5475,0.0000,0.0000,0.0000,0.9499,0.00,1,classical
2026-08-24T01:05:04,59.52,LOCKED,36.4809,0.0000,0.0000,0.0000,0.9514,0.00,1,classical
2026-08-24T01:05:05,58.82,LOCKED,36.6475,0.0000,0.0000,0.0000,0.9511,0.00,1,classical
2026-08-24T01:05:06,57.80,LOCKED,36.0754,0.0000,0.0000,0.0000,0.9519,0.00,1,classical
2026-08-24T01:05:07,56.18,LOCKED,36.0235,0.0000,0.0000,0.0000,0.9520,0.00,1,classical
2026-08-24T01:05:08,54.64,LOCKED,36.9109,0.0000,0.0000,0.0000,0.9508,0.00,1,classical
2026-08-24T01:05:09,58.48,LOCKED,37.1242,0.0000,0.0000,0.0000,0.9505,0.00,1,classical
2026-08-24T01:05:10,60.61,LOCKED,36.6038,0.0000,0.0000,0.0000,0.9512,0.00,1,classical
2026-08-24T01:05:11,59.52,LOCKED,37.1942,0.0000,0.0000,0.0000,0.9504,0.00,1,classical
2026-08-24T01:05:12,55.87,LOCKED,36.5772,0.0000,0.0000,0.0000,0.9512,0.00,1,classical
2026-08-24T01:05:13,56.18,LOCKED,36.1020,0.0000,0.0000,0.0000,0.9519,0.00,1,classical
2026-08-24T01:05:14,55.56,LOCKED,36.2340,0.0000,0.0000,0.0000,0.9517,0.00,1,classical
2026-08-24T01:05:15,57.80,LOCKED,35.9659,0.0000,0.0000,0.0000,0.9520,0.00,1,classical
2026-08-24T01:05:16,61.35,LOCKED,36.5534,0.0000,0.0000,0.0000,0.9513,0.00,1,classical
2026-08-24T01:05:17,59.88,LOCKED,36.8533,0.0000,0.0000,0.0000,0.9509,0.00,1,classical
2026-08-24T01:05:18,58.48,LOCKED,37.3813,0.0000,0.0000,0.0000,0.9502,0.00,1,classical
2026-08-24T01:05:19,59.88,LOCKED,36.8954,0.0000,0.0000,0.0000,0.9508,0.00,1,classical
2026-08-24T01:05:20,59.52,LOCKED,36.3289,0.0000,0.0000,0.0000,0.9516,0.00,1,classical
2026-08-24T01:05:21,59.88,LOCKED,35.7805,0.0000,0.0000,0.0000,0.9523,0.00,1,classical
2026-08-24T01:05:22,60.61,LOCKED,35.8421,0.0000,0.0000,0.0000,0.9522,0.00,1,classical
2026-08-24T01:05:23,59.88,LOCKED,36.2304,0.0000,0.0000,0.0000,0.9517,0.00,1,classical
2026-08-24T01:05:24,59.17,LOCKED,36.6488,0.0000,0.0000,0.0000,0.9511,0.00,1,classical
2026-08-24T01:05:25,60.98,LOCKED,36.8605,0.0000,0.0000,0.0000,0.9509,0.00,1,classical
2026-08-24T01:05:26,59.52,LOCKED,37.1370,0.0000,0.0000,0.0000,0.9505,0.00,1,classical
2026-08-24T01:05:27,59.88,LOCKED,36.5045,0.0000,0.0000,0.0000,0.9513,0.00,1,classical
2026-08-24T01:05:28,58.82,LOCKED,36.4540,0.0000,0.0000,0.0000,0.9514,0.00,1,classical
2026-08-24T01:05:29,57.47,LOCKED,36.2725,0.0000,0.0000,0.0000,0.9516,0.00,1,classical
2026-08-24T01:05:30,59.17,LOCKED,35.4897,0.0000,0.0000,0.0000,0.9527,0.00,1,classical
2026-08-24T01:05:31,58.48,LOCKED,36.3016,0.0000,0.0000,0.0000,0.9516,0.00,1,classical
2026-08-24T01:05:32,58.82,LOCKED,36.7158,0.0000,0.0000,0.0000,0.9510,0.00,1,classical
2026-08-24T01:05:33,59.17,LOCKED,36.9411,0.0000,0.0000,0.0000,0.9507,0.00,1,classical
2026-08-24T01:05:34,60.61,LOCKED,36.8382,0.0000,0.0000,0.0000,0.9509,0.00,1,classical
2026-08-24T01:05:35,61.35,LOCKED,36.5215,0.0000,0.0000,0.0000,0.9513,0.00,1,classical
2026-08-24T01:05:36,59.88,LOCKED,36.5390,0.0000,0.0000,0.0000,0.9513,0.00,1,classical
2026-08-24T01:05:37,58.82,LOCKED,36.0934,0.0000,0.0000,0.0000,0.9519,0.00,1,classical
2026-08-24T01:05:38,60.98,LOCKED,35.6454,0.0000,0.0000,0.0000,0.9525,0.00,1,classical
2026-08-24T01:05:39,60.61,LOCKED,36.1971,0.0000,0.0000,0.0000,0.9517,0.00,1,classical
2026-08-24T01:05:40,59.52,LOCKED,37.0357,0.0000,0.0000,0.0000,0.9506,0.00,1,classical
2026-08-24T01:05:41,60.24,LOCKED,36.4825,0.0000,0.0000,0.0000,0.9514,0.00,1,classical
2026-08-24T01:05:42,59.88,LOCKED,36.8327,0.0000,0.0000,0.0000,0.9509,0.00,1,classical
2026-08-24T01:05:43,58.82,LOCKED,36.3836,0.0000,0.0000,0.0000,0.9515,0.00,1,classical
2026-08-24T01:05:44,57.14,LOCKED,36.5103,0.0000,0.0000,0.0000,0.9513,0.00,1,classical
2026-08-24T01:05:45,56.50,LOCKED,36.4511,0.0000,0.0000,0.0000,0.9514,0.00,1,classical
2026-08-24T01:05:46,56.82,LOCKED,36.3560,0.0000,0.0000,0.0000,0.9515,0.00,1,classical
2026-08-24T01:05:47,60.61,LOCKED,35.9023,0.0000,0.0000,0.0000,0.9521,0.00,1,classical
2026-08-24T01:05:48,59.17,LOCKED,36.6752,0.0000,0.0000,0.0000,0.9511,0.00,1,classical
2026-08-24T01:05:49,59.52,LOCKED,36.8401,0.0000,0.0000,0.0000,0.9509,0.00,1,classical
2026-08-24T01:05:50,60.24,LOCKED,36.5970,0.0000,0.0000,0.0000,0.9512,0.00,1,classical
2026-08-24T01:05:51,55.87,LOCKED,36.3375,0.0000,0.0000,0.0000,0.9515,0.00,1,classical
2026-08-24T01:05:52,55.25,LOCKED,36.2601,0.0000,0.0000,0.0000,0.9517,0.00,1,classical
2026-08-24T01:05:53,57.80,LOCKED,35.8364,0.0000,0.0000,0.0000,0.9522,0.00,1,classical
2026-08-24T01:05:55,59.52,LOCKED,37.5087,0.0000,0.0000,0.0000,0.9500,0.00,1,classical
2026-08-24T01:05:56,58.48,LOCKED,35.6505,0.0000,0.0000,0.0000,0.9525,0.00,1,classical
2026-08-24T01:05:57,60.98,LOCKED,38.0479,0.0000,0.0000,0.0000,0.9493,0.00,1,classical
2026-08-24T01:05:58,58.48,LOCKED,36.5470,0.0000,0.0000,0.0000,0.9513,0.00,1,classical
2026-08-24T01:05:59,51.81,LOCKED,37.5942,0.0000,0.0000,0.0000,0.9499,0.00,1,classical
2026-08-24T01:06:00,59.88,LOCKED,35.8105,0.0000,0.0000,0.0000,0.9523,0.00,1,classical
2026-08-24T01:06:01,58.14,LOCKED,35.0880,0.0000,0.0000,0.0000,0.9532,0.00,1,classical
2026-08-24T01:06:02,54.05,LOCKED,35.0634,0.0000,0.0000,0.0000,0.9532,0.00,1,classical
2026-08-24T01:06:03,61.35,LOCKED,36.1594,0.0000,0.0000,0.0000,0.9518,0.00,1,classical
2026-08-24T01:06:04,59.88,LOCKED,35.9665,0.0000,0.0000,0.0000,0.9520,0.00,1,classical
2026-08-24T01:06:05,60.24,LOCKED,36.3332,0.0000,0.0000,0.0000,0.9516,0.00,1,classical
2026-08-24T01:06:06,59.52,LOCKED,37.2635,0.0000,0.0000,0.0000,0.9503,0.00,1,classical
2026-08-24T01:06:07,60.24,LOCKED,36.1910,0.0000,0.0000,0.0000,0.9517,0.00,1,classical
2026-08-24T01:06:08,59.88,LOCKED,35.8239,0.0000,0.0000,0.0000,0.9522,0.00,1,classical
2026-08-24T01:06:09,59.17,LOCKED,35.5668,0.0000,0.0000,0.0000,0.9526,0.00,1,classical
2026-08-24T01:06:10,60.61,LOCKED,35.4686,0.0000,0.0000,0.0000,0.9527,0.00,1,classical
2026-08-24T01:06:11,60.61,LOCKED,35.8086,0.0000,0.0000,0.0000,0.9523,0.00,1,classical
2026-08-24T01:06:12,60.24,LOCKED,36.5131,0.0000,0.0000,0.0000,0.9513,0.00,1,classical
2026-08-24T01:06:13,59.17,LOCKED,37.1593,0.0000,0.0000,0.0000,0.9505,0.00,1,classical
2026-08-24T01:06:14,58.82,LOCKED,37.0230,0.0000,0.0000,0.0000,0.9506,0.00,1,classical
2026-08-24T01:06:15,59.52,LOCKED,36.5966,0.0000,0.0000,0.0000,0.9512,0.00,1,classical
2026-08-24T01:06:16,59.88,LOCKED,36.1215,0.0000,0.0000,0.0000,0.9518,0.00,1,classical
2026-08-24T01:06:17,58.48,LOCKED,35.7164,0.0000,0.0000,0.0000,0.9524,0.00,1,classical
2026-08-24T01:06:18,59.52,LOCKED,36.0539,0.0000,0.0000,0.0000,0.9519,0.00,1,classical
2026-08-24T01:06:19,57.47,LOCKED,36.7869,0.0000,0.0000,0.0000,0.9510,0.00,1,classical
2026-08-24T01:06:20,60.61,LOCKED,36.7963,0.0000,0.0000,0.0000,0.9509,0.00,1,classical
2026-08-24T01:06:21,58.82,LOCKED,37.3431,0.0000,0.0000,0.0000,0.9502,0.00,1,classical
2026-08-24T01:06:22,57.47,LOCKED,36.8630,0.0000,0.0000,0.0000,0.9508,0.00,1,classical
2026-08-24T01:06:23,58.48,LOCKED,36.8163,0.0000,0.0000,0.0000,0.9509,0.00,1,classical
2026-08-24T01:06:24,59.88,LOCKED,35.9846,0.0000,0.0000,0.0000,0.9520,0.00,1,classical
2026-08-24T01:06:25,57.47,LOCKED,35.7309,0.0000,0.0000,0.0000,0.9524,0.00,1,classical
2026-08-24T01:06:26,59.88,LOCKED,35.8476,0.0000,0.0000,0.0000,0.9522,0.00,1,classical
2026-08-24T01:06:27,59.52,LOCKED,36.4899,0.0000,0.0000,0.0000,0.9513,0.00,1,classical
2026-08-24T01:06:28,60.98,LOCKED,36.8334,0.0000,0.0000,0.0000,0.9509,0.00,1,classical
2026-08-24T01:06:29,60.24,LOCKED,37.0733,0.0000,0.0000,0.0000,0.9506,0.00,1,classical
2026-08-24T01:06:30,59.88,LOCKED,36.8142,0.0000,0.0000,0.0000,0.9509,0.00,1,classical
2026-08-24T01:06:31,60.61,LOCKED,35.9846,0.0000,0.0000,0.0000,0.9520,0.00,1,classical
2026-08-24T01:06:32,60.61,LOCKED,35.3403,0.0000,0.0000,0.0000,0.9529,0.00,1,classical
2026-08-24T01:06:33,58.14,LOCKED,35.9156,0.0000,0.0000,0.0000,0.9521,0.00,1,classical
2026-08-24T01:06:34,60.24,LOCKED,35.7456,0.0000,0.0000,0.0000,0.9523,0.00,1,classical
2026-08-24T01:06:35,59.88,LOCKED,36.5848,0.0000,0.0000,0.0000,0.9512,0.00,1,classical
2026-08-24T01:06:36,61.35,LOCKED,36.4170,0.0000,0.0000,0.0000,0.9514,0.00,1,classical
2026-08-24T01:06:37,60.24,LOCKED,36.7569,0.0000,0.0000,0.0000,0.9510,0.00,1,classical
2026-08-24T01:06:38,59.17,LOCKED,36.5666,0.0000,0.0000,0.0000,0.9512,0.00,1,classical
2026-08-24T01:06:39,59.52,LOCKED,35.5352,0.0000,0.0000,0.0000,0.9526,0.00,1,classical
2026-08-24T01:06:40,60.98,LOCKED,35.5873,0.0000,0.0000,0.0000,0.9526,0.00,1,classical
2026-08-24T01:06:41,60.98,LOCKED,35.4681,0.0000,0.0000,0.0000,0.9527,0.00,1,classical
2026-08-24T01:06:42,60.24,LOCKED,36.0085,0.0000,0.0000,0.0000,0.9520,0.00,1,classical
2026-08-24T01:06:43,60.24,LOCKED,36.6876,0.0000,0.0000,0.0000,0.9511,0.00,1,classical
2026-08-24T01:06:44,58.48,LOCKED,37.2214,0.0000,0.0000,0.0000,0.9504,0.00,1,classical
2026-08-24T01:06:45,59.88,LOCKED,36.9412,0.0000,0.0000,0.0000,0.9507,0.00,1,classical
2026-08-24T01:06:46,56.18,LOCKED,37.1847,0.0000,0.0000,0.0000,0.9504,0.00,1,classical
2026-08-24T01:06:47,60.24,LOCKED,35.9624,0.0000,0.0000,0.0000,0.9521,0.00,1,classical
2026-08-24T01:06:48,58.48,LOCKED,35.7823,0.0000,0.0000,0.0000,0.9523,0.00,1,classical
2026-08-24T01:06:49,55.56,LOCKED,36.4612,0.0000,0.0000,0.0000,0.9514,0.00,1,classical
2026-08-24T01:06:50,59.52,LOCKED,36.0868,0.0000,0.0000,0.0000,0.9519,0.00,1,classical
2026-08-24T01:06:51,59.52,LOCKED,36.6375,0.0000,0.0000,0.0000,0.9511,0.00,1,classical
2026-08-24T01:06:52,60.98,LOCKED,36.5605,0.0000,0.0000,0.0000,0.9513,0.00,1,classical
2026-08-24T01:06:53,59.52,LOCKED,36.8902,0.0000,0.0000,0.0000,0.9508,0.00,1,classical
2026-08-24T01:06:54,60.24,LOCKED,35.9810,0.0000,0.0000,0.0000,0.9520,0.00,1,classical
2026-08-24T01:06:55,60.98,LOCKED,35.5322,0.0000,0.0000,0.0000,0.9526,0.00,1,classical
2026-08-24T01:06:56,60.98,LOCKED,35.5178,0.0000,0.0000,0.0000,0.9526,0.00,1,classical
2026-08-24T01:06:57,59.52,LOCKED,35.9114,0.0000,0.0000,0.0000,0.9521,0.00,1,classical
2026-08-24T01:06:58,57.80,LOCKED,36.1261,0.0000,0.0000,0.0000,0.9518,0.00,1,classical
2026-08-24T01:06:59,59.88,LOCKED,36.6311,0.0000,0.0000,0.0000,0.9512,0.00,1,classical
2026-08-24T01:07:00,56.50,LOCKED,37.4982,0.0000,0.0000,0.0000,0.9500,0.00,1,classical
2026-08-24T01:07:01,61.73,LOCKED,36.1599,0.0000,0.0000,0.0000,0.9518,0.00,1,classical
2026-08-24T01:07:02,59.52,LOCKED,36.1828,0.0000,0.0000,0.0000,0.9518,0.00,1,classical
2026-08-24T01:07:03,58.48,LOCKED,36.9712,0.0000,0.0000,0.0000,0.9507,0.00,1,classical
2026-08-24T01:07:04,59.17,LOCKED,36.4281,0.0000,0.0000,0.0000,0.9514,0.00,1,classical
2026-08-24T01:07:05,55.56,LOCKED,36.1560,0.0000,0.0000,0.0000,0.9518,0.00,1,classical
2026-08-24T01:07:06,59.52,LOCKED,36.7661,0.0000,0.0000,0.0000,0.9510,0.00,1,classical
2026-08-24T01:07:07,53.76,LOCKED,38.0309,0.0000,0.0000,0.0000,0.9493,0.00,1,classical
2026-08-24T01:07:08,55.56,LOCKED,37.2320,0.0000,0.0000,0.0000,0.9504,0.00,1,classical
2026-08-24T01:07:09,59.52,LOCKED,36.7822,0.0000,0.0000,0.0000,0.9510,0.00,1,classical
2026-08-24T01:07:10,59.88,LOCKED,35.9792,0.0000,0.0000,0.0000,0.9520,0.00,1,classical
2026-08-24T01:07:11,58.82,LOCKED,36.3261,0.0000,0.0000,0.0000,0.9516,0.00,1,classical
2026-08-24T01:07:12,54.95,LOCKED,36.3223,0.0000,0.0000,0.0000,0.9516,0.00,1,classical
2026-08-24T01:07:13,53.48,LOCKED,36.5359,0.0000,0.0000,0.0000,0.9513,0.00,1,classical
2026-08-24T01:07:14,54.95,LOCKED,36.7975,0.0000,0.0000,0.0000,0.9509,0.00,1,classical
2026-08-24T01:07:15,51.02,LOCKED,37.9509,0.0000,0.0000,0.0000,0.9494,0.00,1,classical
2026-08-24T01:07:16,54.64,LOCKED,37.1036,0.0000,0.0000,0.0000,0.9505,0.00,1,classical
2026-08-24T01:07:17,59.17,LOCKED,36.4145,0.0000,0.0000,0.0000,0.9514,0.00,1,classical
2026-08-24T01:07:18,56.50,LOCKED,36.4423,0.0000,0.0000,0.0000,0.9514,0.00,1,classical
2026-08-24T01:07:19,60.98,LOCKED,35.3659,0.0000,0.0000,0.0000,0.9528,0.00,1,classical
2026-08-24T01:07:20,59.52,LOCKED,35.9244,0.0000,0.0000,0.0000,0.9521,0.00,1,classical
2026-08-24T01:07:21,60.24,LOCKED,35.9946,0.0000,0.0000,0.0000,0.9520,0.00,1,classical
2026-08-24T01:07:22,60.98,LOCKED,36.2774,0.0000,0.0000,0.0000,0.9516,0.00,1,classical
2026-08-24T01:07:23,58.82,LOCKED,37.0541,0.0000,0.0000,0.0000,0.9506,0.00,1,classical
2026-08-24T01:07:24,59.88,LOCKED,36.6506,0.0000,0.0000,0.0000,0.9511,0.00,1,classical
2026-08-24T01:07:25,59.52,LOCKED,36.6556,0.0000,0.0000,0.0000,0.9511,0.00,1,classical
2026-08-24T01:07:26,58.48,LOCKED,35.8319,0.0000,0.0000,0.0000,0.9522,0.00,1,classical
2026-08-24T01:07:27,58.48,LOCKED,35.8133,0.0000,0.0000,0.0000,0.9522,0.00,1,classical
2026-08-24T01:07:28,59.88,LOCKED,35.5574,0.0000,0.0000,0.0000,0.9526,0.00,1,classical
2026-08-24T01:07:29,60.61,LOCKED,36.3195,0.0000,0.0000,0.0000,0.9516,0.00,1,classical
2026-08-24T01:07:30,60.24,LOCKED,36.7690,0.0000,0.0000,0.0000,0.9510,0.00,1,classical
2026-08-24T01:07:31,60.24,LOCKED,37.0894,0.0000,0.0000,0.0000,0.9505,0.00,1,classical
2026-08-24T01:07:32,60.24,LOCKED,36.8926,0.0000,0.0000,0.0000,0.9508,0.00,1,classical
2026-08-24T01:07:33,57.80,LOCKED,36.6964,0.0000,0.0000,0.0000,0.9511,0.00,1,classical
2026-08-24T01:07:34,59.17,LOCKED,35.8865,0.0000,0.0000,0.0000,0.9522,0.00,1,classical
2026-08-24T01:07:35,59.17,LOCKED,35.5493,0.0000,0.0000,0.0000,0.9526,0.00,1,classical
2026-08-24T01:07:36,61.35,LOCKED,35.5564,0.0000,0.0000,0.0000,0.9526,0.00,1,classical
2026-08-24T01:07:37,58.14,LOCKED,36.2977,0.0000,0.0000,0.0000,0.9516,0.00,1,classical
2026-08-24T01:07:38,60.98,LOCKED,36.5699,0.0000,0.0000,0.0000,0.9512,0.00,1,classical
2026-08-24T01:07:39,58.14,LOCKED,37.1972,0.0000,0.0000,0.0000,0.9504,0.00,1,classical
2026-08-24T01:07:40,59.88,LOCKED,36.3309,0.0000,0.0000,0.0000,0.9516,0.00,1,classical
2026-08-24T01:07:41,59.17,LOCKED,36.3290,0.0000,0.0000,0.0000,0.9516,0.00,1,classical
2026-08-24T01:07:42,60.61,LOCKED,35.7252,0.0000,0.0000,0.0000,0.9524,0.00,1,classical
2026-08-24T01:07:43,55.56,LOCKED,36.2681,0.0000,0.0000,0.0000,0.9516,0.00,1,classical
2026-08-24T01:07:44,54.05,LOCKED,37.2551,0.0000,0.0000,0.0000,0.9503,0.00,1,classical
2026-08-24T01:07:45,53.76,LOCKED,37.3632,0.0000,0.0000,0.0000,0.9502,0.00,1,classical
2026-08-24T01:07:46,59.17,LOCKED,37.1049,0.0000,0.0000,0.0000,0.9505,0.00,1,classical
2026-08-24T01:07:47,57.14,LOCKED,37.1860,0.0000,0.0000,0.0000,0.9504,0.00,1,classical
2026-08-24T01:07:48,60.24,LOCKED,36.4540,0.0000,0.0000,0.0000,0.9514,0.00,1,classical
2026-08-24T01:07:49,60.24,LOCKED,35.8638,0.0000,0.0000,0.0000,0.9522,0.00,1,classical
2026-08-24T01:07:50,59.52,LOCKED,35.6383,0.0000,0.0000,0.0000,0.9525,0.00,1,classical
2026-08-24T01:07:51,58.14,LOCKED,35.7509,0.0000,0.0000,0.0000,0.9523,0.00,1,classical
2026-08-24T01:07:53,55.25,LOCKED,36.0960,0.0000,0.0000,0.0000,0.9519,0.00,1,classical
2026-08-24T01:07:54,57.80,LOCKED,36.5848,0.0000,0.0000,0.0000,0.9512,0.00,1,classical
2026-08-24T01:07:55,58.14,LOCKED,37.3703,0.0000,0.0000,0.0000,0.9502,0.00,1,classical
2026-08-24T01:07:56,57.80,LOCKED,37.1417,0.0000,0.0000,0.0000,0.9505,0.00,1,classical
2026-08-24T01:07:57,58.48,LOCKED,36.8361,0.0000,0.0000,0.0000,0.9509,0.00,1,classical
2026-08-24T01:07:58,56.82,LOCKED,36.9763,0.0000,0.0000,0.0000,0.9507,0.00,1,classical
2026-08-24T01:07:59,57.14,LOCKED,36.1489,0.0000,0.0000,0.0000,0.9518,0.00,1,classical
2026-08-24T01:08:00,59.52,LOCKED,35.7959,0.0000,0.0000,0.0000,0.9523,0.00,1,classical
2026-08-24T01:08:01,59.17,LOCKED,36.1688,0.0000,0.0000,0.0000,0.9518,0.00,1,classical
2026-08-24T01:08:02,59.17,LOCKED,36.6241,0.0000,0.0000,0.0000,0.9512,0.00,1,classical
2026-08-24T01:08:03,61.35,LOCKED,37.0029,0.0000,0.0000,0.0000,0.9507,0.00,1,classical
2026-08-24T01:08:04,57.47,LOCKED,37.5329,0.0000,0.0000,0.0000,0.9500,0.00,1,classical
2026-08-24T01:08:05,57.80,LOCKED,36.8617,0.0000,0.0000,0.0000,0.9509,0.00,1,classical
2026-08-24T01:08:06,56.50,LOCKED,36.5240,0.0000,0.0000,0.0000,0.9513,0.00,1,classical
2026-08-24T01:08:07,57.80,LOCKED,35.7629,0.0000,0.0000,0.0000,0.9523,0.00,1,classical
2026-08-24T01:08:08,59.52,LOCKED,35.2077,0.0000,0.0000,0.0000,0.9531,0.00,1,classical
2026-08-24T01:08:09,55.87,LOCKED,36.6262,0.0000,0.0000,0.0000,0.9512,0.00,1,classical
2026-08-24T01:08:10,56.82,LOCKED,37.1180,0.0000,0.0000,0.0000,0.9505,0.00,1,classical
2026-08-24T01:08:11,56.50,LOCKED,36.8468,0.0000,0.0000,0.0000,0.9509,0.00,1,classical
2026-08-24T01:08:12,51.55,LOCKED,36.7642,0.0000,0.0000,0.0000,0.9510,0.00,1,classical
2026-08-24T01:08:13,60.98,LOCKED,35.6522,0.0000,0.0000,0.0000,0.9525,0.00,1,classical
2026-08-24T01:08:14,57.80,LOCKED,35.4644,0.0000,0.0000,0.0000,0.9527,0.00,1,classical
2026-08-24T01:08:15,60.61,LOCKED,36.7850,0.0000,0.0000,0.0000,0.9510,0.00,1,classical
2026-08-24T01:08:16,59.88,LOCKED,34.4732,0.0000,0.0000,0.0000,0.9540,0.00,1,classical
2026-08-24T01:08:17,59.17,LOCKED,35.9984,0.0000,0.0000,0.0000,0.9520,0.00,1,classical
2026-08-24T01:08:18,58.14,LOCKED,37.3026,0.0000,0.0000,0.0000,0.9503,0.00,1,classical
2026-08-24T01:08:19,60.24,LOCKED,37.3856,0.0000,0.0000,0.0000,0.9502,0.00,1,classical
2026-08-24T01:08:20,59.52,LOCKED,37.0212,0.0000,0.0000,0.0000,0.9506,0.00,1,classical
2026-08-24T01:08:21,57.80,LOCKED,36.2196,0.0000,0.0000,0.0000,0.9517,0.00,1,classical
2026-08-24T01:08:22,57.14,LOCKED,36.1890,0.0000,0.0000,0.0000,0.9517,0.00,1,classical
2026-08-24T01:08:23,56.82,LOCKED,35.9438,0.0000,0.0000,0.0000,0.9521,0.00,1,classical
2026-08-24T01:08:24,55.56,LOCKED,36.3491,0.0000,0.0000,0.0000,0.9515,0.00,1,classical
2026-08-24T01:08:25,58.14,LOCKED,36.8457,0.0000,0.0000,0.0000,0.9509,0.00,1,classical
2026-08-24T01:08:26,58.48,LOCKED,37.5676,0.0000,0.0000,0.0000,0.9499,0.00,1,classical
2026-08-24T01:08:27,59.17,LOCKED,37.3293,0.0000,0.0000,0.0000,0.9502,0.00,1,classical
2026-08-24T01:08:28,55.25,LOCKED,37.7797,0.0000,0.0000,0.0000,0.9496,0.00,1,classical
2026-08-24T01:08:29,59.17,LOCKED,36.0094,0.0000,0.0000,0.0000,0.9520,0.00,1,classical
2026-08-24T01:08:30,56.18,LOCKED,36.3069,0.0000,0.0000,0.0000,0.9516,0.00,1,classical
2026-08-24T01:08:31,57.80,LOCKED,35.8931,0.0000,0.0000,0.0000,0.9521,0.00,1,classical
2026-08-24T01:08:32,58.14,LOCKED,36.0218,0.0000,0.0000,0.0000,0.9520,0.00,1,classical
2026-08-24T01:08:33,59.52,LOCKED,37.0815,0.0000,0.0000,0.0000,0.9506,0.00,1,classical
2026-08-24T01:08:34,57.80,LOCKED,37.7515,0.0000,0.0000,0.0000,0.9497,0.00,1,classical
2026-08-24T01:08:35,55.56,LOCKED,37.8929,0.0000,0.0000,0.0000,0.9495,0.00,1,classical
2026-08-24T01:08:36,57.14,LOCKED,37.1782,0.0000,0.0000,0.0000,0.9504,0.00,1,classical
2026-08-24T01:08:37,57.14,LOCKED,36.0298,0.0000,0.0000,0.0000,0.9520,0.00,1,classical
2026-08-24T01:08:38,57.14,LOCKED,35.9091,0.0000,0.0000,0.0000,0.9521,0.00,1,classical
2026-08-24T01:08:39,56.18,LOCKED,36.2941,0.0000,0.0000,0.0000,0.9516,0.00,1,classical
2026-08-24T01:08:40,58.82,LOCKED,36.7092,0.0000,0.0000,0.0000,0.9511,0.00,1,classical
2026-08-24T01:08:41,58.14,LOCKED,37.6119,0.0000,0.0000,0.0000,0.9499,0.00,1,classical
2026-08-24T01:08:42,56.50,LOCKED,37.7182,0.0000,0.0000,0.0000,0.9497,0.00,1,classical
2026-08-24T01:08:43,59.17,LOCKED,36.8180,0.0000,0.0000,0.0000,0.9509,0.00,1,classical
2026-08-24T01:08:44,60.98,LOCKED,36.7220,0.0000,0.0000,0.0000,0.9510,0.00,1,classical
2026-08-24T01:08:45,59.88,LOCKED,36.2362,0.0000,0.0000,0.0000,0.9517,0.00,1,classical
2026-08-24T01:08:46,59.17,LOCKED,35.4687,0.0000,0.0000,0.0000,0.9527,0.00,1,classical
2026-08-24T01:08:47,60.24,LOCKED,35.6455,0.0000,0.0000,0.0000,0.9525,0.00,1,classical
2026-08-24T01:08:48,60.98,LOCKED,35.8809,0.0000,0.0000,0.0000,0.9522,0.00,1,classical
2026-08-24T01:08:49,59.52,LOCKED,36.8448,0.0000,0.0000,0.0000,0.9509,0.00,1,classical
2026-08-24T01:08:50,59.88,LOCKED,36.8402,0.0000,0.0000,0.0000,0.9509,0.00,1,classical
2026-08-24T01:08:51,58.48,LOCKED,36.9583,0.0000,0.0000,0.0000,0.9507,0.00,1,classical
2026-08-24T01:08:52,59.88,LOCKED,36.2181,0.0000,0.0000,0.0000,0.9517,0.00,1,classical
2026-08-24T01:08:53,60.61,LOCKED,35.5363,0.0000,0.0000,0.0000,0.9526,0.00,1,classical
2026-08-24T01:08:54,59.17,LOCKED,35.5165,0.0000,0.0000,0.0000,0.9526,0.00,1,classical
2026-08-24T01:08:55,58.82,LOCKED,35.6334,0.0000,0.0000,0.0000,0.9525,0.00,1,classical
2026-08-24T01:08:56,58.82,LOCKED,36.1456,0.0000,0.0000,0.0000,0.9518,0.00,1,classical
2026-08-24T01:08:57,60.61,LOCKED,36.3880,0.0000,0.0000,0.0000,0.9515,0.00,1,classical
2026-08-24T01:08:58,58.82,LOCKED,36.9530,0.0000,0.0000,0.0000,0.9507,0.00,1,classical
2026-08-24T01:08:59,59.88,LOCKED,36.8938,0.0000,0.0000,0.0000,0.9508,0.00,1,classical
2026-08-24T01:09:00,58.82,LOCKED,36.0826,0.0000,0.0000,0.0000,0.9519,0.00,1,classical
2026-08-24T01:09:01,59.88,LOCKED,36.2562,0.0000,0.0000,0.0000,0.9517,0.00,1,classical
2026-08-24T01:09:02,58.82,LOCKED,35.7059,0.0000,0.0000,0.0000,0.9524,0.00,1,classical
2026-08-24T01:09:03,57.47,LOCKED,35.9609,0.0000,0.0000,0.0000,0.9521,0.00,1,classical
2026-08-24T01:09:04,57.47,LOCKED,36.9221,0.0000,0.0000,0.0000,0.9508,0.00,1,classical
2026-08-24T01:09:05,58.82,LOCKED,36.7235,0.0000,0.0000,0.0000,0.9510,0.00,1,classical
2026-08-24T01:09:06,58.14,LOCKED,37.2799,0.0000,0.0000,0.0000,0.9503,0.00,1,classical
2026-08-24T01:09:07,56.18,LOCKED,37.2981,0.0000,0.0000,0.0000,0.9503,0.00,1,classical
2026-08-24T01:09:08,60.98,LOCKED,35.6792,0.0000,0.0000,0.0000,0.9524,0.00,1,classical
2026-08-24T01:09:09,61.35,LOCKED,35.6735,0.0000,0.0000,0.0000,0.9524,0.00,1,classical
2026-08-24T01:09:10,61.73,LOCKED,35.4063,0.0000,0.0000,0.0000,0.9528,0.00,1,classical
2026-08-24T01:09:11,61.35,LOCKED,35.8211,0.0000,0.0000,0.0000,0.9522,0.00,1,classical
2026-08-24T01:09:12,59.17,LOCKED,36.8636,0.0000,0.0000,0.0000,0.9508,0.00,1,classical
2026-08-24T01:09:13,59.17,LOCKED,37.1932,0.0000,0.0000,0.0000,0.9504,0.00,1,classical
2026-08-24T01:09:14,59.88,LOCKED,36.9589,0.0000,0.0000,0.0000,0.9507,0.00,1,classical
2026-08-24T01:09:15,60.24,LOCKED,36.3166,0.0000,0.0000,0.0000,0.9516,0.00,1,classical
2026-08-24T01:09:16,60.61,LOCKED,35.8466,0.0000,0.0000,0.0000,0.9522,0.00,1,classical
2026-08-24T01:09:17,59.88,LOCKED,35.4848,0.0000,0.0000,0.0000,0.9527,0.00,1,classical
2026-08-24T01:09:18,60.24,LOCKED,35.8151,0.0000,0.0000,0.0000,0.9522,0.00,1,classical
2026-08-24T01:09:19,58.82,LOCKED,36.5318,0.0000,0.0000,0.0000,0.9513,0.00,1,classical
2026-08-24T01:09:20,59.88,LOCKED,36.8244,0.0000,0.0000,0.0000,0.9509,0.00,1,classical
2026-08-24T01:09:21,60.61,LOCKED,36.8569,0.0000,0.0000,0.0000,0.9509,0.00,1,classical
2026-08-24T01:09:22,60.61,LOCKED,36.9222,0.0000,0.0000,0.0000,0.9508,0.00,1,classical
2026-08-24T01:09:23,58.48,LOCKED,36.8314,0.0000,0.0000,0.0000,0.9509,0.00,1,classical
2026-08-24T01:09:24,59.52,LOCKED,36.1888,0.0000,0.0000,0.0000,0.9517,0.00,1,classical
2026-08-24T01:09:25,58.82,LOCKED,35.8318,0.0000,0.0000,0.0000,0.9522,0.00,1,classical
2026-08-24T01:09:26,59.52,LOCKED,36.0017,0.0000,0.0000,0.0000,0.9520,0.00,1,classical
2026-08-24T01:09:27,60.61,LOCKED,36.0336,0.0000,0.0000,0.0000,0.9520,0.00,1,classical
2026-08-24T01:09:28,60.61,LOCKED,36.6152,0.0000,0.0000,0.0000,0.9512,0.00,1,classical
2026-08-24T01:09:29,59.52,LOCKED,37.1363,0.0000,0.0000,0.0000,0.9505,0.00,1,classical
2026-08-24T01:09:30,59.52,LOCKED,36.7306,0.0000,0.0000,0.0000,0.9510,0.00,1,classical
2026-08-24T01:09:31,59.88,LOCKED,35.9795,0.0000,0.0000,0.0000,0.9520,0.00,1,classical
2026-08-24T01:09:32,60.24,LOCKED,35.5377,0.0000,0.0000,0.0000,0.9526,0.00,1,classical
2026-08-24T01:09:33,60.61,LOCKED,35.7853,0.0000,0.0000,0.0000,0.9523,0.00,1,classical
2026-08-24T01:09:34,59.17,LOCKED,36.3092,0.0000,0.0000,0.0000,0.9516,0.00,1,classical
2026-08-24T01:09:35,60.61,LOCKED,36.4007,0.0000,0.0000,0.0000,0.9515,0.00,1,classical
2026-08-24T01:09:36,60.24,LOCKED,36.7030,0.0000,0.0000,0.0000,0.9511,0.00,1,classical
2026-08-24T01:09:37,60.24,LOCKED,37.1170,0.0000,0.0000,0.0000,0.9505,0.00,1,classical
2026-08-24T01:09:38,59.88,LOCKED,36.5207,0.0000,0.0000,0.0000,0.9513,0.00,1,classical
2026-08-24T01:09:39,59.52,LOCKED,36.4355,0.0000,0.0000,0.0000,0.9514,0.00,1,classical
2026-08-24T01:09:40,56.18,LOCKED,36.5771,0.0000,0.0000,0.0000,0.9512,0.00,1,classical
2026-08-24T01:09:41,57.80,LOCKED,35.6900,0.0000,0.0000,0.0000,0.9524,0.00,1,classical
2026-08-24T01:09:42,59.17,LOCKED,36.6058,0.0000,0.0000,0.0000,0.9512,0.00,1,classical
2026-08-24T01:09:43,57.80,LOCKED,36.9523,0.0000,0.0000,0.0000,0.9507,0.00,1,classical
2026-08-24T01:09:44,57.80,LOCKED,37.2628,0.0000,0.0000,0.0000,0.9503,0.00,1,classical
2026-08-24T01:09:45,61.35,LOCKED,37.0344,0.0000,0.0000,0.0000,0.9506,0.00,1,classical
2026-08-24T01:09:46,59.88,LOCKED,36.7170,0.0000,0.0000,0.0000,0.9510,0.00,1,classical
2026-08-24T01:09:47,59.17,LOCKED,36.2372,0.0000,0.0000,0.0000,0.9517,0.00,1,classical
2026-08-24T01:09:48,59.52,LOCKED,35.4383,0.0000,0.0000,0.0000,0.9527,0.00,1,classical
2026-08-24T01:09:49,60.24,LOCKED,35.3995,0.0000,0.0000,0.0000,0.9528,0.00,1,classical
2026-08-24T01:09:50,59.17,LOCKED,36.1159,0.0000,0.0000,0.0000,0.9518,0.00,1,classical
2026-08-24T01:09:51,60.24,LOCKED,36.2893,0.0000,0.0000,0.0000,0.9516,0.00,1,classical
2026-08-24T01:09:52,59.88,LOCKED,37.5472,0.0000,0.0000,0.0000,0.9499,0.00,1,classical
2026-08-24T01:09:53,59.88,LOCKED,36.8444,0.0000,0.0000,0.0000,0.9509,0.00,1,classical
2026-08-24T01:09:54,58.48,LOCKED,36.7179,0.0000,0.0000,0.0000,0.9510,0.00,1,classical
2026-08-24T01:09:55,59.88,LOCKED,36.0048,0.0000,0.0000,0.0000,0.9520,0.00,1,classical
2026-08-24T01:09:56,60.24,LOCKED,35.6311,0.0000,0.0000,0.0000,0.9525,0.00,1,classical
2026-08-24T01:09:57,60.61,LOCKED,36.1327,0.0000,0.0000,0.0000,0.9518,0.00,1,classical
2026-08-24T01:09:59,59.52,LOCKED,36.6657,0.0000,0.0000,0.0000,0.9511,0.00,1,classical
2026-08-24T01:09:59,58.48,LOCKED,37.2179,0.0000,0.0000,0.0000,0.9504,0.00,1,classical
2026-08-24T01:10:01,56.50,LOCKED,37.2730,0.0000,0.0000,0.0000,0.9503,0.00,1,classical
2026-08-24T01:10:01,59.17,LOCKED,37.0501,0.0000,0.0000,0.0000,0.9506,0.00,1,classical
2026-08-24T01:10:03,60.98,LOCKED,36.1870,0.0000,0.0000,0.0000,0.9518,0.00,1,classical
2026-08-24T01:10:04,59.88,LOCKED,36.1727,0.0000,0.0000,0.0000,0.9518,0.00,1,classical
2026-08-24T01:10:05,55.25,LOCKED,36.8294,0.0000,0.0000,0.0000,0.9509,0.00,1,classical
2026-08-24T01:10:06,56.82,LOCKED,35.6919,0.0000,0.0000,0.0000,0.9524,0.00,1,classical
2026-08-24T01:10:07,59.17,LOCKED,36.1492,0.0000,0.0000,0.0000,0.9518,0.00,1,classical
2026-08-24T01:10:08,55.25,LOCKED,37.5808,0.0000,0.0000,0.0000,0.9499,0.00,1,classical
2026-08-24T01:10:09,61.35,LOCKED,36.3409,0.0000,0.0000,0.0000,0.9515,0.00,1,classical
2026-08-24T01:10:10,59.88,LOCKED,36.8928,0.0000,0.0000,0.0000,0.9508,0.00,1,classical
2026-08-24T01:10:11,53.48,LOCKED,36.9977,0.0000,0.0000,0.0000,0.9507,0.00,1,classical
2026-08-24T01:10:12,57.47,LOCKED,35.4429,0.0000,0.0000,0.0000,0.9527,0.00,1,classical
2026-08-24T01:10:13,60.24,LOCKED,35.1818,0.0000,0.0000,0.0000,0.9531,0.00,1,classical
2026-08-24T01:10:14,57.47,LOCKED,36.4631,0.0000,0.0000,0.0000,0.9514,0.00,1,classical
2026-08-24T01:10:15,59.88,LOCKED,36.4932,0.0000,0.0000,0.0000,0.9513,0.00,1,classical
2026-08-24T01:10:16,60.24,LOCKED,36.9159,0.0000,0.0000,0.0000,0.9508,0.00,1,classical
2026-08-24T01:10:17,59.52,LOCKED,36.8027,0.0000,0.0000,0.0000,0.9509,0.00,1,classical
2026-08-24T01:10:18,58.82,LOCKED,36.4184,0.0000,0.0000,0.0000,0.9514,0.00,1,classical
2026-08-24T01:10:19,60.98,LOCKED,35.7568,0.0000,0.0000,0.0000,0.9523,0.00,1,classical
2026-08-24T01:10:20,58.82,LOCKED,35.9440,0.0000,0.0000,0.0000,0.9521,0.00,1,classical
2026-08-24T01:10:21,59.52,LOCKED,35.8083,0.0000,0.0000,0.0000,0.9523,0.00,1,classical
2026-08-24T01:10:22,60.98,LOCKED,36.0150,0.0000,0.0000,0.0000,0.9520,0.00,1,classical
2026-08-24T01:10:23,59.88,LOCKED,37.0572,0.0000,0.0000,0.0000,0.9506,0.00,1,classical
2026-08-24T01:10:24,55.25,LOCKED,37.1450,0.0000,0.0000,0.0000,0.9505,0.00,1,classical
2026-08-24T01:10:25,58.14,LOCKED,36.9007,0.0000,0.0000,0.0000,0.9508,0.00,1,classical
2026-08-24T01:10:26,59.88,LOCKED,37.2719,0.0000,0.0000,0.0000,0.9503,0.00,1,classical
2026-08-24T01:10:27,59.88,LOCKED,36.0561,0.0000,0.0000,0.0000,0.9519,0.00,1,classical
2026-08-24T01:10:28,60.24,LOCKED,35.4320,0.0000,0.0000,0.0000,0.9528,0.00,1,classical
2026-08-24T01:10:29,60.24,LOCKED,35.8141,0.0000,0.0000,0.0000,0.9522,0.00,1,classical
2026-08-24T01:10:30,59.17,LOCKED,36.3754,0.0000,0.0000,0.0000,0.9515,0.00,1,classical
2026-08-24T01:10:31,57.47,LOCKED,36.9468,0.0000,0.0000,0.0000,0.9507,0.00,1,classical
2026-08-24T01:10:32,57.47,LOCKED,37.6658,0.0000,0.0000,0.0000,0.9498,0.00,1,classical
2026-08-24T01:10:33,54.64,LOCKED,37.8719,0.0000,0.0000,0.0000,0.9495,0.00,1,classical
2026-08-24T01:10:34,56.18,LOCKED,36.7204,0.0000,0.0000,0.0000,0.9510,0.00,1,classical
2026-08-24T01:10:35,58.14,LOCKED,35.8472,0.0000,0.0000,0.0000,0.9522,0.00,1,classical
2026-08-24T01:10:36,60.24,LOCKED,35.5030,0.0000,0.0000,0.0000,0.9527,0.00,1,classical
2026-08-24T01:10:37,59.52,LOCKED,35.6522,0.0000,0.0000,0.0000,0.9525,0.00,1,classical
2026-08-24T01:10:38,60.61,LOCKED,35.8180,0.0000,0.0000,0.0000,0.9522,0.00,1,classical
2026-08-24T01:10:39,57.47,LOCKED,37.4528,0.0000,0.0000,0.0000,0.9501,0.00,1,classical
2026-08-24T01:10:40,55.87,LOCKED,37.6107,0.0000,0.0000,0.0000,0.9499,0.00,1,classical
2026-08-24T01:10:41,60.98,LOCKED,36.7158,0.0000,0.0000,0.0000,0.9510,0.00,1,classical
2026-08-24T01:10:42,60.61,LOCKED,36.3975,0.0000,0.0000,0.0000,0.9515,0.00,1,classical
2026-08-24T01:10:43,59.52,LOCKED,35.9855,0.0000,0.0000,0.0000,0.9520,0.00,1,classical
2026-08-24T01:10:44,60.24,LOCKED,36.1478,0.0000,0.0000,0.0000,0.9518,0.00,1,classical
2026-08-24T01:10:45,57.14,LOCKED,36.1363,0.0000,0.0000,0.0000,0.9518,0.00,1,classical
2026-08-24T01:10:46,60.24,LOCKED,36.5611,0.0000,0.0000,0.0000,0.9513,0.00,1,classical
2026-08-24T01:10:47,59.17,LOCKED,37.0382,0.0000,0.0000,0.0000,0.9506,0.00,1,classical
2026-08-24T01:10:48,60.61,LOCKED,36.9656,0.0000,0.0000,0.0000,0.9507,0.00,1,classical
2026-08-24T01:10:49,60.61,LOCKED,36.9241,0.0000,0.0000,0.0000,0.9508,0.00,1,classical
2026-08-24T01:10:50,58.48,LOCKED,36.8415,0.0000,0.0000,0.0000,0.9509,0.00,1,classical
2026-08-24T01:10:51,60.61,LOCKED,35.7403,0.0000,0.0000,0.0000,0.9523,0.00,1,classical
2026-08-24T01:10:52,58.82,LOCKED,36.0558,0.0000,0.0000,0.0000,0.9519,0.00,1,classical
2026-08-24T01:10:53,59.52,LOCKED,35.6780,0.0000,0.0000,0.0000,0.9524,0.00,1,classical
2026-08-24T01:10:54,60.98,LOCKED,36.2412,0.0000,0.0000,0.0000,0.9517,0.00,1,classical
2026-08-24T01:10:55,60.24,LOCKED,36.7064,0.0000,0.0000,0.0000,0.9511,0.00,1,classical
2026-08-24T01:10:56,60.61,LOCKED,37.1271,0.0000,0.0000,0.0000,0.9505,0.00,1,classical
2026-08-24T01:10:57,61.35,LOCKED,36.5361,0.0000,0.0000,0.0000,0.9513,0.00,1,classical
2026-08-24T01:10:58,59.88,LOCKED,36.1506,0.0000,0.0000,0.0000,0.9518,0.00,1,classical
2026-08-24T01:10:59,59.17,LOCKED,35.6308,0.0000,0.0000,0.0000,0.9525,0.00,1,classical
2026-08-24T01:11:00,60.61,LOCKED,35.5814,0.0000,0.0000,0.0000,0.9526,0.00,1,classical
2026-08-24T01:11:01,60.24,LOCKED,35.9213,0.0000,0.0000,0.0000,0.9521,0.00,1,classical
2026-08-24T01:11:02,60.98,LOCKED,36.6063,0.0000,0.0000,0.0000,0.9512,0.00,1,classical
2026-08-24T01:11:03,60.61,LOCKED,36.6834,0.0000,0.0000,0.0000,0.9511,0.00,1,classical
2026-08-24T01:11:04,59.88,LOCKED,37.0907,0.0000,0.0000,0.0000,0.9505,0.00,1,classical
2026-08-24T01:11:05,58.14,LOCKED,36.8336,0.0000,0.0000,0.0000,0.9509,0.00,1,classical
2026-08-24T01:11:06,55.87,LOCKED,36.6752,0.0000,0.0000,0.0000,0.9511,0.00,1,classical
2026-08-24T01:11:07,57.14,LOCKED,36.0417,0.0000,0.0000,0.0000,0.9519,0.00,1,classical
2026-08-24T01:11:08,57.80,LOCKED,35.8696,0.0000,0.0000,0.0000,0.9522,0.00,1,classical
2026-08-24T01:11:09,59.17,LOCKED,36.3723,0.0000,0.0000,0.0000,0.9515,0.00,1,classical
2026-08-24T01:11:10,59.17,LOCKED,36.5667,0.0000,0.0000,0.0000,0.9512,0.00,1,classical
2026-08-24T01:11:11,59.17,LOCKED,36.8510,0.0000,0.0000,0.0000,0.9509,0.00,1,classical
2026-08-24T01:11:12,59.17,LOCKED,36.5281,0.0000,0.0000,0.0000,0.9513,0.00,1,classical
2026-08-24T01:11:13,60.61,LOCKED,36.0433,0.0000,0.0000,0.0000,0.9519,0.00,1,classical
2026-08-24T01:11:14,57.80,LOCKED,36.6872,0.0000,0.0000,0.0000,0.9511,0.00,1,classical
2026-08-24T01:11:15,57.80,LOCKED,35.3251,0.0000,0.0000,0.0000,0.9529,0.00,1,classical
2026-08-24T01:11:16,57.80,LOCKED,35.9655,0.0000,0.0000,0.0000,0.9520,0.00,1,classical
2026-08-24T01:11:17,59.88,LOCKED,36.4344,0.0000,0.0000,0.0000,0.9514,0.00,1,classical
2026-08-24T01:11:18,59.17,LOCKED,37.2492,0.0000,0.0000,0.0000,0.9503,0.00,1,classical
2026-08-24T01:11:19,59.88,LOCKED,36.9596,0.0000,0.0000,0.0000,0.9507,0.00,1,classical
2026-08-24T01:11:20,59.52,LOCKED,36.8068,0.0000,0.0000,0.0000,0.9509,0.00,1,classical
2026-08-24T01:11:21,59.88,LOCKED,36.2928,0.0000,0.0000,0.0000,0.9516,0.00,1,classical
2026-08-24T01:11:22,61.35,LOCKED,35.5472,0.0000,0.0000,0.0000,0.9526,0.00,1,classical
2026-08-24T01:11:23,59.52,LOCKED,35.5967,0.0000,0.0000,0.0000,0.9525,0.00,1,classical
2026-08-24T01:11:24,59.52,LOCKED,35.5949,0.0000,0.0000,0.0000,0.9525,0.00,1,classical
2026-08-24T01:11:25,60.24,LOCKED,36.3819,0.0000,0.0000,0.0000,0.9515,0.00,1,classical
2026-08-24T01:11:26,60.98,LOCKED,36.8639,0.0000,0.0000,0.0000,0.9508,0.00,1,classical
2026-08-24T01:11:27,58.82,LOCKED,37.2291,0.0000,0.0000,0.0000,0.9504,0.00,1,classical
2026-08-24T01:11:28,56.18,LOCKED,37.8126,0.0000,0.0000,0.0000,0.9496,0.00,1,classical
2026-08-24T01:11:29,55.87,LOCKED,36.9495,0.0000,0.0000,0.0000,0.9507,0.00,1,classical
2026-08-24T01:11:30,58.14,LOCKED,36.0450,0.0000,0.0000,0.0000,0.9519,0.00,1,classical
2026-08-24T01:11:31,58.14,LOCKED,35.9129,0.0000,0.0000,0.0000,0.9521,0.00,1,classical
2026-08-24T01:11:32,56.82,LOCKED,36.8166,0.0000,0.0000,0.0000,0.9509,0.00,1,classical
2026-08-24T01:11:33,58.14,LOCKED,37.0614,0.0000,0.0000,0.0000,0.9506,0.00,1,classical
2026-08-24T01:11:34,60.98,LOCKED,36.7321,0.0000,0.0000,0.0000,0.9510,0.00,1,classical
2026-08-24T01:11:35,59.17,LOCKED,37.1114,0.0000,0.0000,0.0000,0.9505,0.00,1,classical
2026-08-24T01:11:36,57.47,LOCKED,36.6970,0.0000,0.0000,0.0000,0.9511,0.00,1,classical
2026-08-24T01:11:37,60.98,LOCKED,36.0918,0.0000,0.0000,0.0000,0.9519,0.00,1,classical
2026-08-24T01:11:38,59.52,LOCKED,35.4962,0.0000,0.0000,0.0000,0.9527,0.00,1,classical
2026-08-24T01:11:39,60.61,LOCKED,35.3111,0.0000,0.0000,0.0000,0.9529,0.00,1,classical
2026-08-24T01:11:40,59.52,LOCKED,36.1551,0.0000,0.0000,0.0000,0.9518,0.00,1,classical
2026-08-24T01:11:41,59.88,LOCKED,36.2719,0.0000,0.0000,0.0000,0.9516,0.00,1,classical
2026-08-24T01:11:42,59.88,LOCKED,36.7697,0.0000,0.0000,0.0000,0.9510,0.00,1,classical
2026-08-24T01:11:43,60.61,LOCKED,37.0839,0.0000,0.0000,0.0000,0.9506,0.00,1,classical
2026-08-24T01:11:44,59.17,LOCKED,36.6408,0.0000,0.0000,0.0000,0.9511,0.00,1,classical
2026-08-24T01:11:45,57.47,LOCKED,36.9776,0.0000,0.0000,0.0000,0.9507,0.00,1,classical
2026-08-24T01:11:46,59.52,LOCKED,35.6422,0.0000,0.0000,0.0000,0.9525,0.00,1,classical
2026-08-24T01:11:47,61.73,LOCKED,35.4059,0.0000,0.0000,0.0000,0.9528,0.00,1,classical
2026-08-24T01:11:48,59.52,LOCKED,36.1368,0.0000,0.0000,0.0000,0.9518,0.00,1,classical
2026-08-24T01:11:49,59.17,LOCKED,36.6806,0.0000,0.0000,0.0000,0.9511,0.00,1,classical
2026-08-24T01:11:50,60.61,LOCKED,37.0020,0.0000,0.0000,0.0000,0.9507,0.00,1,classical
2026-08-24T01:11:51,60.61,LOCKED,36.7666,0.0000,0.0000,0.0000,0.9510,0.00,1,classical
2026-08-24T01:11:52,59.88,LOCKED,36.3268,0.0000,0.0000,0.0000,0.9516,0.00,1,classical
2026-08-24T01:11:53,60.61,LOCKED,36.2113,0.0000,0.0000,0.0000,0.9517,0.00,1,classical
2026-08-24T01:11:54,56.18,LOCKED,35.8678,0.0000,0.0000,0.0000,0.9522,0.00,1,classical
2026-08-24T01:11:55,57.14,LOCKED,35.6797,0.0000,0.0000,0.0000,0.9524,0.00,1,classical
2026-08-24T01:11:56,60.24,LOCKED,36.1447,0.0000,0.0000,0.0000,0.9518,0.00,1,classical
2026-08-24T01:11:57,60.24,LOCKED,36.7458,0.0000,0.0000,0.0000,0.9510,0.00,1,classical
2026-08-24T01:11:58,61.73,LOCKED,36.6306,0.0000,0.0000,0.0000,0.9512,0.00,1,classical
2026-08-24T01:11:59,60.98,LOCKED,36.8991,0.0000,0.0000,0.0000,0.9508,0.00,1,classical
2026-08-24T01:12:00,59.17,LOCKED,36.1222,0.0000,0.0000,0.0000,0.9518,0.00,1,classical
2026-08-24T01:12:01,59.88,LOCKED,35.2745,0.0000,0.0000,0.0000,0.9530,0.00,1,classical
2026-08-24T01:12:02,59.88,LOCKED,35.3701,0.0000,0.0000,0.0000,0.9528,0.00,1,classical
2026-08-24T01:12:03,60.24,LOCKED,35.5006,0.0000,0.0000,0.0000,0.9527,0.00,1,classical
2026-08-24T01:12:04,59.52,LOCKED,36.4494,0.0000,0.0000,0.0000,0.9514,0.00,1,classical
2026-08-24T01:12:05,59.52,LOCKED,36.7266,0.0000,0.0000,0.0000,0.9510,0.00,1,classical
2026-08-24T01:12:06,60.24,LOCKED,36.8654,0.0000,0.0000,0.0000,0.9508,0.00,1,classical
2026-08-24T01:12:07,60.98,LOCKED,36.4799,0.0000,0.0000,0.0000,0.9514,0.00,1,classical
2026-08-24T01:12:08,59.17,LOCKED,36.1254,0.0000,0.0000,0.0000,0.9518,0.00,1,classical
2026-08-24T01:12:09,57.14,LOCKED,36.1819,0.0000,0.0000,0.0000,0.9518,0.00,1,classical
2026-08-24T01:12:10,58.82,LOCKED,35.3900,0.0000,0.0000,0.0000,0.9528,0.00,1,classical
2026-08-24T01:12:12,55.25,LOCKED,36.8685,0.0000,0.0000,0.0000,0.9508,0.00,1,classical
2026-08-24T01:12:13,55.25,LOCKED,36.9651,0.0000,0.0000,0.0000,0.9507,0.00,1,classical
2026-08-24T01:12:14,57.14,LOCKED,37.1277,0.0000,0.0000,0.0000,0.9505,0.00,1,classical
2026-08-24T01:12:15,56.50,LOCKED,37.5355,0.0000,0.0000,0.0000,0.9500,0.00,1,classical
2026-08-24T01:12:16,60.61,LOCKED,36.4883,0.0000,0.0000,0.0000,0.9513,0.00,1,classical
2026-08-24T01:12:17,56.50,LOCKED,36.7882,0.0000,0.0000,0.0000,0.9509,0.00,1,classical
2026-08-24T01:12:18,53.48,LOCKED,35.7532,0.0000,0.0000,0.0000,0.9523,0.00,1,classical
2026-08-24T01:12:19,60.98,LOCKED,34.8576,0.0000,0.0000,0.0000,0.9535,0.00,1,classical
2026-08-24T01:12:20,50.76,LOCKED,36.2226,0.0000,0.0000,0.0000,0.9517,0.00,1,classical
2026-08-24T01:12:21,59.88,LOCKED,36.0059,0.0000,0.0000,0.0000,0.9520,0.00,1,classical
2026-08-24T01:12:22,57.47,LOCKED,37.0193,0.0000,0.0000,0.0000,0.9506,0.00,1,classical
2026-08-24T01:12:23,59.52,LOCKED,36.3798,0.0000,0.0000,0.0000,0.9515,0.00,1,classical
2026-08-24T01:12:24,55.87,LOCKED,36.5123,0.0000,0.0000,0.0000,0.9513,0.00,1,classical
2026-08-24T01:12:25,56.50,LOCKED,36.2110,0.0000,0.0000,0.0000,0.9517,0.00,1,classical
2026-08-24T01:12:26,61.35,LOCKED,35.2710,0.0000,0.0000,0.0000,0.9530,0.00,1,classical
2026-08-24T01:12:27,60.24,LOCKED,35.4960,0.0000,0.0000,0.0000,0.9527,0.00,1,classical
2026-08-24T01:12:28,60.24,LOCKED,35.9377,0.0000,0.0000,0.0000,0.9521,0.00,1,classical
2026-08-24T01:12:29,59.17,LOCKED,36.4052,0.0000,0.0000,0.0000,0.9515,0.00,1,classical
2026-08-24T01:12:30,60.61,LOCKED,36.8558,0.0000,0.0000,0.0000,0.9509,0.00,1,classical
2026-08-24T01:12:31,60.61,LOCKED,37.0859,0.0000,0.0000,0.0000,0.9506,0.00,1,classical
2026-08-24T01:12:32,58.14,LOCKED,37.2032,0.0000,0.0000,0.0000,0.9504,0.00,1,classical
2026-08-24T01:12:33,59.52,LOCKED,35.5287,0.0000,0.0000,0.0000,0.9526,0.00,1,classical
2026-08-24T01:12:34,60.24,LOCKED,35.2287,0.0000,0.0000,0.0000,0.9530,0.00,1,classical
2026-08-24T01:12:35,57.14,LOCKED,35.6643,0.0000,0.0000,0.0000,0.9524,0.00,1,classical
2026-08-24T01:12:36,60.24,LOCKED,36.1922,0.0000,0.0000,0.0000,0.9517,0.00,1,classical
2026-08-24T01:12:37,58.48,LOCKED,37.2076,0.0000,0.0000,0.0000,0.9504,0.00,1,classical
2026-08-24T01:12:38,55.87,LOCKED,38.0583,0.0000,0.0000,0.0000,0.9493,0.00,1,classical
2026-08-24T01:12:39,59.52,LOCKED,36.6610,0.0000,0.0000,0.0000,0.9511,0.00,1,classical
2026-08-24T01:12:40,59.52,LOCKED,35.8820,0.0000,0.0000,0.0000,0.9522,0.00,1,classical
2026-08-24T01:12:41,60.61,LOCKED,35.5162,0.0000,0.0000,0.0000,0.9526,0.00,1,classical
2026-08-24T01:12:42,59.88,LOCKED,35.5044,0.0000,0.0000,0.0000,0.9527,0.00,1,classical
2026-08-24T01:12:43,60.98,LOCKED,35.7467,0.0000,0.0000,0.0000,0.9523,0.00,1,classical
2026-08-24T01:12:44,59.17,LOCKED,36.7891,0.0000,0.0000,0.0000,0.9509,0.00,1,classical
2026-08-24T01:12:45,58.82,LOCKED,37.4613,0.0000,0.0000,0.0000,0.9501,0.00,1,classical
2026-08-24T01:12:46,59.88,LOCKED,37.2703,0.0000,0.0000,0.0000,0.9503,0.00,1,classical
2026-08-24T01:12:47,60.24,LOCKED,36.6781,0.0000,0.0000,0.0000,0.9511,0.00,1,classical
2026-08-24T01:12:48,60.24,LOCKED,35.9164,0.0000,0.0000,0.0000,0.9521,0.00,1,classical
2026-08-24T01:12:49,60.61,LOCKED,35.3797,0.0000,0.0000,0.0000,0.9528,0.00,1,classical
2026-08-24T01:12:50,60.98,LOCKED,35.2664,0.0000,0.0000,0.0000,0.9530,0.00,1,classical
2026-08-24T01:12:51,60.98,LOCKED,35.5347,0.0000,0.0000,0.0000,0.9526,0.00,1,classical
2026-08-24T01:12:52,60.98,LOCKED,35.9337,0.0000,0.0000,0.0000,0.9521,0.00,1,classical
2026-08-24T01:12:53,58.48,LOCKED,36.6888,0.0000,0.0000,0.0000,0.9511,0.00,1,classical
2026-08-24T01:12:54,60.24,LOCKED,36.9677,0.0000,0.0000,0.0000,0.9507,0.00,1,classical
2026-08-24T01:12:55,60.24,LOCKED,36.2409,0.0000,0.0000,0.0000,0.9517,0.00,1,classical
2026-08-24T01:12:56,60.24,LOCKED,35.6779,0.0000,0.0000,0.0000,0.9524,0.00,1,classical
2026-08-24T01:12:57,59.52,LOCKED,35.6471,0.0000,0.0000,0.0000,0.9525,0.00,1,classical
2026-08-24T01:12:58,60.24,LOCKED,35.2529,0.0000,0.0000,0.0000,0.9530,0.00,1,classical
2026-08-24T01:12:59,60.98,LOCKED,36.1988,0.0000,0.0000,0.0000,0.9517,0.00,1,classical
2026-08-24T01:13:00,58.82,LOCKED,36.8767,0.0000,0.0000,0.0000,0.9508,0.00,1,classical
2026-08-24T01:13:01,57.14,LOCKED,37.5342,0.0000,0.0000,0.0000,0.9500,0.00,1,classical
2026-08-24T01:13:02,59.52,LOCKED,36.9653,0.0000,0.0000,0.0000,0.9507,0.00,1,classical
2026-08-24T01:13:03,60.24,LOCKED,36.2830,0.0000,0.0000,0.0000,0.9516,0.00,1,classical
2026-08-24T01:13:04,60.61,LOCKED,35.6530,0.0000,0.0000,0.0000,0.9525,0.00,1,classical
2026-08-24T01:13:05,60.24,LOCKED,35.4496,0.0000,0.0000,0.0000,0.9527,0.00,1,classical
2026-08-24T01:13:06,58.82,LOCKED,35.9514,0.0000,0.0000,0.0000,0.9521,0.00,1,classical
2026-08-24T01:13:07,57.80,LOCKED,36.6103,0.0000,0.0000,0.0000,0.9512,0.00,1,classical
2026-08-24T01:13:08,54.95,LOCKED,37.6266,0.0000,0.0000,0.0000,0.9498,0.00,1,classical
2026-08-24T01:13:09,57.14,LOCKED,37.3838,0.0000,0.0000,0.0000,0.9502,0.00,1,classical
2026-08-24T01:13:10,56.18,LOCKED,37.4116,0.0000,0.0000,0.0000,0.9501,0.00,1,classical
2026-08-24T01:13:11,58.14,LOCKED,36.6948,0.0000,0.0000,0.0000,0.9511,0.00,1,classical
2026-08-24T01:13:12,58.48,LOCKED,35.5713,0.0000,0.0000,0.0000,0.9526,0.00,1,classical
2026-08-24T01:13:13,60.61,LOCKED,35.4284,0.0000,0.0000,0.0000,0.9528,0.00,1,classical
2026-08-24T01:13:14,59.88,LOCKED,35.2671,0.0000,0.0000,0.0000,0.9530,0.00,1,classical
2026-08-24T01:13:15,59.52,LOCKED,35.7577,0.0000,0.0000,0.0000,0.9523,0.00,1,classical
2026-08-24T01:13:16,59.17,LOCKED,36.8167,0.0000,0.0000,0.0000,0.9509,0.00,1,classical
2026-08-24T01:13:17,59.52,LOCKED,37.0739,0.0000,0.0000,0.0000,0.9506,0.00,1,classical
2026-08-24T01:13:18,59.17,LOCKED,37.5047,0.0000,0.0000,0.0000,0.9500,0.00,1,classical
2026-08-24T01:13:19,54.05,LOCKED,37.3720,0.0000,0.0000,0.0000,0.9502,0.00,1,classical
2026-08-24T01:13:20,59.52,LOCKED,36.3206,0.0000,0.0000,0.0000,0.9516,0.00,1,classical
2026-08-24T01:13:21,58.48,LOCKED,35.5152,0.0000,0.0000,0.0000,0.9526,0.00,1,classical
2026-08-24T01:13:22,60.24,LOCKED,35.4046,0.0000,0.0000,0.0000,0.9528,0.00,1,classical
2026-08-24T01:13:23,59.17,LOCKED,36.0553,0.0000,0.0000,0.0000,0.9519,0.00,1,classical
2026-08-24T01:13:24,60.61,LOCKED,36.3187,0.0000,0.0000,0.0000,0.9516,0.00,1,classical
2026-08-24T01:13:25,59.52,LOCKED,36.8735,0.0000,0.0000,0.0000,0.9508,0.00,1,classical
2026-08-24T01:13:26,60.24,LOCKED,36.6628,0.0000,0.0000,0.0000,0.9511,0.00,1,classical
2026-08-24T01:13:27,54.64,LOCKED,36.2601,0.0000,0.0000,0.0000,0.9517,0.00,1,classical
2026-08-24T01:13:28,55.56,LOCKED,36.4136,0.0000,0.0000,0.0000,0.9514,0.00,1,classical
2026-08-24T01:13:29,54.35,LOCKED,35.7840,0.0000,0.0000,0.0000,0.9523,0.00,1,classical
2026-08-24T01:13:30,59.52,LOCKED,36.1055,0.0000,0.0000,0.0000,0.9519,0.00,1,classical
2026-08-24T01:13:31,58.48,LOCKED,36.3357,0.0000,0.0000,0.0000,0.9516,0.00,1,classical
2026-08-24T01:13:32,60.24,LOCKED,36.3905,0.0000,0.0000,0.0000,0.9515,0.00,1,classical
2026-08-24T01:13:33,60.24,LOCKED,36.7435,0.0000,0.0000,0.0000,0.9510,0.00,1,classical
2026-08-24T01:13:34,58.48,LOCKED,36.5797,0.0000,0.0000,0.0000,0.9512,0.00,1,classical
2026-08-24T01:13:35,56.18,LOCKED,36.3035,0.0000,0.0000,0.0000,0.9516,0.00,1,classical
2026-08-24T01:13:36,57.14,LOCKED,36.1088,0.0000,0.0000,0.0000,0.9519,0.00,1,classical
2026-08-24T01:13:37,57.47,LOCKED,35.8363,0.0000,0.0000,0.0000,0.9522,0.00,1,classical
2026-08-24T01:13:38,58.48,LOCKED,35.9684,0.0000,0.0000,0.0000,0.9520,0.00,1,classical
2026-08-24T01:13:39,59.52,LOCKED,36.1084,0.0000,0.0000,0.0000,0.9519,0.00,1,classical
2026-08-24T01:13:40,59.88,LOCKED,36.3899,0.0000,0.0000,0.0000,0.9515,0.00,1,classical
2026-08-24T01:13:41,56.82,LOCKED,36.8907,0.0000,0.0000,0.0000,0.9508,0.00,1,classical
2026-08-24T01:13:42,58.82,LOCKED,35.9846,0.0000,0.0000,0.0000,0.9520,0.00,1,classical
2026-08-24T01:13:43,60.24,LOCKED,35.6417,0.0000,0.0000,0.0000,0.9525,0.00,1,classical
2026-08-24T01:13:44,55.25,LOCKED,35.7319,0.0000,0.0000,0.0000,0.9524,0.00,1,classical
2026-08-24T01:13:45,56.82,LOCKED,35.9031,0.0000,0.0000,0.0000,0.9521,0.00,1,classical
2026-08-24T01:13:46,57.47,LOCKED,36.5387,0.0000,0.0000,0.0000,0.9513,0.00,1,classical
2026-08-24T01:13:47,58.14,LOCKED,37.6797,0.0000,0.0000,0.0000,0.9498,0.00,1,classical
2026-08-24T01:13:48,53.76,LOCKED,37.6167,0.0000,0.0000,0.0000,0.9498,0.00,1,classical
2026-08-24T01:13:49,54.64,LOCKED,37.5277,0.0000,0.0000,0.0000,0.9500,0.00,1,classical
2026-08-24T01:13:50,57.47,LOCKED,36.6598,0.0000,0.0000,0.0000,0.9511,0.00,1,classical
2026-08-24T01:13:51,59.52,LOCKED,35.9479,0.0000,0.0000,0.0000,0.9521,0.00,1,classical
2026-08-24T01:13:52,59.88,LOCKED,35.4443,0.0000,0.0000,0.0000,0.9527,0.00,1,classical
2026-08-24T01:13:53,59.88,LOCKED,35.3063,0.0000,0.0000,0.0000,0.9529,0.00,1,classical
2026-08-24T01:13:54,59.88,LOCKED,35.9999,0.0000,0.0000,0.0000,0.9520,0.00,1,classical
2026-08-24T01:13:55,54.35,LOCKED,38.4074,0.0000,0.0000,0.0000,0.9488,0.00,1,classical
2026-08-24T01:13:56,57.47,LOCKED,37.1086,0.0000,0.0000,0.0000,0.9505,0.00,1,classical
2026-08-24T01:13:57,54.64,LOCKED,37.4102,0.0000,0.0000,0.0000,0.9501,0.00,1,classical
2026-08-24T01:13:58,58.82,LOCKED,35.7207,0.0000,0.0000,0.0000,0.9524,0.00,1,classical
2026-08-24T01:13:59,60.61,LOCKED,35.3012,0.0000,0.0000,0.0000,0.9529,0.00,1,classical
2026-08-24T01:14:00,60.98,LOCKED,35.1101,0.0000,0.0000,0.0000,0.9532,0.00,1,classical
2026-08-24T01:14:01,59.88,LOCKED,35.7617,0.0000,0.0000,0.0000,0.9523,0.00,1,classical
2026-08-24T01:14:02,56.82,LOCKED,36.7049,0.0000,0.0000,0.0000,0.9511,0.00,1,classical
2026-08-24T01:14:03,56.18,LOCKED,37.7023,0.0000,0.0000,0.0000,0.9497,0.00,1,classical
2026-08-24T01:14:04,57.47,LOCKED,37.1025,0.0000,0.0000,0.0000,0.9505,0.00,1,classical
2026-08-24T01:14:05,60.24,LOCKED,36.6393,0.0000,0.0000,0.0000,0.9511,0.00,1,classical
2026-08-24T01:14:06,60.61,LOCKED,35.4985,0.0000,0.0000,0.0000,0.9527,0.00,1,classical
2026-08-24T01:14:07,59.52,LOCKED,35.4937,0.0000,0.0000,0.0000,0.9527,0.00,1,classical
2026-08-24T01:14:08,60.24,LOCKED,35.0783,0.0000,0.0000,0.0000,0.9532,0.00,1,classical
2026-08-24T01:14:09,59.52,LOCKED,35.2490,0.0000,0.0000,0.0000,0.9530,0.00,1,classical
2026-08-24T01:14:10,61.35,LOCKED,35.8078,0.0000,0.0000,0.0000,0.9523,0.00,1,classical
2026-08-24T01:14:11,60.61,LOCKED,36.7122,0.0000,0.0000,0.0000,0.9511,0.00,1,classical
2026-08-24T01:14:12,59.17,LOCKED,37.1602,0.0000,0.0000,0.0000,0.9505,0.00,1,classical
2026-08-24T01:14:13,54.35,LOCKED,37.7013,0.0000,0.0000,0.0000,0.9497,0.00,1,classical
2026-08-24T01:14:14,59.52,LOCKED,35.9273,0.0000,0.0000,0.0000,0.9521,0.00,1,classical
2026-08-24T01:14:15,58.82,LOCKED,35.7207,0.0000,0.0000,0.0000,0.9524,0.00,1,classical
2026-08-24T01:14:16,56.18,LOCKED,36.1785,0.0000,0.0000,0.0000,0.9518,0.00,1,classical
2026-08-24T01:14:17,59.88,LOCKED,35.4293,0.0000,0.0000,0.0000,0.9528,0.00,1,classical
2026-08-24T01:14:18,57.47,LOCKED,37.0917,0.0000,0.0000,0.0000,0.9505,0.00,1,classical
2026-08-24T01:14:19,59.52,LOCKED,37.1144,0.0000,0.0000,0.0000,0.9505,0.00,1,classical
2026-08-24T01:14:20,59.52,LOCKED,36.7829,0.0000,0.0000,0.0000,0.9510,0.00,1,classical
2026-08-24T01:14:21,59.17,LOCKED,36.4125,0.0000,0.0000,0.0000,0.9515,0.00,1,classical
2026-08-24T01:14:23,57.80,LOCKED,35.9116,0.0000,0.0000,0.0000,0.9521,0.00,1,classical
2026-08-24T01:14:24,59.17,LOCKED,36.1691,0.0000,0.0000,0.0000,0.9518,0.00,1,classical
2026-08-24T01:14:25,60.24,LOCKED,35.2645,0.0000,0.0000,0.0000,0.9530,0.00,1,classical
2026-08-24T01:14:26,58.48,LOCKED,36.1787,0.0000,0.0000,0.0000,0.9518,0.00,1,classical
2026-08-24T01:14:27,56.18,LOCKED,36.9614,0.0000,0.0000,0.0000,0.9507,0.00,1,classical
2026-08-24T01:14:28,54.35,LOCKED,37.8157,0.0000,0.0000,0.0000,0.9496,0.00,1,classical
2026-08-24T01:14:29,53.76,LOCKED,37.6081,0.0000,0.0000,0.0000,0.9499,0.00,1,classical
2026-08-24T01:14:30,55.25,LOCKED,37.2944,0.0000,0.0000,0.0000,0.9503,0.00,1,classical
2026-08-24T01:14:31,59.52,LOCKED,35.7703,0.0000,0.0000,0.0000,0.9523,0.00,1,classical
2026-08-24T01:14:32,59.17,LOCKED,35.1825,0.0000,0.0000,0.0000,0.9531,0.00,1,classical
2026-08-24T01:14:33,58.14,LOCKED,35.6466,0.0000,0.0000,0.0000,0.9525,0.00,1,classical
2026-08-24T01:14:34,58.82,LOCKED,36.2111,0.0000,0.0000,0.0000,0.9517,0.00,1,classical
2026-08-24T01:14:35,59.88,LOCKED,36.9059,0.0000,0.0000,0.0000,0.9508,0.00,1,classical
2026-08-24T01:14:36,60.24,LOCKED,36.6017,0.0000,0.0000,0.0000,0.9512,0.00,1,classical
2026-08-24T01:14:37,59.52,LOCKED,36.5429,0.0000,0.0000,0.0000,0.9513,0.00,1,classical
2026-08-24T01:14:38,60.98,LOCKED,35.9958,0.0000,0.0000,0.0000,0.9520,0.00,1,classical
2026-08-24T01:14:39,61.35,LOCKED,35.5244,0.0000,0.0000,0.0000,0.9526,0.00,1,classical
2026-08-24T01:14:40,53.48,LOCKED,35.8800,0.0000,0.0000,0.0000,0.9522,0.00,1,classical
2026-08-24T01:14:41,60.61,LOCKED,35.4440,0.0000,0.0000,0.0000,0.9527,0.00,1,classical
2026-08-24T01:14:42,47.85,LOCKED,37.8332,0.0000,0.0000,0.0000,0.9496,0.00,1,classical
2026-08-24T01:14:43,57.14,LOCKED,36.1907,0.0000,0.0000,0.0000,0.9517,0.00,1,classical
2026-08-24T01:14:44,60.61,LOCKED,37.9307,0.0000,0.0000,0.0000,0.9494,0.00,1,classical
2026-08-24T01:14:45,57.47,LOCKED,36.4262,0.0000,0.0000,0.0000,0.9514,0.00,1,classical
2026-08-24T01:14:46,56.18,LOCKED,36.4025,0.0000,0.0000,0.0000,0.9515,0.00,1,classical
2026-08-24T01:14:47,55.87,LOCKED,35.9802,0.0000,0.0000,0.0000,0.9520,0.00,1,classical
2026-08-24T01:14:48,60.24,LOCKED,34.8269,0.0000,0.0000,0.0000,0.9536,0.00,1,classical
2026-08-24T01:14:49,54.64,LOCKED,36.1109,0.0000,0.0000,0.0000,0.9519,0.00,1,classical
2026-08-24T01:14:50,58.48,LOCKED,35.1060,0.0000,0.0000,0.0000,0.9532,0.00,1,classical
2026-08-24T01:14:51,49.75,LOCKED,37.0041,0.0000,0.0000,0.0000,0.9507,0.00,1,classical
2026-08-24T01:14:52,61.73,LOCKED,36.0174,0.0000,0.0000,0.0000,0.9520,0.00,1,classical
2026-08-24T01:14:53,59.17,LOCKED,36.8108,0.0000,0.0000,0.0000,0.9509,0.00,1,classical
2026-08-24T01:14:54,58.82,LOCKED,36.5895,0.0000,0.0000,0.0000,0.9512,0.00,1,classical
2026-08-24T01:14:55,54.95,LOCKED,36.3366,0.0000,0.0000,0.0000,0.9516,0.00,1,classical
2026-08-24T01:14:56,55.56,LOCKED,36.1116,0.0000,0.0000,0.0000,0.9519,0.00,1,classical
2026-08-24T01:14:57,57.80,LOCKED,36.5425,0.0000,0.0000,0.0000,0.9513,0.00,1,classical
2026-08-24T01:14:58,57.80,LOCKED,36.6168,0.0000,0.0000,0.0000,0.9512,0.00,1,classical
2026-08-24T01:14:59,58.48,LOCKED,37.0111,0.0000,0.0000,0.0000,0.9507,0.00,1,classical
2026-08-24T01:15:00,58.14,LOCKED,37.0531,0.0000,0.0000,0.0000,0.9506,0.00,1,classical
2026-08-24T01:15:01,60.61,LOCKED,35.8720,0.0000,0.0000,0.0000,0.9522,0.00,1,classical
2026-08-24T01:15:02,59.88,LOCKED,35.2813,0.0000,0.0000,0.0000,0.9530,0.00,1,classical
2026-08-24T01:15:03,60.24,LOCKED,34.8572,0.0000,0.0000,0.0000,0.9535,0.00,1,classical
2026-08-24T01:15:04,58.82,LOCKED,35.9047,0.0000,0.0000,0.0000,0.9521,0.00,1,classical
2026-08-24T01:15:05,59.88,LOCKED,35.9079,0.0000,0.0000,0.0000,0.9521,0.00,1,classical
2026-08-24T01:15:06,59.17,LOCKED,36.3990,0.0000,0.0000,0.0000,0.9515,0.00,1,classical
2026-08-24T01:15:07,59.52,LOCKED,36.8693,0.0000,0.0000,0.0000,0.9508,0.00,1,classical
2026-08-24T01:15:08,57.47,LOCKED,37.1063,0.0000,0.0000,0.0000,0.9505,0.00,1,classical
2026-08-24T01:15:09,58.82,LOCKED,36.1697,0.0000,0.0000,0.0000,0.9518,0.00,1,classical
2026-08-24T01:15:10,57.14,LOCKED,36.2716,0.0000,0.0000,0.0000,0.9516,0.00,1,classical
2026-08-24T01:15:11,59.88,LOCKED,35.4976,0.0000,0.0000,0.0000,0.9527,0.00,1,classical
2026-08-24T01:15:12,58.14,LOCKED,35.7240,0.0000,0.0000,0.0000,0.9524,0.00,1,classical
2026-08-24T01:15:13,57.47,LOCKED,36.4215,0.0000,0.0000,0.0000,0.9514,0.00,1,classical
2026-08-24T01:15:14,59.52,LOCKED,36.5138,0.0000,0.0000,0.0000,0.9513,0.00,1,classical
2026-08-24T01:15:15,59.88,LOCKED,36.5196,0.0000,0.0000,0.0000,0.9513,0.00,1,classical
2026-08-24T01:15:16,60.24,LOCKED,36.6240,0.0000,0.0000,0.0000,0.9512,0.00,1,classical
2026-08-24T01:15:17,60.24,LOCKED,36.3084,0.0000,0.0000,0.0000,0.9516,0.00,1,classical
2026-08-24T01:15:18,60.98,LOCKED,35.6140,0.0000,0.0000,0.0000,0.9525,0.00,1,classical
2026-08-24T01:15:19,59.52,LOCKED,35.2862,0.0000,0.0000,0.0000,0.9530,0.00,1,classical
2026-08-24T01:15:20,60.61,LOCKED,35.3369,0.0000,0.0000,0.0000,0.9529,0.00,1,classical
2026-08-24T01:15:21,59.17,LOCKED,36.8603,0.0000,0.0000,0.0000,0.9509,0.00,1,classical
2026-08-24T01:15:22,59.88,LOCKED,36.9325,0.0000,0.0000,0.0000,0.9508,0.00,1,classical
2026-08-24T01:15:23,59.88,LOCKED,37.1442,0.0000,0.0000,0.0000,0.9505,0.00,1,classical
2026-08-24T01:15:24,54.35,LOCKED,37.4322,0.0000,0.0000,0.0000,0.9501,0.00,1,classical
2026-08-24T01:15:25,59.52,LOCKED,35.9549,0.0000,0.0000,0.0000,0.9521,0.00,1,classical
2026-08-24T01:15:26,60.24,LOCKED,35.7658,0.0000,0.0000,0.0000,0.9523,0.00,1,classical
2026-08-24T01:15:27,59.88,LOCKED,35.7132,0.0000,0.0000,0.0000,0.9524,0.00,1,classical
2026-08-24T01:15:28,60.24,LOCKED,36.2237,0.0000,0.0000,0.0000,0.9517,0.00,1,classical
2026-08-24T01:15:29,58.48,LOCKED,37.1613,0.0000,0.0000,0.0000,0.9505,0.00,1,classical
2026-08-24T01:15:30,61.35,LOCKED,36.9447,0.0000,0.0000,0.0000,0.9507,0.00,1,classical
2026-08-24T01:15:31,60.24,LOCKED,37.1162,0.0000,0.0000,0.0000,0.9505,0.00,1,classical
2026-08-24T01:15:32,61.35,LOCKED,36.2938,0.0000,0.0000,0.0000,0.9516,0.00,1,classical
2026-08-24T01:15:33,59.52,LOCKED,36.2396,0.0000,0.0000,0.0000,0.9517,0.00,1,classical
2026-08-24T01:15:34,56.82,LOCKED,35.6997,0.0000,0.0000,0.0000,0.9524,0.00,1,classical
2026-08-24T01:15:35,59.52,LOCKED,35.6866,0.0000,0.0000,0.0000,0.9524,0.00,1,classical
2026-08-24T01:15:36,60.61,LOCKED,36.1024,0.0000,0.0000,0.0000,0.9519,0.00,1,classical
2026-08-24T01:15:37,59.52,LOCKED,36.7274,0.0000,0.0000,0.0000,0.9510,0.00,1,classical
2026-08-24T01:15:38,60.61,LOCKED,36.9922,0.0000,0.0000,0.0000,0.9507,0.00,1,classical
2026-08-24T01:15:39,59.52,LOCKED,37.2256,0.0000,0.0000,0.0000,0.9504,0.00,1,classical
2026-08-24T01:15:40,59.17,LOCKED,36.6883,0.0000,0.0000,0.0000,0.9511,0.00,1,classical
2026-08-24T01:15:41,60.24,LOCKED,36.2505,0.0000,0.0000,0.0000,0.9517,0.00,1,classical
2026-08-24T01:15:42,59.17,LOCKED,35.7005,0.0000,0.0000,0.0000,0.9524,0.00,1,classical
2026-08-24T01:15:43,59.88,LOCKED,35.8164,0.0000,0.0000,0.0000,0.9522,0.00,1,classical
2026-08-24T01:15:44,59.17,LOCKED,36.3462,0.0000,0.0000,0.0000,0.9515,0.00,1,classical
2026-08-24T01:15:45,58.48,LOCKED,37.2042,0.0000,0.0000,0.0000,0.9504,0.00,1,classical
2026-08-24T01:15:46,60.61,LOCKED,36.9122,0.0000,0.0000,0.0000,0.9508,0.00,1,classical
2026-08-24T01:15:47,59.52,LOCKED,37.0379,0.0000,0.0000,0.0000,0.9506,0.00,1,classical
2026-08-24T01:15:48,60.61,LOCKED,36.0763,0.0000,0.0000,0.0000,0.9519,0.00,1,classical
2026-08-24T01:15:49,59.17,LOCKED,36.0954,0.0000,0.0000,0.0000,0.9519,0.00,1,classical
2026-08-24T01:15:50,59.88,LOCKED,35.5642,0.0000,0.0000,0.0000,0.9526,0.00,1,classical
2026-08-24T01:15:51,58.48,LOCKED,36.1680,0.0000,0.0000,0.0000,0.9518,0.00,1,classical
2026-08-24T01:15:52,60.24,LOCKED,36.2438,0.0000,0.0000,0.0000,0.9517,0.00,1,classical
2026-08-24T01:15:53,60.24,LOCKED,36.6863,0.0000,0.0000,0.0000,0.9511,0.00,1,classical
2026-08-24T01:15:54,60.24,LOCKED,37.2575,0.0000,0.0000,0.0000,0.9503,0.00,1,classical
2026-08-24T01:15:55,59.88,LOCKED,36.8033,0.0000,0.0000,0.0000,0.9509,0.00,1,classical
2026-08-24T01:15:56,59.17,LOCKED,36.5397,0.0000,0.0000,0.0000,0.9513,0.00,1,classical
2026-08-24T01:15:57,59.17,LOCKED,35.6547,0.0000,0.0000,0.0000,0.9525,0.00,1,classical
2026-08-24T01:15:58,61.35,LOCKED,35.5539,0.0000,0.0000,0.0000,0.9526,0.00,1,classical
2026-08-24T01:15:59,57.80,LOCKED,35.8886,0.0000,0.0000,0.0000,0.9521,0.00,1,classical
2026-08-24T01:16:00,60.24,LOCKED,36.2290,0.0000,0.0000,0.0000,0.9517,0.00,1,classical
2026-08-24T01:16:01,59.52,LOCKED,37.0314,0.0000,0.0000,0.0000,0.9506,0.00,1,classical
2026-08-24T01:16:02,59.17,LOCKED,37.0928,0.0000,0.0000,0.0000,0.9505,0.00,1,classical
2026-08-24T01:16:03,58.82,LOCKED,36.8470,0.0000,0.0000,0.0000,0.9509,0.00,1,classical
2026-08-24T01:16:04,60.61,LOCKED,36.2505,0.0000,0.0000,0.0000,0.9517,0.00,1,classical
2026-08-24T01:16:05,60.98,LOCKED,35.6258,0.0000,0.0000,0.0000,0.9525,0.00,1,classical
2026-08-24T01:16:06,60.24,LOCKED,35.7471,0.0000,0.0000,0.0000,0.9523,0.00,1,classical
2026-08-24T01:16:07,59.17,LOCKED,36.4150,0.0000,0.0000,0.0000,0.9514,0.00,1,classical
2026-08-24T01:16:08,60.61,LOCKED,36.7316,0.0000,0.0000,0.0000,0.9510,0.00,1,classical
2026-08-24T01:16:09,61.35,LOCKED,36.2053,0.0000,0.0000,0.0000,0.9517,0.00,1,classical
2026-08-24T01:16:10,60.61,LOCKED,37.0395,0.0000,0.0000,0.0000,0.9506,0.00,1,classical
2026-08-24T01:16:11,59.52,LOCKED,36.8251,0.0000,0.0000,0.0000,0.9509,0.00,1,classical
2026-08-24T01:16:12,60.61,LOCKED,35.7083,0.0000,0.0000,0.0000,0.9524,0.00,1,classical
2026-08-24T01:16:13,60.61,LOCKED,35.6196,0.0000,0.0000,0.0000,0.9525,0.00,1,classical
2026-08-24T01:16:14,59.52,LOCKED,35.9180,0.0000,0.0000,0.0000,0.9521,0.00,1,classical
2026-08-24T01:16:15,60.61,LOCKED,36.1891,0.0000,0.0000,0.0000,0.9517,0.00,1,classical
2026-08-24T01:16:17,56.82,LOCKED,37.9368,0.0000,0.0000,0.0000,0.9494,0.00,1,classical
2026-08-24T01:16:18,59.52,LOCKED,37.1362,0.0000,0.0000,0.0000,0.9505,0.00,1,classical
2026-08-24T01:16:19,59.17,LOCKED,37.0542,0.0000,0.0000,0.0000,0.9506,0.00,1,classical
2026-08-24T01:16:20,60.61,LOCKED,36.3777,0.0000,0.0000,0.0000,0.9515,0.00,1,classical
2026-08-24T01:16:21,59.88,LOCKED,36.1244,0.0000,0.0000,0.0000,0.9518,0.00,1,classical
2026-08-24T01:16:22,58.48,LOCKED,36.1941,0.0000,0.0000,0.0000,0.9517,0.00,1,classical
2026-08-24T01:16:23,57.47,LOCKED,36.1426,0.0000,0.0000,0.0000,0.9518,0.00,1,classical
2026-08-24T01:16:24,61.73,LOCKED,35.8843,0.0000,0.0000,0.0000,0.9522,0.00,1,classical
2026-08-24T01:16:25,59.88,LOCKED,36.6919,0.0000,0.0000,0.0000,0.9511,0.00,1,classical
2026-08-24T01:16:26,61.35,LOCKED,36.8535,0.0000,0.0000,0.0000,0.9509,0.00,1,classical
2026-08-24T01:16:27,59.52,LOCKED,37.0102,0.0000,0.0000,0.0000,0.9507,0.00,1,classical
2026-08-24T01:16:28,58.82,LOCKED,36.6812,0.0000,0.0000,0.0000,0.9511,0.00,1,classical
2026-08-24T01:16:29,60.24,LOCKED,35.6811,0.0000,0.0000,0.0000,0.9524,0.00,1,classical
2026-08-24T01:16:30,56.82,LOCKED,36.2141,0.0000,0.0000,0.0000,0.9517,0.00,1,classical
2026-08-24T01:16:31,59.88,LOCKED,36.2145,0.0000,0.0000,0.0000,0.9517,0.00,1,classical
2026-08-24T01:16:32,58.48,LOCKED,36.9041,0.0000,0.0000,0.0000,0.9508,0.00,1,classical
2026-08-24T01:16:33,59.52,LOCKED,37.1379,0.0000,0.0000,0.0000,0.9505,0.00,1,classical
2026-08-24T01:16:34,59.17,LOCKED,37.1578,0.0000,0.0000,0.0000,0.9505,0.00,1,classical
2026-08-24T01:16:35,60.61,LOCKED,36.2751,0.0000,0.0000,0.0000,0.9516,0.00,1,classical
2026-08-24T01:16:36,60.24,LOCKED,36.1897,0.0000,0.0000,0.0000,0.9517,0.00,1,classical
2026-08-24T01:16:37,59.88,LOCKED,36.0869,0.0000,0.0000,0.0000,0.9519,0.00,1,classical
2026-08-24T01:16:38,60.98,LOCKED,36.1117,0.0000,0.0000,0.0000,0.9519,0.00,1,classical
2026-08-24T01:16:39,60.24,LOCKED,35.8604,0.0000,0.0000,0.0000,0.9522,0.00,1,classical
2026-08-24T01:16:40,60.98,LOCKED,36.5540,0.0000,0.0000,0.0000,0.9513,0.00,1,classical
2026-08-24T01:16:41,59.88,LOCKED,37.3327,0.0000,0.0000,0.0000,0.9502,0.00,1,classical
2026-08-24T01:16:42,60.61,LOCKED,36.8253,0.0000,0.0000,0.0000,0.9509,0.00,1,classical
2026-08-24T01:16:43,57.47,LOCKED,37.1133,0.0000,0.0000,0.0000,0.9505,0.00,1,classical
2026-08-24T01:16:44,60.24,LOCKED,35.8656,0.0000,0.0000,0.0000,0.9522,0.00,1,classical
2026-08-24T01:16:45,60.61,LOCKED,35.6453,0.0000,0.0000,0.0000,0.9525,0.00,1,classical
2026-08-24T01:16:46,60.61,LOCKED,35.6039,0.0000,0.0000,0.0000,0.9525,0.00,1,classical
2026-08-24T01:16:47,59.17,LOCKED,36.0177,0.0000,0.0000,0.0000,0.9520,0.00,1,classical
2026-08-24T01:16:48,60.98,LOCKED,37.1674,0.0000,0.0000,0.0000,0.9504,0.00,1,classical
2026-08-24T01:16:49,59.17,LOCKED,36.9736,0.0000,0.0000,0.0000,0.9507,0.00,1,classical
2026-08-24T01:16:50,60.24,LOCKED,36.7717,0.0000,0.0000,0.0000,0.9510,0.00,1,classical
2026-08-24T01:16:51,58.82,LOCKED,36.6099,0.0000,0.0000,0.0000,0.9512,0.00,1,classical
2026-08-24T01:16:52,58.48,LOCKED,36.7315,0.0000,0.0000,0.0000,0.9510,0.00,1,classical
2026-08-24T01:16:53,61.35,LOCKED,35.5015,0.0000,0.0000,0.0000,0.9527,0.00,1,classical
2026-08-24T01:16:54,59.52,LOCKED,35.8107,0.0000,0.0000,0.0000,0.9523,0.00,1,classical
2026-08-24T01:16:55,58.82,LOCKED,36.0076,0.0000,0.0000,0.0000,0.9520,0.00,1,classical
2026-08-24T01:16:56,59.88,LOCKED,37.0135,0.0000,0.0000,0.0000,0.9506,0.00,1,classical
2026-08-24T01:16:57,59.52,LOCKED,37.6329,0.0000,0.0000,0.0000,0.9498,0.00,1,classical
2026-08-24T01:16:58,59.52,LOCKED,36.9895,0.0000,0.0000,0.0000,0.9507,0.00,1,classical
2026-08-24T01:16:59,60.61,LOCKED,36.1721,0.0000,0.0000,0.0000,0.9518,0.00,1,classical
2026-08-24T01:17:00,60.24,LOCKED,35.9056,0.0000,0.0000,0.0000,0.9521,0.00,1,classical
2026-08-24T01:17:01,58.82,LOCKED,35.8178,0.0000,0.0000,0.0000,0.9522,0.00,1,classical
2026-08-24T01:17:02,58.48,LOCKED,35.8354,0.0000,0.0000,0.0000,0.9522,0.00,1,classical
2026-08-24T01:17:03,60.24,LOCKED,36.2853,0.0000,0.0000,0.0000,0.9516,0.00,1,classical
2026-08-24T01:17:04,59.88,LOCKED,37.0050,0.0000,0.0000,0.0000,0.9507,0.00,1,classical
2026-08-24T01:17:05,60.98,LOCKED,37.1910,0.0000,0.0000,0.0000,0.9504,0.00,1,classical
2026-08-24T01:17:06,58.82,LOCKED,37.0949,0.0000,0.0000,0.0000,0.9505,0.00,1,classical
2026-08-24T01:17:07,58.48,LOCKED,36.8706,0.0000,0.0000,0.0000,0.9508,0.00,1,classical
2026-08-24T01:17:08,59.52,LOCKED,36.0519,0.0000,0.0000,0.0000,0.9519,0.00,1,classical
2026-08-24T01:17:09,60.98,LOCKED,35.3305,0.0000,0.0000,0.0000,0.9529,0.00,1,classical
2026-08-24T01:17:10,58.82,LOCKED,36.3661,0.0000,0.0000,0.0000,0.9515,0.00,1,classical
2026-08-24T01:17:11,60.61,LOCKED,36.3302,0.0000,0.0000,0.0000,0.9516,0.00,1,classical
2026-08-24T01:17:12,60.24,LOCKED,37.2106,0.0000,0.0000,0.0000,0.9504,0.00,1,classical
2026-08-24T01:17:13,60.61,LOCKED,36.8563,0.0000,0.0000,0.0000,0.9509,0.00,1,classical
2026-08-24T01:17:14,59.88,LOCKED,36.6660,0.0000,0.0000,0.0000,0.9511,0.00,1,classical
2026-08-24T01:17:15,60.24,LOCKED,36.0440,0.0000,0.0000,0.0000,0.9519,0.00,1,classical
2026-08-24T01:17:16,59.52,LOCKED,35.9148,0.0000,0.0000,0.0000,0.9521,0.00,1,classical
2026-08-24T01:17:17,60.24,LOCKED,35.6120,0.0000,0.0000,0.0000,0.9525,0.00,1,classical
2026-08-24T01:17:18,54.95,LOCKED,37.2016,0.0000,0.0000,0.0000,0.9504,0.00,1,classical
2026-08-24T01:17:19,59.52,LOCKED,36.2284,0.0000,0.0000,0.0000,0.9517,0.00,1,classical
2026-08-24T01:17:20,59.88,LOCKED,36.8895,0.0000,0.0000,0.0000,0.9508,0.00,1,classical
2026-08-24T01:17:21,60.24,LOCKED,36.8897,0.0000,0.0000,0.0000,0.9508,0.00,1,classical
2026-08-24T01:17:22,58.82,LOCKED,36.5668,0.0000,0.0000,0.0000,0.9512,0.00,1,classical
2026-08-24T01:17:23,54.35,LOCKED,36.6182,0.0000,0.0000,0.0000,0.9512,0.00,1,classical
2026-08-24T01:17:24,58.82,LOCKED,35.8036,0.0000,0.0000,0.0000,0.9523,0.00,1,classical
2026-08-24T01:17:25,56.82,LOCKED,35.4632,0.0000,0.0000,0.0000,0.9527,0.00,1,classical
2026-08-24T01:17:26,59.52,LOCKED,36.8231,0.0000,0.0000,0.0000,0.9509,0.00,1,classical
2026-08-24T01:17:27,58.48,LOCKED,36.8361,0.0000,0.0000,0.0000,0.9509,0.00,1,classical
2026-08-24T01:17:28,61.35,LOCKED,35.9858,0.0000,0.0000,0.0000,0.9520,0.00,1,classical
2026-08-24T01:17:29,52.91,LOCKED,38.1202,0.0000,0.0000,0.0000,0.9492,0.00,1,classical
2026-08-24T01:17:30,59.17,LOCKED,36.0948,0.0000,0.0000,0.0000,0.9519,0.00,1,classical
2026-08-24T01:17:31,58.82,LOCKED,35.5953,0.0000,0.0000,0.0000,0.9525,0.00,1,classical
2026-08-24T01:17:32,59.52,LOCKED,35.7008,0.0000,0.0000,0.0000,0.9524,0.00,1,classical
2026-08-24T01:17:33,58.14,LOCKED,35.6690,0.0000,0.0000,0.0000,0.9524,0.00,1,classical
2026-08-24T01:17:34,58.14,LOCKED,36.1384,0.0000,0.0000,0.0000,0.9518,0.00,1,classical
2026-08-24T01:17:35,60.61,LOCKED,36.8489,0.0000,0.0000,0.0000,0.9509,0.00,1,classical
2026-08-24T01:17:36,60.24,LOCKED,37.0261,0.0000,0.0000,0.0000,0.9506,0.00,1,classical
2026-08-24T01:17:37,59.52,LOCKED,36.9368,0.0000,0.0000,0.0000,0.9508,0.00,1,classical
2026-08-24T01:17:38,60.24,LOCKED,36.8114,0.0000,0.0000,0.0000,0.9509,0.00,1,classical
2026-08-24T01:17:39,60.24,LOCKED,35.6871,0.0000,0.0000,0.0000,0.9524,0.00,1,classical
2026-08-24T01:17:40,60.61,LOCKED,35.5256,0.0000,0.0000,0.0000,0.9526,0.00,1,classical
2026-08-24T01:17:41,59.88,LOCKED,35.9338,0.0000,0.0000,0.0000,0.9521,0.00,1,classical
2026-08-24T01:17:42,59.52,LOCKED,36.8293,0.0000,0.0000,0.0000,0.9509,0.00,1,classical
2026-08-24T01:17:43,58.14,LOCKED,37.3777,0.0000,0.0000,0.0000,0.9502,0.00,1,classical
2026-08-24T01:17:44,59.52,LOCKED,37.6856,0.0000,0.0000,0.0000,0.9498,0.00,1,classical
2026-08-24T01:17:45,59.52,LOCKED,36.9682,0.0000,0.0000,0.0000,0.9507,0.00,1,classical
2026-08-24T01:17:46,59.52,LOCKED,35.9242,0.0000,0.0000,0.0000,0.9521,0.00,1,classical
2026-08-24T01:17:47,60.61,LOCKED,35.6881,0.0000,0.0000,0.0000,0.9524,0.00,1,classical
2026-08-24T01:17:48,58.14,LOCKED,36.1291,0.0000,0.0000,0.0000,0.9518,0.00,1,classical
2026-08-24T01:17:49,59.17,LOCKED,36.3388,0.0000,0.0000,0.0000,0.9515,0.00,1,classical
2026-08-24T01:17:50,60.98,LOCKED,36.4538,0.0000,0.0000,0.0000,0.9514,0.00,1,classical
2026-08-24T01:17:51,59.52,LOCKED,36.8152,0.0000,0.0000,0.0000,0.9509,0.00,1,classical
2026-08-24T01:17:52,59.17,LOCKED,37.4011,0.0000,0.0000,0.0000,0.9501,0.00,1,classical
2026-08-24T01:17:53,58.14,LOCKED,36.6244,0.0000,0.0000,0.0000,0.9512,0.00,1,classical
2026-08-24T01:17:54,59.17,LOCKED,35.9300,0.0000,0.0000,0.0000,0.9521,0.00,1,classical
2026-08-24T01:17:55,59.88,LOCKED,35.6269,0.0000,0.0000,0.0000,0.9525,0.00,1,classical
2026-08-24T01:17:56,60.61,LOCKED,35.7486,0.0000,0.0000,0.0000,0.9523,0.00,1,classical
2026-08-24T01:17:57,57.47,LOCKED,36.7072,0.0000,0.0000,0.0000,0.9511,0.00,1,classical
2026-08-24T01:17:58,59.52,LOCKED,36.8226,0.0000,0.0000,0.0000,0.9509,0.00,1,classical
2026-08-24T01:17:59,58.82,LOCKED,36.8691,0.0000,0.0000,0.0000,0.9508,0.00,1,classical
2026-08-24T01:18:00,59.52,LOCKED,37.2180,0.0000,0.0000,0.0000,0.9504,0.00,1,classical
2026-08-24T01:18:01,58.82,LOCKED,36.6158,0.0000,0.0000,0.0000,0.9512,0.00,1,classical
2026-08-24T01:18:02,58.14,LOCKED,36.4493,0.0000,0.0000,0.0000,0.9514,0.00,1,classical
2026-08-24T01:18:03,60.98,LOCKED,35.2014,0.0000,0.0000,0.0000,0.9531,0.00,1,classical
2026-08-24T01:18:04,60.98,LOCKED,35.7594,0.0000,0.0000,0.0000,0.9523,0.00,1,classical
2026-08-24T01:18:05,60.24,LOCKED,36.0780,0.0000,0.0000,0.0000,0.9519,0.00,1,classical
2026-08-24T01:18:06,60.24,LOCKED,36.4837,0.0000,0.0000,0.0000,0.9514,0.00,1,classical
2026-08-24T01:18:07,57.80,LOCKED,37.1054,0.0000,0.0000,0.0000,0.9505,0.00,1,classical
2026-08-24T01:18:08,58.48,LOCKED,37.1877,0.0000,0.0000,0.0000,0.9504,0.00,1,classical
2026-08-24T01:18:09,59.52,LOCKED,36.1170,0.0000,0.0000,0.0000,0.9518,0.00,1,classical
2026-08-24T01:18:10,58.82,LOCKED,36.0079,0.0000,0.0000,0.0000,0.9520,0.00,1,classical
2026-08-24T01:18:11,56.82,LOCKED,36.2959,0.0000,0.0000,0.0000,0.9516,0.00,1,classical
2026-08-24T01:18:12,59.88,LOCKED,36.1796,0.0000,0.0000,0.0000,0.9518,0.00,1,classical
2026-08-24T01:18:13,61.35,LOCKED,35.8787,0.0000,0.0000,0.0000,0.9522,0.00,1,classical
2026-08-24T01:18:14,59.17,LOCKED,36.9710,0.0000,0.0000,0.0000,0.9507,0.00,1,classical
2026-08-24T01:18:15,60.61,LOCKED,36.8699,0.0000,0.0000,0.0000,0.9508,0.00,1,classical
2026-08-24T01:18:16,60.61,LOCKED,36.6660,0.0000,0.0000,0.0000,0.9511,0.00,1,classical
2026-08-24T01:18:17,59.52,LOCKED,36.8255,0.0000,0.0000,0.0000,0.9509,0.00,1,classical
2026-08-24T01:18:18,59.88,LOCKED,35.8009,0.0000,0.0000,0.0000,0.9523,0.00,1,classical
2026-08-24T01:18:20,60.24,LOCKED,35.4792,0.0000,0.0000,0.0000,0.9527,0.00,1,classical
2026-08-24T01:18:21,60.24,LOCKED,35.9453,0.0000,0.0000,0.0000,0.9521,0.00,1,classical
2026-08-24T01:18:22,57.14,LOCKED,37.1713,0.0000,0.0000,0.0000,0.9504,0.00,1,classical
2026-08-24T01:18:23,58.48,LOCKED,37.2087,0.0000,0.0000,0.0000,0.9504,0.00,1,classical
2026-08-24T01:18:24,60.24,LOCKED,36.8098,0.0000,0.0000,0.0000,0.9509,0.00,1,classical
2026-08-24T01:18:25,59.17,LOCKED,36.6116,0.0000,0.0000,0.0000,0.9512,0.00,1,classical
2026-08-24T01:18:26,58.48,LOCKED,36.5455,0.0000,0.0000,0.0000,0.9513,0.00,1,classical
2026-08-24T01:18:27,60.98,LOCKED,35.5209,0.0000,0.0000,0.0000,0.9526,0.00,1,classical
2026-08-24T01:18:28,58.82,LOCKED,36.0274,0.0000,0.0000,0.0000,0.9520,0.00,1,classical
2026-08-24T01:18:29,56.50,LOCKED,36.6759,0.0000,0.0000,0.0000,0.9511,0.00,1,classical
2026-08-24T01:18:30,55.25,LOCKED,37.7970,0.0000,0.0000,0.0000,0.9496,0.00,1,classical
2026-08-24T01:18:31,60.24,LOCKED,36.5944,0.0000,0.0000,0.0000,0.9512,0.00,1,classical
2026-08-24T01:18:32,60.61,LOCKED,36.9302,0.0000,0.0000,0.0000,0.9508,0.00,1,classical
2026-08-24T01:18:33,58.14,LOCKED,36.9235,0.0000,0.0000,0.0000,0.9508,0.00,1,classical
2026-08-24T01:18:34,58.82,LOCKED,36.6526,0.0000,0.0000,0.0000,0.9511,0.00,1,classical
2026-08-24T01:18:35,59.17,LOCKED,36.2706,0.0000,0.0000,0.0000,0.9516,0.00,1,classical
2026-08-24T01:18:36,59.52,LOCKED,35.7721,0.0000,0.0000,0.0000,0.9523,0.00,1,classical
2026-08-24T01:18:37,60.61,LOCKED,36.0060,0.0000,0.0000,0.0000,0.9520,0.00,1,classical
2026-08-24T01:18:38,60.24,LOCKED,36.7039,0.0000,0.0000,0.0000,0.9511,0.00,1,classical
2026-08-24T01:18:39,60.98,LOCKED,37.3940,0.0000,0.0000,0.0000,0.9501,0.00,1,classical
2026-08-24T01:18:40,60.61,LOCKED,37.0444,0.0000,0.0000,0.0000,0.9506,0.00,1,classical
2026-08-24T01:18:41,60.24,LOCKED,36.5603,0.0000,0.0000,0.0000,0.9513,0.00,1,classical
2026-08-24T01:18:42,60.24,LOCKED,35.9211,0.0000,0.0000,0.0000,0.9521,0.00,1,classical
2026-08-24T01:18:43,58.48,LOCKED,36.0703,0.0000,0.0000,0.0000,0.9519,0.00,1,classical
2026-08-24T01:18:44,56.50,LOCKED,36.4310,0.0000,0.0000,0.0000,0.9514,0.00,1,classical
2026-08-24T01:18:45,59.52,LOCKED,36.1386,0.0000,0.0000,0.0000,0.9518,0.00,1,classical
2026-08-24T01:18:46,60.98,LOCKED,36.4129,0.0000,0.0000,0.0000,0.9514,0.00,1,classical
2026-08-24T01:18:47,60.24,LOCKED,37.1687,0.0000,0.0000,0.0000,0.9504,0.00,1,classical
2026-08-24T01:18:48,59.88,LOCKED,36.7122,0.0000,0.0000,0.0000,0.9511,0.00,1,classical
2026-08-24T01:18:49,59.52,LOCKED,36.6624,0.0000,0.0000,0.0000,0.9511,0.00,1,classical
2026-08-24T01:18:50,59.17,LOCKED,36.1310,0.0000,0.0000,0.0000,0.9518,0.00,1,classical
2026-08-24T01:18:51,60.98,LOCKED,35.4483,0.0000,0.0000,0.0000,0.9527,0.00,1,classical
2026-08-24T01:18:52,60.24,LOCKED,35.5669,0.0000,0.0000,0.0000,0.9526,0.00,1,classical
2026-08-24T01:18:53,60.24,LOCKED,36.3318,0.0000,0.0000,0.0000,0.9516,0.00,1,classical
2026-08-24T01:18:54,61.35,LOCKED,37.0617,0.0000,0.0000,0.0000,0.9506,0.00,1,classical
2026-08-24T01:18:55,58.48,LOCKED,37.3913,0.0000,0.0000,0.0000,0.9501,0.00,1,classical
2026-08-24T01:18:56,59.88,LOCKED,37.5376,0.0000,0.0000,0.0000,0.9499,0.00,1,classical
2026-08-24T01:18:57,59.88,LOCKED,36.4398,0.0000,0.0000,0.0000,0.9514,0.00,1,classical
2026-08-24T01:18:58,59.17,LOCKED,36.0575,0.0000,0.0000,0.0000,0.9519,0.00,1,classical
2026-08-24T01:18:59,60.61,LOCKED,35.4256,0.0000,0.0000,0.0000,0.9528,0.00,1,classical
2026-08-24T01:19:00,60.24,LOCKED,35.8460,0.0000,0.0000,0.0000,0.9522,0.00,1,classical
2026-08-24T01:19:01,54.64,LOCKED,37.2357,0.0000,0.0000,0.0000,0.9504,0.00,1,classical
2026-08-24T01:19:02,59.17,LOCKED,37.0795,0.0000,0.0000,0.0000,0.9506,0.00,1,classical
2026-08-24T01:19:03,59.17,LOCKED,37.2322,0.0000,0.0000,0.0000,0.9504,0.00,1,classical
2026-08-24T01:19:04,60.61,LOCKED,36.5458,0.0000,0.0000,0.0000,0.9513,0.00,1,classical
2026-08-24T01:19:05,59.88,LOCKED,36.3611,0.0000,0.0000,0.0000,0.9515,0.00,1,classical
2026-08-24T01:19:06,59.52,LOCKED,35.7048,0.0000,0.0000,0.0000,0.9524,0.00,1,classical
2026-08-24T01:19:07,58.82,LOCKED,35.2880,0.0000,0.0000,0.0000,0.9529,0.00,1,classical
2026-08-24T01:19:08,60.61,LOCKED,35.9156,0.0000,0.0000,0.0000,0.9521,0.00,1,classical
2026-08-24T01:19:09,59.88,LOCKED,36.5884,0.0000,0.0000,0.0000,0.9512,0.00,1,classical
2026-08-24T01:19:10,59.52,LOCKED,37.1970,0.0000,0.0000,0.0000,0.9504,0.00,1,classical
2026-08-24T01:19:11,59.88,LOCKED,37.5153,0.0000,0.0000,0.0000,0.9500,0.00,1,classical
2026-08-24T01:19:12,60.24,LOCKED,36.7119,0.0000,0.0000,0.0000,0.9511,0.00,1,classical
2026-08-24T01:19:13,61.35,LOCKED,35.8866,0.0000,0.0000,0.0000,0.9522,0.00,1,classical
2026-08-24T01:19:14,60.61,LOCKED,35.5343,0.0000,0.0000,0.0000,0.9526,0.00,1,classical
2026-08-24T01:19:15,60.24,LOCKED,35.7357,0.0000,0.0000,0.0000,0.9524,0.00,1,classical
2026-08-24T01:19:16,59.88,LOCKED,36.3223,0.0000,0.0000,0.0000,0.9516,0.00,1,classical
2026-08-24T01:19:17,58.48,LOCKED,36.9312,0.0000,0.0000,0.0000,0.9508,0.00,1,classical
2026-08-24T01:19:18,57.80,LOCKED,37.3065,0.0000,0.0000,0.0000,0.9503,0.00,1,classical
2026-08-24T01:19:19,60.24,LOCKED,36.9243,0.0000,0.0000,0.0000,0.9508,0.00,1,classical
2026-08-24T01:19:20,59.88,LOCKED,36.4813,0.0000,0.0000,0.0000,0.9514,0.00,1,classical
2026-08-24T01:19:21,59.88,LOCKED,36.2574,0.0000,0.0000,0.0000,0.9517,0.00,1,classical
2026-08-24T01:19:22,58.82,LOCKED,35.9797,0.0000,0.0000,0.0000,0.9520,0.00,1,classical
2026-08-24T01:19:23,57.80,LOCKED,36.1825,0.0000,0.0000,0.0000,0.9518,0.00,1,classical
2026-08-24T01:19:24,59.17,LOCKED,36.5690,0.0000,0.0000,0.0000,0.9512,0.00,1,classical
2026-08-24T01:19:25,61.35,LOCKED,36.2364,0.0000,0.0000,0.0000,0.9517,0.00,1,classical
2026-08-24T01:19:26,59.17,LOCKED,37.4522,0.0000,0.0000,0.0000,0.9501,0.00,1,classical
2026-08-24T01:19:27,59.17,LOCKED,37.3456,0.0000,0.0000,0.0000,0.9502,0.00,1,classical
2026-08-24T01:19:28,56.82,LOCKED,36.9821,0.0000,0.0000,0.0000,0.9507,0.00,1,classical
2026-08-24T01:19:29,58.14,LOCKED,36.1234,0.0000,0.0000,0.0000,0.9518,0.00,1,classical
2026-08-24T01:19:30,58.82,LOCKED,35.9144,0.0000,0.0000,0.0000,0.9521,0.00,1,classical
2026-08-24T01:19:31,59.17,LOCKED,36.0223,0.0000,0.0000,0.0000,0.9520,0.00,1,classical
2026-08-24T01:19:32,58.14,LOCKED,36.8642,0.0000,0.0000,0.0000,0.9508,0.00,1,classical
2026-08-24T01:19:33,59.52,LOCKED,37.3160,0.0000,0.0000,0.0000,0.9502,0.00,1,classical
2026-08-24T01:19:34,60.61,LOCKED,36.8956,0.0000,0.0000,0.0000,0.9508,0.00,1,classical
2026-08-24T01:19:35,60.61,LOCKED,36.7044,0.0000,0.0000,0.0000,0.9511,0.00,1,classical
2026-08-24T01:19:36,59.52,LOCKED,36.5074,0.0000,0.0000,0.0000,0.9513,0.00,1,classical
2026-08-24T01:19:37,58.48,LOCKED,36.0888,0.0000,0.0000,0.0000,0.9519,0.00,1,classical
2026-08-24T01:19:38,57.47,LOCKED,36.2290,0.0000,0.0000,0.0000,0.9517,0.00,1,classical
2026-08-24T01:19:39,60.61,LOCKED,35.8504,0.0000,0.0000,0.0000,0.9522,0.00,1,classical
2026-08-24T01:19:40,59.88,LOCKED,36.2788,0.0000,0.0000,0.0000,0.9516,0.00,1,classical
2026-08-24T01:19:41,59.52,LOCKED,36.9009,0.0000,0.0000,0.0000,0.9508,0.00,1,classical
2026-08-24T01:19:42,60.61,LOCKED,37.0193,0.0000,0.0000,0.0000,0.9506,0.00,1,classical
2026-08-24T01:19:43,57.14,LOCKED,37.2487,0.0000,0.0000,0.0000,0.9503,0.00,1,classical
2026-08-24T01:19:44,56.82,LOCKED,36.7878,0.0000,0.0000,0.0000,0.9509,0.00,1,classical
2026-08-24T01:19:45,60.61,LOCKED,35.3814,0.0000,0.0000,0.0000,0.9528,0.00,1,classical
2026-08-24T01:19:46,60.24,LOCKED,35.4586,0.0000,0.0000,0.0000,0.9527,0.00,1,classical
2026-08-24T01:19:47,60.61,LOCKED,36.0668,0.0000,0.0000,0.0000,0.9519,0.00,1,classical
2026-08-24T01:19:48,60.98,LOCKED,36.6886,0.0000,0.0000,0.0000,0.9511,0.00,1,classical
2026-08-24T01:19:49,59.17,LOCKED,37.1372,0.0000,0.0000,0.0000,0.9505,0.00,1,classical
2026-08-24T01:19:50,60.24,LOCKED,36.8628,0.0000,0.0000,0.0000,0.9508,0.00,1,classical
2026-08-24T01:19:51,58.82,LOCKED,36.7726,0.0000,0.0000,0.0000,0.9510,0.00,1,classical
2026-08-24T01:19:52,59.52,LOCKED,36.1730,0.0000,0.0000,0.0000,0.9518,0.00,1,classical
2026-08-24T01:19:53,57.14,LOCKED,36.2895,0.0000,0.0000,0.0000,0.9516,0.00,1,classical
2026-08-24T01:19:54,58.14,LOCKED,35.8046,0.0000,0.0000,0.0000,0.9523,0.00,1,classical
2026-08-24T01:19:55,59.88,LOCKED,35.9913,0.0000,0.0000,0.0000,0.9520,0.00,1,classical
2026-08-24T01:19:56,59.52,LOCKED,36.7090,0.0000,0.0000,0.0000,0.9511,0.00,1,classical
2026-08-24T01:19:57,60.24,LOCKED,36.9638,0.0000,0.0000,0.0000,0.9507,0.00,1,classical
2026-08-24T01:19:58,60.24,LOCKED,37.0345,0.0000,0.0000,0.0000,0.9506,0.00,1,classical
2026-08-24T01:19:59,58.48,LOCKED,37.1248,0.0000,0.0000,0.0000,0.9505,0.00,1,classical
2026-08-24T01:20:00,57.80,LOCKED,36.4550,0.0000,0.0000,0.0000,0.9514,0.00,1,classical
2026-08-24T01:20:01,59.88,LOCKED,35.5895,0.0000,0.0000,0.0000,0.9525,0.00,1,classical
2026-08-24T01:20:02,57.47,LOCKED,35.5463,0.0000,0.0000,0.0000,0.9526,0.00,1,classical
2026-08-24T01:20:03,59.88,LOCKED,35.9172,0.0000,0.0000,0.0000,0.9521,0.00,1,classical
2026-08-24T01:20:04,61.35,LOCKED,36.6464,0.0000,0.0000,0.0000,0.9511,0.00,1,classical
2026-08-24T01:20:05,57.14,LOCKED,37.4504,0.0000,0.0000,0.0000,0.9501,0.00,1,classical
2026-08-24T01:20:06,60.98,LOCKED,37.1097,0.0000,0.0000,0.0000,0.9505,0.00,1,classical
2026-08-24T01:20:07,58.48,LOCKED,36.8095,0.0000,0.0000,0.0000,0.9509,0.00,1,classical
2026-08-24T01:20:08,60.61,LOCKED,35.6545,0.0000,0.0000,0.0000,0.9525,0.00,1,classical
2026-08-24T01:20:09,60.61,LOCKED,35.1747,0.0000,0.0000,0.0000,0.9531,0.00,1,classical
2026-08-24T01:20:10,53.48,LOCKED,36.5349,0.0000,0.0000,0.0000,0.9513,0.00,1,classical
2026-08-24T01:20:11,59.17,LOCKED,36.3189,0.0000,0.0000,0.0000,0.9516,0.00,1,classical
2026-08-24T01:20:12,59.52,LOCKED,36.6131,0.0000,0.0000,0.0000,0.9512,0.00,1,classical
2026-08-24T01:20:13,56.50,LOCKED,37.6151,0.0000,0.0000,0.0000,0.9498,0.00,1,classical
2026-08-24T01:20:14,59.17,LOCKED,36.5470,0.0000,0.0000,0.0000,0.9513,0.00,1,classical
2026-08-24T01:20:15,60.24,LOCKED,35.8124,0.0000,0.0000,0.0000,0.9523,0.00,1,classical
2026-08-24T01:20:16,51.81,LOCKED,36.5087,0.0000,0.0000,0.0000,0.9513,0.00,1,classical
2026-08-24T01:20:17,60.98,LOCKED,35.1943,0.0000,0.0000,0.0000,0.9531,0.00,1,classical
2026-08-24T01:20:18,60.24,LOCKED,35.6755,0.0000,0.0000,0.0000,0.9524,0.00,1,classical
2026-08-24T01:20:19,60.61,LOCKED,36.4698,0.0000,0.0000,0.0000,0.9514,0.00,1,classical
2026-08-24T01:20:20,57.80,LOCKED,37.1912,0.0000,0.0000,0.0000,0.9504,0.00,1,classical
2026-08-24T01:20:21,60.24,LOCKED,37.1214,0.0000,0.0000,0.0000,0.9505,0.00,1,classical
2026-08-24T01:20:22,60.98,LOCKED,36.5466,0.0000,0.0000,0.0000,0.9513,0.00,1,classical
2026-08-24T01:20:23,59.52,LOCKED,36.3985,0.0000,0.0000,0.0000,0.9515,0.00,1,classical
2026-08-24T01:20:24,57.80,LOCKED,35.9940,0.0000,0.0000,0.0000,0.9520,0.00,1,classical
2026-08-24T01:20:25,57.80,LOCKED,36.4737,0.0000,0.0000,0.0000,0.9514,0.00,1,classical
2026-08-24T01:20:26,60.24,LOCKED,35.8742,0.0000,0.0000,0.0000,0.9522,0.00,1,classical
2026-08-24T01:20:27,58.82,LOCKED,36.7472,0.0000,0.0000,0.0000,0.9510,0.00,1,classical
2026-08-24T01:20:28,60.24,LOCKED,37.0993,0.0000,0.0000,0.0000,0.9505,0.00,1,classical
2026-08-24T01:20:29,58.14,LOCKED,37.4382,0.0000,0.0000,0.0000,0.9501,0.00,1,classical
2026-08-24T01:20:30,60.24,LOCKED,36.8693,0.0000,0.0000,0.0000,0.9508,0.00,1,classical
2026-08-24T01:20:31,60.98,LOCKED,36.0002,0.0000,0.0000,0.0000,0.9520,0.00,1,classical
2026-08-24T01:20:32,60.98,LOCKED,35.9175,0.0000,0.0000,0.0000,0.9521,0.00,1,classical
2026-08-24T01:20:33,56.50,LOCKED,35.9356,0.0000,0.0000,0.0000,0.9521,0.00,1,classical
2026-08-24T01:20:34,56.82,LOCKED,36.3132,0.0000,0.0000,0.0000,0.9516,0.00,1,classical
2026-08-24T01:20:35,59.88,LOCKED,36.6687,0.0000,0.0000,0.0000,0.9511,0.00,1,classical
2026-08-24T01:20:36,59.88,LOCKED,37.0894,0.0000,0.0000,0.0000,0.9505,0.00,1,classical
2026-08-24T01:20:37,60.24,LOCKED,37.0526,0.0000,0.0000,0.0000,0.9506,0.00,1,classical
2026-08-24T01:20:38,60.61,LOCKED,36.6431,0.0000,0.0000,0.0000,0.9511,0.00,1,classical
2026-08-24T01:20:39,58.82,LOCKED,36.5075,0.0000,0.0000,0.0000,0.9513,0.00,1,classical
2026-08-24T01:20:40,59.88,LOCKED,35.5047,0.0000,0.0000,0.0000,0.9527,0.00,1,classical
2026-08-24T01:20:41,57.47,LOCKED,36.0440,0.0000,0.0000,0.0000,0.9519,0.00,1,classical
2026-08-24T01:20:43,59.17,LOCKED,36.1917,0.0000,0.0000,0.0000,0.9517,0.00,1,classical
2026-08-24T01:20:44,60.24,LOCKED,37.0033,0.0000,0.0000,0.0000,0.9507,0.00,1,classical
2026-08-24T01:20:45,59.88,LOCKED,36.9545,0.0000,0.0000,0.0000,0.9507,0.00,1,classical
2026-08-24T01:20:46,59.52,LOCKED,37.1576,0.0000,0.0000,0.0000,0.9505,0.00,1,classical
2026-08-24T01:20:47,60.98,LOCKED,36.6412,0.0000,0.0000,0.0000,0.9511,0.00,1,classical
2026-08-24T01:20:48,59.17,LOCKED,36.0828,0.0000,0.0000,0.0000,0.9519,0.00,1,classical
2026-08-24T01:20:49,60.24,LOCKED,35.4811,0.0000,0.0000,0.0000,0.9527,0.00,1,classical
2026-08-24T01:20:50,60.24,LOCKED,35.7531,0.0000,0.0000,0.0000,0.9523,0.00,1,classical
2026-08-24T01:20:51,59.88,LOCKED,36.4628,0.0000,0.0000,0.0000,0.9514,0.00,1,classical
2026-08-24T01:20:52,59.17,LOCKED,37.0507,0.0000,0.0000,0.0000,0.9506,0.00,1,classical
2026-08-24T01:20:53,59.52,LOCKED,37.0379,0.0000,0.0000,0.0000,0.9506,0.00,1,classical
2026-08-24T01:20:54,59.52,LOCKED,36.9462,0.0000,0.0000,0.0000,0.9507,0.00,1,classical
2026-08-24T01:20:55,59.17,LOCKED,36.6111,0.0000,0.0000,0.0000,0.9512,0.00,1,classical
2026-08-24T01:20:56,59.88,LOCKED,35.9410,0.0000,0.0000,0.0000,0.9521,0.00,1,classical
2026-08-24T01:20:57,59.52,LOCKED,35.7357,0.0000,0.0000,0.0000,0.9524,0.00,1,classical
2026-08-24T01:20:58,60.61,LOCKED,35.9937,0.0000,0.0000,0.0000,0.9520,0.00,1,classical
2026-08-24T01:20:59,60.98,LOCKED,36.2155,0.0000,0.0000,0.0000,0.9517,0.00,1,classical
2026-08-24T01:21:00,60.98,LOCKED,36.7814,0.0000,0.0000,0.0000,0.9510,0.00,1,classical
2026-08-24T01:21:01,55.25,LOCKED,38.0526,0.0000,0.0000,0.0000,0.9493,0.00,1,classical
2026-08-24T01:21:02,58.82,LOCKED,36.7074,0.0000,0.0000,0.0000,0.9511,0.00,1,classical
2026-08-24T01:21:03,57.80,LOCKED,36.2189,0.0000,0.0000,0.0000,0.9517,0.00,1,classical
2026-08-24T01:21:04,60.24,LOCKED,35.5959,0.0000,0.0000,0.0000,0.9525,0.00,1,classical
2026-08-24T01:21:05,57.47,LOCKED,36.1214,0.0000,0.0000,0.0000,0.9518,0.00,1,classical
2026-08-24T01:21:06,58.48,LOCKED,36.4668,0.0000,0.0000,0.0000,0.9514,0.00,1,classical
2026-08-24T01:21:07,60.24,LOCKED,36.3778,0.0000,0.0000,0.0000,0.9515,0.00,1,classical
2026-08-24T01:21:08,58.48,LOCKED,37.2259,0.0000,0.0000,0.0000,0.9504,0.00,1,classical
2026-08-24T01:21:09,60.61,LOCKED,36.9305,0.0000,0.0000,0.0000,0.9508,0.00,1,classical
2026-08-24T01:21:10,60.24,LOCKED,36.8231,0.0000,0.0000,0.0000,0.9509,0.00,1,classical
2026-08-24T01:21:11,57.14,LOCKED,37.0522,0.0000,0.0000,0.0000,0.9506,0.00,1,classical
2026-08-24T01:21:12,55.56,LOCKED,36.4369,0.0000,0.0000,0.0000,0.9514,0.00,1,classical
2026-08-24T01:21:13,58.14,LOCKED,35.7532,0.0000,0.0000,0.0000,0.9523,0.00,1,classical
2026-08-24T01:21:14,58.14,LOCKED,36.2758,0.0000,0.0000,0.0000,0.9516,0.00,1,classical
2026-08-24T01:21:15,59.52,LOCKED,37.1406,0.0000,0.0000,0.0000,0.9505,0.00,1,classical
2026-08-24T01:21:16,60.24,LOCKED,36.1963,0.0000,0.0000,0.0000,0.9517,0.00,1,classical
2026-08-24T01:21:17,59.88,LOCKED,36.4041,0.0000,0.0000,0.0000,0.9515,0.00,1,classical
2026-08-24T01:21:18,58.48,LOCKED,36.3586,0.0000,0.0000,0.0000,0.9515,0.00,1,classical
2026-08-24T01:21:19,59.52,LOCKED,35.4783,0.0000,0.0000,0.0000,0.9527,0.00,1,classical
2026-08-24T01:21:20,59.88,LOCKED,35.1036,0.0000,0.0000,0.0000,0.9532,0.00,1,classical
2026-08-24T01:21:21,58.48,LOCKED,35.5215,0.0000,0.0000,0.0000,0.9526,0.00,1,classical
2026-08-24T01:21:22,60.61,LOCKED,35.6192,0.0000,0.0000,0.0000,0.9525,0.00,1,classical
2026-08-24T01:21:23,60.61,LOCKED,36.3122,0.0000,0.0000,0.0000,0.9516,0.00,1,classical
2026-08-24T01:21:24,60.61,LOCKED,37.0050,0.0000,0.0000,0.0000,0.9507,0.00,1,classical
2026-08-24T01:21:25,60.61,LOCKED,36.7878,0.0000,0.0000,0.0000,0.9509,0.00,1,classical
2026-08-24T01:21:26,60.98,LOCKED,36.3040,0.0000,0.0000,0.0000,0.9516,0.00,1,classical
2026-08-24T01:21:27,60.24,LOCKED,35.8373,0.0000,0.0000,0.0000,0.9522,0.00,1,classical
2026-08-24T01:21:28,59.52,LOCKED,35.9343,0.0000,0.0000,0.0000,0.9521,0.00,1,classical
2026-08-24T01:21:29,59.88,LOCKED,35.8057,0.0000,0.0000,0.0000,0.9523,0.00,1,classical
2026-08-24T01:21:30,59.88,LOCKED,36.1662,0.0000,0.0000,0.0000,0.9518,0.00,1,classical
2026-08-24T01:21:31,59.17,LOCKED,37.0579,0.0000,0.0000,0.0000,0.9506,0.00,1,classical
2026-08-24T01:21:32,59.88,LOCKED,37.0926,0.0000,0.0000,0.0000,0.9505,0.00,1,classical
2026-08-24T01:21:33,57.47,LOCKED,37.3183,0.0000,0.0000,0.0000,0.9502,0.00,1,classical
2026-08-24T01:21:34,61.35,LOCKED,36.1570,0.0000,0.0000,0.0000,0.9518,0.00,1,classical
2026-08-24T01:21:35,60.61,LOCKED,35.6072,0.0000,0.0000,0.0000,0.9525,0.00,1,classical
2026-08-24T01:21:36,59.88,LOCKED,35.0388,0.0000,0.0000,0.0000,0.9533,0.00,1,classical
2026-08-24T01:21:37,60.61,LOCKED,35.8537,0.0000,0.0000,0.0000,0.9522,0.00,1,classical
2026-08-24T01:21:38,60.24,LOCKED,36.4724,0.0000,0.0000,0.0000,0.9514,0.00,1,classical
2026-08-24T01:21:39,57.47,LOCKED,37.4810,0.0000,0.0000,0.0000,0.9500,0.00,1,classical
2026-08-24T01:21:40,60.24,LOCKED,36.8073,0.0000,0.0000,0.0000,0.9509,0.00,1,classical
2026-08-24T01:21:41,59.17,LOCKED,36.8317,0.0000,0.0000,0.0000,0.9509,0.00,1,classical
2026-08-24T01:21:42,59.52,LOCKED,35.8844,0.0000,0.0000,0.0000,0.9522,0.00,1,classical
2026-08-24T01:21:43,59.88,LOCKED,35.6044,0.0000,0.0000,0.0000,0.9525,0.00,1,classical
2026-08-24T01:21:44,59.88,LOCKED,35.7252,0.0000,0.0000,0.0000,0.9524,0.00,1,classical
2026-08-24T01:21:45,59.52,LOCKED,36.1978,0.0000,0.0000,0.0000,0.9517,0.00,1,classical
2026-08-24T01:21:46,59.52,LOCKED,36.7470,0.0000,0.0000,0.0000,0.9510,0.00,1,classical
2026-08-24T01:21:47,58.14,LOCKED,37.3144,0.0000,0.0000,0.0000,0.9502,0.00,1,classical
2026-08-24T01:21:48,59.88,LOCKED,37.2280,0.0000,0.0000,0.0000,0.9504,0.00,1,classical
2026-08-24T01:21:49,60.61,LOCKED,36.8073,0.0000,0.0000,0.0000,0.9509,0.00,1,classical
2026-08-24T01:21:50,59.17,LOCKED,36.3618,0.0000,0.0000,0.0000,0.9515,0.00,1,classical
2026-08-24T01:21:51,59.17,LOCKED,36.1930,0.0000,0.0000,0.0000,0.9517,0.00,1,classical
2026-08-24T01:21:52,59.88,LOCKED,35.8311,0.0000,0.0000,0.0000,0.9522,0.00,1,classical
2026-08-24T01:21:53,59.52,LOCKED,36.2501,0.0000,0.0000,0.0000,0.9517,0.00,1,classical
2026-08-24T01:21:54,60.98,LOCKED,36.6418,0.0000,0.0000,0.0000,0.9511,0.00,1,classical
2026-08-24T01:21:55,60.98,LOCKED,37.0974,0.0000,0.0000,0.0000,0.9505,0.00,1,classical
2026-08-24T01:21:56,59.88,LOCKED,37.1476,0.0000,0.0000,0.0000,0.9505,0.00,1,classical
2026-08-24T01:21:57,59.17,LOCKED,36.6896,0.0000,0.0000,0.0000,0.9511,0.00,1,classical
2026-08-24T01:21:58,59.52,LOCKED,36.2988,0.0000,0.0000,0.0000,0.9516,0.00,1,classical
2026-08-24T01:21:59,59.88,LOCKED,35.9132,0.0000,0.0000,0.0000,0.9521,0.00,1,classical
2026-08-24T01:22:00,58.82,LOCKED,35.7758,0.0000,0.0000,0.0000,0.9523,0.00,1,classical
2026-08-24T01:22:01,60.61,LOCKED,36.5054,0.0000,0.0000,0.0000,0.9513,0.00,1,classical
2026-08-24T01:22:02,61.35,LOCKED,36.6284,0.0000,0.0000,0.0000,0.9512,0.00,1,classical
2026-08-24T01:22:03,60.24,LOCKED,37.0769,0.0000,0.0000,0.0000,0.9506,0.00,1,classical
2026-08-24T01:22:04,59.52,LOCKED,37.0914,0.0000,0.0000,0.0000,0.9505,0.00,1,classical
2026-08-24T01:22:05,60.98,LOCKED,36.3276,0.0000,0.0000,0.0000,0.9516,0.00,1,classical
2026-08-24T01:22:06,60.24,LOCKED,35.9282,0.0000,0.0000,0.0000,0.9521,0.00,1,classical
2026-08-24T01:22:07,59.88,LOCKED,36.0045,0.0000,0.0000,0.0000,0.9520,0.00,1,classical
2026-08-24T01:22:08,60.24,LOCKED,35.7458,0.0000,0.0000,0.0000,0.9523,0.00,1,classical
2026-08-24T01:22:09,60.98,LOCKED,36.3779,0.0000,0.0000,0.0000,0.9515,0.00,1,classical
2026-08-24T01:22:10,60.24,LOCKED,36.9102,0.0000,0.0000,0.0000,0.9508,0.00,1,classical
2026-08-24T01:22:11,60.61,LOCKED,37.0772,0.0000,0.0000,0.0000,0.9506,0.00,1,classical
2026-08-24T01:22:12,59.17,LOCKED,36.8480,0.0000,0.0000,0.0000,0.9509,0.00,1,classical
2026-08-24T01:22:13,59.88,LOCKED,36.4135,0.0000,0.0000,0.0000,0.9514,0.00,1,classical
2026-08-24T01:22:14,59.88,LOCKED,35.9851,0.0000,0.0000,0.0000,0.9520,0.00,1,classical
2026-08-24T01:22:15,59.52,LOCKED,35.8888,0.0000,0.0000,0.0000,0.9521,0.00,1,classical
2026-08-24T01:22:16,59.17,LOCKED,36.0909,0.0000,0.0000,0.0000,0.9519,0.00,1,classical
2026-08-24T01:22:17,59.52,LOCKED,36.6974,0.0000,0.0000,0.0000,0.9511,0.00,1,classical
2026-08-24T01:22:18,60.61,LOCKED,36.8878,0.0000,0.0000,0.0000,0.9508,0.00,1,classical
2026-08-24T01:22:19,55.25,LOCKED,38.1212,0.0000,0.0000,0.0000,0.9492,0.00,1,classical
2026-08-24T01:22:20,58.82,LOCKED,36.7303,0.0000,0.0000,0.0000,0.9510,0.00,1,classical
2026-08-24T01:22:21,57.80,LOCKED,36.4922,0.0000,0.0000,0.0000,0.9513,0.00,1,classical
2026-08-24T01:22:22,57.47,LOCKED,36.4473,0.0000,0.0000,0.0000,0.9514,0.00,1,classical
2026-08-24T01:22:23,55.25,LOCKED,36.1132,0.0000,0.0000,0.0000,0.9518,0.00,1,classical
2026-08-24T01:22:24,56.50,LOCKED,35.8971,0.0000,0.0000,0.0000,0.9521,0.00,1,classical
2026-08-24T01:22:25,60.61,LOCKED,36.7326,0.0000,0.0000,0.0000,0.9510,0.00,1,classical
2026-08-24T01:22:26,60.61,LOCKED,36.7655,0.0000,0.0000,0.0000,0.9510,0.00,1,classical
2026-08-24T01:22:27,59.88,LOCKED,37.1756,0.0000,0.0000,0.0000,0.9504,0.00,1,classical
2026-08-24T01:22:28,60.61,LOCKED,36.4980,0.0000,0.0000,0.0000,0.9513,0.00,1,classical
2026-08-24T01:22:29,58.82,LOCKED,36.2729,0.0000,0.0000,0.0000,0.9516,0.00,1,classical
2026-08-24T01:22:30,57.47,LOCKED,36.1643,0.0000,0.0000,0.0000,0.9518,0.00,1,classical
2026-08-24T01:22:31,56.18,LOCKED,36.5694,0.0000,0.0000,0.0000,0.9512,0.00,1,classical
2026-08-24T01:22:32,59.88,LOCKED,35.9396,0.0000,0.0000,0.0000,0.9521,0.00,1,classical
2026-08-24T01:22:33,60.24,LOCKED,36.8003,0.0000,0.0000,0.0000,0.9509,0.00,1,classical
2026-08-24T01:22:34,60.61,LOCKED,36.9016,0.0000,0.0000,0.0000,0.9508,0.00,1,classical
2026-08-24T01:22:35,60.24,LOCKED,37.3998,0.0000,0.0000,0.0000,0.9501,0.00,1,classical
2026-08-24T01:22:36,59.52,LOCKED,36.6598,0.0000,0.0000,0.0000,0.9511,0.00,1,classical
2026-08-24T01:22:37,59.52,LOCKED,36.1418,0.0000,0.0000,0.0000,0.9518,0.00,1,classical
2026-08-24T01:22:38,61.73,LOCKED,35.5870,0.0000,0.0000,0.0000,0.9526,0.00,1,classical
2026-08-24T01:22:39,59.17,LOCKED,35.8134,0.0000,0.0000,0.0000,0.9522,0.00,1,classical
2026-08-24T01:22:40,60.61,LOCKED,35.9433,0.0000,0.0000,0.0000,0.9521,0.00,1,classical
2026-08-24T01:22:41,60.24,LOCKED,36.9922,0.0000,0.0000,0.0000,0.9507,0.00,1,classical
2026-08-24T01:22:42,58.82,LOCKED,37.6741,0.0000,0.0000,0.0000,0.9498,0.00,1,classical
2026-08-24T01:22:43,60.98,LOCKED,36.9312,0.0000,0.0000,0.0000,0.9508,0.00,1,classical
2026-08-24T01:22:44,60.61,LOCKED,36.3219,0.0000,0.0000,0.0000,0.9516,0.00,1,classical
2026-08-24T01:22:45,59.52,LOCKED,35.9746,0.0000,0.0000,0.0000,0.9520,0.00,1,classical
2026-08-24T01:22:46,60.24,LOCKED,35.8573,0.0000,0.0000,0.0000,0.9522,0.00,1,classical
2026-08-24T01:22:47,59.52,LOCKED,36.0393,0.0000,0.0000,0.0000,0.9519,0.00,1,classical
2026-08-24T01:22:48,60.98,LOCKED,36.4167,0.0000,0.0000,0.0000,0.9514,0.00,1,classical
2026-08-24T01:22:49,60.61,LOCKED,36.9236,0.0000,0.0000,0.0000,0.9508,0.00,1,classical
2026-08-24T01:22:50,59.88,LOCKED,37.3485,0.0000,0.0000,0.0000,0.9502,0.00,1,classical
2026-08-24T01:22:51,57.14,LOCKED,37.0597,0.0000,0.0000,0.0000,0.9506,0.00,1,classical
2026-08-24T01:22:52,60.61,LOCKED,36.2107,0.0000,0.0000,0.0000,0.9517,0.00,1,classical
2026-08-24T01:22:53,61.73,LOCKED,35.6548,0.0000,0.0000,0.0000,0.9525,0.00,1,classical
2026-08-24T01:22:55,58.14,LOCKED,35.8455,0.0000,0.0000,0.0000,0.9522,0.00,1,classical
2026-08-24T01:22:56,60.24,LOCKED,36.2169,0.0000,0.0000,0.0000,0.9517,0.00,1,classical
2026-08-24T01:22:57,60.61,LOCKED,36.6579,0.0000,0.0000,0.0000,0.9511,0.00,1,classical
2026-08-24T01:22:58,58.48,LOCKED,37.6705,0.0000,0.0000,0.0000,0.9498,0.00,1,classical
2026-08-24T01:22:59,60.24,LOCKED,37.0714,0.0000,0.0000,0.0000,0.9506,0.00,1,classical
2026-08-24T01:23:00,60.24,LOCKED,36.8748,0.0000,0.0000,0.0000,0.9508,0.00,1,classical
2026-08-24T01:23:01,60.98,LOCKED,35.9003,0.0000,0.0000,0.0000,0.9521,0.00,1,classical
2026-08-24T01:23:02,59.52,LOCKED,36.0055,0.0000,0.0000,0.0000,0.9520,0.00,1,classical
2026-08-24T01:23:03,60.61,LOCKED,35.6750,0.0000,0.0000,0.0000,0.9524,0.00,1,classical
2026-08-24T01:23:04,59.88,LOCKED,36.3285,0.0000,0.0000,0.0000,0.9516,0.00,1,classical
2026-08-24T01:23:05,59.88,LOCKED,36.4541,0.0000,0.0000,0.0000,0.9514,0.00,1,classical
2026-08-24T01:23:06,59.17,LOCKED,37.6130,0.0000,0.0000,0.0000,0.9498,0.00,1,classical
2026-08-24T01:23:07,60.98,LOCKED,36.9225,0.0000,0.0000,0.0000,0.9508,0.00,1,classical
2026-08-24T01:23:08,60.24,LOCKED,36.7086,0.0000,0.0000,0.0000,0.9511,0.00,1,classical
2026-08-24T01:23:09,58.48,LOCKED,36.4167,0.0000,0.0000,0.0000,0.9514,0.00,1,classical
2026-08-24T01:23:10,60.61,LOCKED,35.6577,0.0000,0.0000,0.0000,0.9525,0.00,1,classical
2026-08-24T01:23:11,60.98,LOCKED,35.7014,0.0000,0.0000,0.0000,0.9524,0.00,1,classical
2026-08-24T01:23:12,59.52,LOCKED,36.3870,0.0000,0.0000,0.0000,0.9515,0.00,1,classical
2026-08-24T01:23:13,57.14,LOCKED,37.0270,0.0000,0.0000,0.0000,0.9506,0.00,1,classical
2026-08-24T01:23:14,60.24,LOCKED,36.9274,0.0000,0.0000,0.0000,0.9508,0.00,1,classical
2026-08-24T01:23:15,60.24,LOCKED,37.1147,0.0000,0.0000,0.0000,0.9505,0.00,1,classical
2026-08-24T01:23:16,56.18,LOCKED,36.9138,0.0000,0.0000,0.0000,0.9508,0.00,1,classical
2026-08-24T01:23:17,59.88,LOCKED,35.8821,0.0000,0.0000,0.0000,0.9522,0.00,1,classical
2026-08-24T01:23:18,60.24,LOCKED,35.7454,0.0000,0.0000,0.0000,0.9523,0.00,1,classical
2026-08-24T01:23:19,58.48,LOCKED,35.9628,0.0000,0.0000,0.0000,0.9520,0.00,1,classical
2026-08-24T01:23:20,60.61,LOCKED,36.1630,0.0000,0.0000,0.0000,0.9518,0.00,1,classical
2026-08-24T01:23:21,60.98,LOCKED,36.8394,0.0000,0.0000,0.0000,0.9509,0.00,1,classical
2026-08-24T01:23:22,61.73,LOCKED,36.9048,0.0000,0.0000,0.0000,0.9508,0.00,1,classical
2026-08-24T01:23:23,59.88,LOCKED,37.3562,0.0000,0.0000,0.0000,0.9502,0.00,1,classical
2026-08-24T01:23:24,58.14,LOCKED,36.3291,0.0000,0.0000,0.0000,0.9516,0.00,1,classical
2026-08-24T01:23:25,59.52,LOCKED,36.0524,0.0000,0.0000,0.0000,0.9519,0.00,1,classical
2026-08-24T01:23:26,60.24,LOCKED,35.5902,0.0000,0.0000,0.0000,0.9525,0.00,1,classical
2026-08-24T01:23:27,57.80,LOCKED,36.1860,0.0000,0.0000,0.0000,0.9518,0.00,1,classical
2026-08-24T01:23:28,58.14,LOCKED,36.4718,0.0000,0.0000,0.0000,0.9514,0.00,1,classical
2026-08-24T01:23:29,60.61,LOCKED,36.9066,0.0000,0.0000,0.0000,0.9508,0.00,1,classical
2026-08-24T01:23:30,59.88,LOCKED,37.2073,0.0000,0.0000,0.0000,0.9504,0.00,1,classical
2026-08-24T01:23:31,57.80,LOCKED,36.7691,0.0000,0.0000,0.0000,0.9510,0.00,1,classical
2026-08-24T01:23:32,60.24,LOCKED,36.2073,0.0000,0.0000,0.0000,0.9517,0.00,1,classical
2026-08-24T01:23:33,60.24,LOCKED,35.9714,0.0000,0.0000,0.0000,0.9520,0.00,1,classical
2026-08-24T01:23:34,60.24,LOCKED,35.4528,0.0000,0.0000,0.0000,0.9527,0.00,1,classical
2026-08-24T01:23:35,62.11,LOCKED,36.1722,0.0000,0.0000,0.0000,0.9518,0.00,1,classical
2026-08-24T01:23:36,60.61,LOCKED,36.6264,0.0000,0.0000,0.0000,0.9512,0.00,1,classical
2026-08-24T01:23:37,59.52,LOCKED,37.3479,0.0000,0.0000,0.0000,0.9502,0.00,1,classical
2026-08-24T01:23:38,59.17,LOCKED,37.2801,0.0000,0.0000,0.0000,0.9503,0.00,1,classical
2026-08-24T01:23:39,60.61,LOCKED,36.5440,0.0000,0.0000,0.0000,0.9513,0.00,1,classical
2026-08-24T01:23:40,61.35,LOCKED,36.2880,0.0000,0.0000,0.0000,0.9516,0.00,1,classical
2026-08-24T01:23:41,59.52,LOCKED,35.8091,0.0000,0.0000,0.0000,0.9523,0.00,1,classical
2026-08-24T01:23:42,61.35,LOCKED,35.8505,0.0000,0.0000,0.0000,0.9522,0.00,1,classical
2026-08-24T01:23:43,60.24,LOCKED,36.1162,0.0000,0.0000,0.0000,0.9518,0.00,1,classical
2026-08-24T01:23:44,57.47,LOCKED,36.8159,0.0000,0.0000,0.0000,0.9509,0.00,1,classical
2026-08-24T01:23:45,59.88,LOCKED,37.0611,0.0000,0.0000,0.0000,0.9506,0.00,1,classical
2026-08-24T01:23:46,61.73,LOCKED,36.8562,0.0000,0.0000,0.0000,0.9509,0.00,1,classical
2026-08-24T01:23:47,60.98,LOCKED,36.8808,0.0000,0.0000,0.0000,0.9508,0.00,1,classical
2026-08-24T01:23:48,58.82,LOCKED,36.5404,0.0000,0.0000,0.0000,0.9513,0.00,1,classical
2026-08-24T01:23:49,60.61,LOCKED,35.5893,0.0000,0.0000,0.0000,0.9525,0.00,1,classical
2026-08-24T01:23:50,60.61,LOCKED,35.9950,0.0000,0.0000,0.0000,0.9520,0.00,1,classical
2026-08-24T01:23:51,56.50,LOCKED,36.9816,0.0000,0.0000,0.0000,0.9507,0.00,1,classical
2026-08-24T01:23:52,60.24,LOCKED,36.4414,0.0000,0.0000,0.0000,0.9514,0.00,1,classical
2026-08-24T01:23:53,61.73,LOCKED,37.0072,0.0000,0.0000,0.0000,0.9507,0.00,1,classical
2026-08-24T01:23:54,60.24,LOCKED,37.6371,0.0000,0.0000,0.0000,0.9498,0.00,1,classical
2026-08-24T01:23:55,59.52,LOCKED,36.4581,0.0000,0.0000,0.0000,0.9514,0.00,1,classical
2026-08-24T01:23:56,60.98,LOCKED,35.9243,0.0000,0.0000,0.0000,0.9521,0.00,1,classical
2026-08-24T01:23:57,58.82,LOCKED,36.0053,0.0000,0.0000,0.0000,0.9520,0.00,1,classical
2026-08-24T01:23:58,60.24,LOCKED,35.8147,0.0000,0.0000,0.0000,0.9522,0.00,1,classical
2026-08-24T01:23:59,60.61,LOCKED,36.2627,0.0000,0.0000,0.0000,0.9516,0.00,1,classical
2026-08-24T01:24:00,59.52,LOCKED,37.1109,0.0000,0.0000,0.0000,0.9505,0.00,1,classical
2026-08-24T01:24:01,58.82,LOCKED,37.4605,0.0000,0.0000,0.0000,0.9501,0.00,1,classical
2026-08-24T01:24:02,58.14,LOCKED,37.1417,0.0000,0.0000,0.0000,0.9505,0.00,1,classical
2026-08-24T01:24:03,60.24,LOCKED,36.3996,0.0000,0.0000,0.0000,0.9515,0.00,1,classical
2026-08-24T01:24:04,60.61,LOCKED,35.6865,0.0000,0.0000,0.0000,0.9524,0.00,1,classical
2026-08-24T01:24:05,60.24,LOCKED,35.6971,0.0000,0.0000,0.0000,0.9524,0.00,1,classical
2026-08-24T01:24:06,60.98,LOCKED,35.9651,0.0000,0.0000,0.0000,0.9520,0.00,1,classical
2026-08-24T01:24:07,60.61,LOCKED,37.1379,0.0000,0.0000,0.0000,0.9505,0.00,1,classical
2026-08-24T01:24:08,60.61,LOCKED,36.6738,0.0000,0.0000,0.0000,0.9511,0.00,1,classical
2026-08-24T01:24:09,60.98,LOCKED,37.5431,0.0000,0.0000,0.0000,0.9499,0.00,1,classical
2026-08-24T01:24:10,59.88,LOCKED,36.7593,0.0000,0.0000,0.0000,0.9510,0.00,1,classical
2026-08-24T01:24:11,61.35,LOCKED,35.7443,0.0000,0.0000,0.0000,0.9523,0.00,1,classical
2026-08-24T01:24:12,59.17,LOCKED,36.0809,0.0000,0.0000,0.0000,0.9519,0.00,1,classical
2026-08-24T01:24:13,60.61,LOCKED,35.7209,0.0000,0.0000,0.0000,0.9524,0.00,1,classical
2026-08-24T01:24:14,60.98,LOCKED,35.8595,0.0000,0.0000,0.0000,0.9522,0.00,1,classical
2026-08-24T01:24:15,60.24,LOCKED,36.7449,0.0000,0.0000,0.0000,0.9510,0.00,1,classical
2026-08-24T01:24:16,58.82,LOCKED,37.2875,0.0000,0.0000,0.0000,0.9503,0.00,1,classical
2026-08-24T01:24:17,60.24,LOCKED,36.8931,0.0000,0.0000,0.0000,0.9508,0.00,1,classical
2026-08-24T01:24:18,59.88,LOCKED,36.7586,0.0000,0.0000,0.0000,0.9510,0.00,1,classical
2026-08-24T01:24:19,57.47,LOCKED,36.2055,0.0000,0.0000,0.0000,0.9517,0.00,1,classical
2026-08-24T01:24:20,60.98,LOCKED,35.2408,0.0000,0.0000,0.0000,0.9530,0.00,1,classical
2026-08-24T01:24:21,59.52,LOCKED,35.8919,0.0000,0.0000,0.0000,0.9521,0.00,1,classical
2026-08-24T01:24:22,58.48,LOCKED,36.3695,0.0000,0.0000,0.0000,0.9515,0.00,1,classical
2026-08-24T01:24:23,60.98,LOCKED,36.4454,0.0000,0.0000,0.0000,0.9514,0.00,1,classical
2026-08-24T01:24:24,59.88,LOCKED,37.2573,0.0000,0.0000,0.0000,0.9503,0.00,1,classical
2026-08-24T01:24:25,59.52,LOCKED,37.1257,0.0000,0.0000,0.0000,0.9505,0.00,1,classical
2026-08-24T01:24:26,59.88,LOCKED,36.8917,0.0000,0.0000,0.0000,0.9508,0.00,1,classical
2026-08-24T01:24:27,60.61,LOCKED,35.9390,0.0000,0.0000,0.0000,0.9521,0.00,1,classical
2026-08-24T01:24:28,59.17,LOCKED,35.7644,0.0000,0.0000,0.0000,0.9523,0.00,1,classical
2026-08-24T01:24:29,59.17,LOCKED,36.1927,0.0000,0.0000,0.0000,0.9517,0.00,1,classical
2026-08-24T01:24:30,60.61,LOCKED,36.0896,0.0000,0.0000,0.0000,0.9519,0.00,1,classical
2026-08-24T01:24:31,58.14,LOCKED,37.1816,0.0000,0.0000,0.0000,0.9504,0.00,1,classical
2026-08-24T01:24:32,59.52,LOCKED,37.1697,0.0000,0.0000,0.0000,0.9504,0.00,1,classical
2026-08-24T01:24:33,59.88,LOCKED,36.9979,0.0000,0.0000,0.0000,0.9507,0.00,1,classical
2026-08-24T01:24:34,59.88,LOCKED,36.7063,0.0000,0.0000,0.0000,0.9511,0.00,1,classical
2026-08-24T01:24:35,56.18,LOCKED,36.9127,0.0000,0.0000,0.0000,0.9508,0.00,1,classical
2026-08-24T01:24:36,61.73,LOCKED,35.3196,0.0000,0.0000,0.0000,0.9529,0.00,1,classical
2026-08-24T01:24:37,60.61,LOCKED,35.8533,0.0000,0.0000,0.0000,0.9522,0.00,1,classical
2026-08-24T01:24:38,61.35,LOCKED,36.2153,0.0000,0.0000,0.0000,0.9517,0.00,1,classical
2026-08-24T01:24:39,58.82,LOCKED,37.1132,0.0000,0.0000,0.0000,0.9505,0.00,1,classical
2026-08-24T01:24:40,60.98,LOCKED,36.7791,0.0000,0.0000,0.0000,0.9510,0.00,1,classical
2026-08-24T01:24:41,61.35,LOCKED,37.0010,0.0000,0.0000,0.0000,0.9507,0.00,1,classical
2026-08-24T01:24:42,56.82,LOCKED,36.6245,0.0000,0.0000,0.0000,0.9512,0.00,1,classical
2026-08-24T01:24:43,59.52,LOCKED,35.8370,0.0000,0.0000,0.0000,0.9522,0.00,1,classical
2026-08-24T01:24:44,61.35,LOCKED,35.4820,0.0000,0.0000,0.0000,0.9527,0.00,1,classical
2026-08-24T01:24:45,59.52,LOCKED,36.3297,0.0000,0.0000,0.0000,0.9516,0.00,1,classical
2026-08-24T01:24:46,60.61,LOCKED,36.5017,0.0000,0.0000,0.0000,0.9513,0.00,1,classical
2026-08-24T01:24:47,58.82,LOCKED,37.3092,0.0000,0.0000,0.0000,0.9503,0.00,1,classical
2026-08-24T01:24:48,60.61,LOCKED,36.9429,0.0000,0.0000,0.0000,0.9507,0.00,1,classical
2026-08-24T01:24:49,59.17,LOCKED,37.0528,0.0000,0.0000,0.0000,0.9506,0.00,1,classical
2026-08-24T01:24:50,60.24,LOCKED,36.1925,0.0000,0.0000,0.0000,0.9517,0.00,1,classical
2026-08-24T01:24:51,58.48,LOCKED,36.0367,0.0000,0.0000,0.0000,0.9520,0.00,1,classical
2026-08-24T01:24:52,59.88,LOCKED,35.6129,0.0000,0.0000,0.0000,0.9525,0.00,1,classical
2026-08-24T01:24:53,60.61,LOCKED,36.0331,0.0000,0.0000,0.0000,0.9520,0.00,1,classical
2026-08-24T01:24:54,60.24,LOCKED,36.8105,0.0000,0.0000,0.0000,0.9509,0.00,1,classical
2026-08-24T01:24:55,61.35,LOCKED,36.8635,0.0000,0.0000,0.0000,0.9508,0.00,1,classical
2026-08-24T01:24:56,60.61,LOCKED,37.1000,0.0000,0.0000,0.0000,0.9505,0.00,1,classical
2026-08-24T01:24:57,60.61,LOCKED,36.5149,0.0000,0.0000,0.0000,0.9513,0.00,1,classical
2026-08-24T01:24:58,60.61,LOCKED,36.2405,0.0000,0.0000,0.0000,0.9517,0.00,1,classical
2026-08-24T01:24:59,59.88,LOCKED,35.8117,0.0000,0.0000,0.0000,0.9523,0.00,1,classical
2026-08-24T01:25:00,59.88,LOCKED,35.3618,0.0000,0.0000,0.0000,0.9529,0.00,1,classical
2026-08-24T01:25:01,59.17,LOCKED,36.4034,0.0000,0.0000,0.0000,0.9515,0.00,1,classical
2026-08-24T01:25:02,59.88,LOCKED,36.6743,0.0000,0.0000,0.0000,0.9511,0.00,1,classical
2026-08-24T01:25:03,60.98,LOCKED,36.9595,0.0000,0.0000,0.0000,0.9507,0.00,1,classical
2026-08-24T01:25:04,59.88,LOCKED,37.0009,0.0000,0.0000,0.0000,0.9507,0.00,1,classical
2026-08-24T01:25:05,59.88,LOCKED,36.6845,0.0000,0.0000,0.0000,0.9511,0.00,1,classical
2026-08-24T01:25:06,61.35,LOCKED,36.0672,0.0000,0.0000,0.0000,0.9519,0.00,1,classical
2026-08-24T01:25:07,59.88,LOCKED,35.6651,0.0000,0.0000,0.0000,0.9524,0.00,1,classical
2026-08-24T01:25:08,60.61,LOCKED,35.6193,0.0000,0.0000,0.0000,0.9525,0.00,1,classical
2026-08-24T01:25:10,57.47,LOCKED,36.9052,0.0000,0.0000,0.0000,0.9508,0.00,1,classical
2026-08-24T01:25:11,60.24,LOCKED,36.8975,0.0000,0.0000,0.0000,0.9508,0.00,1,classical
2026-08-24T01:25:12,60.24,LOCKED,37.0040,0.0000,0.0000,0.0000,0.9507,0.00,1,classical
2026-08-24T01:25:13,59.52,LOCKED,37.1721,0.0000,0.0000,0.0000,0.9504,0.00,1,classical
2026-08-24T01:25:14,60.61,LOCKED,36.4753,0.0000,0.0000,0.0000,0.9514,0.00,1,classical
2026-08-24T01:25:15,60.24,LOCKED,36.0453,0.0000,0.0000,0.0000,0.9519,0.00,1,classical
2026-08-24T01:25:16,59.17,LOCKED,35.5814,0.0000,0.0000,0.0000,0.9526,0.00,1,classical
2026-08-24T01:25:17,60.61,LOCKED,35.7541,0.0000,0.0000,0.0000,0.9523,0.00,1,classical
2026-08-24T01:25:18,59.17,LOCKED,36.6824,0.0000,0.0000,0.0000,0.9511,0.00,1,classical
2026-08-24T01:25:19,59.88,LOCKED,36.9275,0.0000,0.0000,0.0000,0.9508,0.00,1,classical
2026-08-24T01:25:20,60.98,LOCKED,37.0242,0.0000,0.0000,0.0000,0.9506,0.00,1,classical
2026-08-24T01:25:21,57.80,LOCKED,37.4250,0.0000,0.0000,0.0000,0.9501,0.00,1,classical
2026-08-24T01:25:22,60.24,LOCKED,36.1340,0.0000,0.0000,0.0000,0.9518,0.00,1,classical
2026-08-24T01:25:23,60.98,LOCKED,35.6460,0.0000,0.0000,0.0000,0.9525,0.00,1,classical
2026-08-24T01:25:24,60.24,LOCKED,35.5282,0.0000,0.0000,0.0000,0.9526,0.00,1,classical
2026-08-24T01:25:25,60.98,LOCKED,35.7464,0.0000,0.0000,0.0000,0.9523,0.00,1,classical
2026-08-24T01:25:26,57.80,LOCKED,36.9695,0.0000,0.0000,0.0000,0.9507,0.00,1,classical
2026-08-24T01:25:27,61.73,LOCKED,36.6426,0.0000,0.0000,0.0000,0.9511,0.00,1,classical
2026-08-24T01:25:28,59.52,LOCKED,37.1353,0.0000,0.0000,0.0000,0.9505,0.00,1,classical
2026-08-24T01:25:29,60.98,LOCKED,36.9920,0.0000,0.0000,0.0000,0.9507,0.00,1,classical
2026-08-24T01:25:30,60.98,LOCKED,36.0757,0.0000,0.0000,0.0000,0.9519,0.00,1,classical
2026-08-24T01:25:31,59.88,LOCKED,35.8125,0.0000,0.0000,0.0000,0.9523,0.00,1,classical
2026-08-24T01:25:32,59.17,LOCKED,35.9021,0.0000,0.0000,0.0000,0.9521,0.00,1,classical
2026-08-24T01:25:33,57.80,LOCKED,36.4298,0.0000,0.0000,0.0000,0.9514,0.00,1,classical
2026-08-24T01:25:34,59.88,LOCKED,36.5378,0.0000,0.0000,0.0000,0.9513,0.00,1,classical
2026-08-24T01:25:35,59.88,LOCKED,36.9411,0.0000,0.0000,0.0000,0.9507,0.00,1,classical
2026-08-24T01:25:36,59.52,LOCKED,36.9077,0.0000,0.0000,0.0000,0.9508,0.00,1,classical
2026-08-24T01:25:37,59.88,LOCKED,36.6740,0.0000,0.0000,0.0000,0.9511,0.00,1,classical
2026-08-24T01:25:38,59.88,LOCKED,36.1919,0.0000,0.0000,0.0000,0.9517,0.00,1,classical
2026-08-24T01:25:39,60.24,LOCKED,35.9430,0.0000,0.0000,0.0000,0.9521,0.00,1,classical
2026-08-24T01:25:40,60.24,LOCKED,35.5839,0.0000,0.0000,0.0000,0.9526,0.00,1,classical
2026-08-24T01:25:41,59.88,LOCKED,36.0828,0.0000,0.0000,0.0000,0.9519,0.00,1,classical
2026-08-24T01:25:42,60.24,LOCKED,36.7146,0.0000,0.0000,0.0000,0.9510,0.00,1,classical
2026-08-24T01:25:43,58.82,LOCKED,37.2022,0.0000,0.0000,0.0000,0.9504,0.00,1,classical
2026-08-24T01:25:44,59.88,LOCKED,37.3287,0.0000,0.0000,0.0000,0.9502,0.00,1,classical
2026-08-24T01:25:45,60.61,LOCKED,36.4844,0.0000,0.0000,0.0000,0.9514,0.00,1,classical
2026-08-24T01:25:46,60.24,LOCKED,36.3394,0.0000,0.0000,0.0000,0.9515,0.00,1,classical
2026-08-24T01:25:47,60.61,LOCKED,35.3564,0.0000,0.0000,0.0000,0.9529,0.00,1,classical
2026-08-24T01:25:48,54.64,LOCKED,36.1881,0.0000,0.0000,0.0000,0.9517,0.00,1,classical
2026-08-24T01:25:49,58.82,LOCKED,36.0663,0.0000,0.0000,0.0000,0.9519,0.00,1,classical
2026-08-24T01:25:50,56.50,LOCKED,36.9389,0.0000,0.0000,0.0000,0.9507,0.00,1,classical
2026-08-24T01:25:51,57.47,LOCKED,36.9236,0.0000,0.0000,0.0000,0.9508,0.00,1,classical
2026-08-24T01:25:52,58.14,LOCKED,36.9252,0.0000,0.0000,0.0000,0.9508,0.00,1,classical
2026-08-24T01:25:53,59.88,LOCKED,36.4189,0.0000,0.0000,0.0000,0.9514,0.00,1,classical
2026-08-24T01:25:54,57.47,LOCKED,36.3622,0.0000,0.0000,0.0000,0.9515,0.00,1,classical
2026-08-24T01:25:55,56.82,LOCKED,35.8618,0.0000,0.0000,0.0000,0.9522,0.00,1,classical
2026-08-24T01:25:56,61.35,LOCKED,35.6305,0.0000,0.0000,0.0000,0.9525,0.00,1,classical
2026-08-24T01:25:57,59.88,LOCKED,36.3787,0.0000,0.0000,0.0000,0.9515,0.00,1,classical
2026-08-24T01:25:58,54.64,LOCKED,37.6551,0.0000,0.0000,0.0000,0.9498,0.00,1,classical
2026-08-24T01:25:59,60.98,LOCKED,36.4291,0.0000,0.0000,0.0000,0.9514,0.00,1,classical
2026-08-24T01:26:00,58.48,LOCKED,37.6339,0.0000,0.0000,0.0000,0.9498,0.00,1,classical
2026-08-24T01:26:01,57.47,LOCKED,36.6705,0.0000,0.0000,0.0000,0.9511,0.00,1,classical
2026-08-24T01:26:02,59.17,LOCKED,35.7928,0.0000,0.0000,0.0000,0.9523,0.00,1,classical
2026-08-24T01:26:03,59.17,LOCKED,35.7796,0.0000,0.0000,0.0000,0.9523,0.00,1,classical
2026-08-24T01:26:04,59.88,LOCKED,36.1827,0.0000,0.0000,0.0000,0.9518,0.00,1,classical
2026-08-24T01:26:05,60.61,LOCKED,36.5914,0.0000,0.0000,0.0000,0.9512,0.00,1,classical
2026-08-24T01:26:06,60.61,LOCKED,36.7802,0.0000,0.0000,0.0000,0.9510,0.00,1,classical
2026-08-24T01:26:07,61.35,LOCKED,36.9583,0.0000,0.0000,0.0000,0.9507,0.00,1,classical
2026-08-24T01:26:08,58.82,LOCKED,37.2871,0.0000,0.0000,0.0000,0.9503,0.00,1,classical
2026-08-24T01:26:09,59.17,LOCKED,36.3994,0.0000,0.0000,0.0000,0.9515,0.00,1,classical
2026-08-24T01:26:10,53.76,LOCKED,36.6730,0.0000,0.0000,0.0000,0.9511,0.00,1,classical
2026-08-24T01:26:11,60.98,LOCKED,35.4752,0.0000,0.0000,0.0000,0.9527,0.00,1,classical
2026-08-24T01:26:12,61.35,LOCKED,35.8873,0.0000,0.0000,0.0000,0.9522,0.00,1,classical
2026-08-24T01:26:13,60.61,LOCKED,36.2803,0.0000,0.0000,0.0000,0.9516,0.00,1,classical
2026-08-24T01:26:14,60.61,LOCKED,36.6715,0.0000,0.0000,0.0000,0.9511,0.00,1,classical
2026-08-24T01:26:15,60.24,LOCKED,36.6382,0.0000,0.0000,0.0000,0.9511,0.00,1,classical
2026-08-24T01:26:16,59.52,LOCKED,36.4272,0.0000,0.0000,0.0000,0.9514,0.00,1,classical
2026-08-24T01:26:17,59.88,LOCKED,35.7928,0.0000,0.0000,0.0000,0.9523,0.00,1,classical
2026-08-24T01:26:18,58.48,LOCKED,35.8501,0.0000,0.0000,0.0000,0.9522,0.00,1,classical
2026-08-24T01:26:19,59.88,LOCKED,35.0876,0.0000,0.0000,0.0000,0.9532,0.00,1,classical
2026-08-24T01:26:20,59.88,LOCKED,35.8612,0.0000,0.0000,0.0000,0.9522,0.00,1,classical
2026-08-24T01:26:21,60.98,LOCKED,36.5631,0.0000,0.0000,0.0000,0.9512,0.00,1,classical
2026-08-24T01:26:22,60.24,LOCKED,36.9604,0.0000,0.0000,0.0000,0.9507,0.00,1,classical
2026-08-24T01:26:23,57.80,LOCKED,36.8640,0.0000,0.0000,0.0000,0.9508,0.00,1,classical
2026-08-24T01:26:24,52.91,LOCKED,38.2495,0.0000,0.0000,0.0000,0.9490,0.00,1,classical
2026-08-24T01:26:25,49.26,LOCKED,35.2521,0.0000,0.0000,0.0000,0.9530,0.00,1,classical
2026-08-24T01:26:26,60.98,LOCKED,33.4985,0.0000,0.0000,0.0000,0.9553,0.00,1,classical
2026-08-24T01:26:27,61.35,LOCKED,35.5293,0.0000,0.0000,0.0000,0.9526,0.00,1,classical
2026-08-24T01:26:28,58.82,LOCKED,36.2733,0.0000,0.0000,0.0000,0.9516,0.00,1,classical
2026-08-24T01:26:29,55.56,LOCKED,37.5345,0.0000,0.0000,0.0000,0.9500,0.00,1,classical
2026-08-24T01:26:30,57.80,LOCKED,38.0682,0.0000,0.0000,0.0000,0.9492,0.00,1,classical
2026-08-24T01:26:31,57.14,LOCKED,37.0744,0.0000,0.0000,0.0000,0.9506,0.00,1,classical
2026-08-24T01:26:32,53.76,LOCKED,37.0902,0.0000,0.0000,0.0000,0.9505,0.00,1,classical
2026-08-24T01:26:33,60.24,LOCKED,35.3346,0.0000,0.0000,0.0000,0.9529,0.00,1,classical
2026-08-24T01:26:34,60.98,LOCKED,35.1504,0.0000,0.0000,0.0000,0.9531,0.00,1,classical
2026-08-24T01:26:35,59.52,LOCKED,35.5366,0.0000,0.0000,0.0000,0.9526,0.00,1,classical
2026-08-24T01:26:36,60.24,LOCKED,35.7115,0.0000,0.0000,0.0000,0.9524,0.00,1,classical
2026-08-24T01:26:37,61.73,LOCKED,36.4166,0.0000,0.0000,0.0000,0.9514,0.00,1,classical
2026-08-24T01:26:38,55.25,LOCKED,37.6894,0.0000,0.0000,0.0000,0.9497,0.00,1,classical
2026-08-24T01:26:39,55.25,LOCKED,37.2712,0.0000,0.0000,0.0000,0.9503,0.00,1,classical
2026-08-24T01:26:40,58.82,LOCKED,37.1713,0.0000,0.0000,0.0000,0.9504,0.00,1,classical
2026-08-24T01:26:41,59.17,LOCKED,36.2058,0.0000,0.0000,0.0000,0.9517,0.00,1,classical
2026-08-24T01:26:42,60.24,LOCKED,35.2660,0.0000,0.0000,0.0000,0.9530,0.00,1,classical
2026-08-24T01:26:43,60.24,LOCKED,35.3216,0.0000,0.0000,0.0000,0.9529,0.00,1,classical
2026-08-24T01:26:44,59.52,LOCKED,36.2792,0.0000,0.0000,0.0000,0.9516,0.00,1,classical
2026-08-24T01:26:45,60.98,LOCKED,36.4030,0.0000,0.0000,0.0000,0.9515,0.00,1,classical
2026-08-24T01:26:46,59.17,LOCKED,37.6708,0.0000,0.0000,0.0000,0.9498,0.00,1,classical
2026-08-24T01:26:47,56.82,LOCKED,36.9300,0.0000,0.0000,0.0000,0.9508,0.00,1,classical
2026-08-24T01:26:48,56.82,LOCKED,36.9393,0.0000,0.0000,0.0000,0.9507,0.00,1,classical
2026-08-24T01:26:49,54.95,LOCKED,35.9432,0.0000,0.0000,0.0000,0.9521,0.00,1,classical
2026-08-24T01:26:50,60.24,LOCKED,36.3205,0.0000,0.0000,0.0000,0.9516,0.00,1,classical
2026-08-24T01:26:51,54.64,LOCKED,36.9202,0.0000,0.0000,0.0000,0.9508,0.00,1,classical
2026-08-24T01:26:52,60.24,LOCKED,37.1167,0.0000,0.0000,0.0000,0.9505,0.00,1,classical
2026-08-24T01:26:53,58.82,LOCKED,37.7231,0.0000,0.0000,0.0000,0.9497,0.00,1,classical
2026-08-24T01:26:54,57.80,LOCKED,38.1572,0.0000,0.0000,0.0000,0.9491,0.00,1,classical
2026-08-24T01:26:55,56.18,LOCKED,37.0894,0.0000,0.0000,0.0000,0.9505,0.00,1,classical
2026-08-24T01:26:56,55.25,LOCKED,36.6347,0.0000,0.0000,0.0000,0.9512,0.00,1,classical
2026-08-24T01:26:57,60.24,LOCKED,35.2862,0.0000,0.0000,0.0000,0.9530,0.00,1,classical
2026-08-24T01:26:58,60.61,LOCKED,35.4984,0.0000,0.0000,0.0000,0.9527,0.00,1,classical
2026-08-24T01:26:59,60.61,LOCKED,35.7698,0.0000,0.0000,0.0000,0.9523,0.00,1,classical
2026-08-24T01:27:00,60.98,LOCKED,36.6433,0.0000,0.0000,0.0000,0.9511,0.00,1,classical
2026-08-24T01:27:01,61.35,LOCKED,36.6775,0.0000,0.0000,0.0000,0.9511,0.00,1,classical
2026-08-24T01:27:02,56.82,LOCKED,37.2459,0.0000,0.0000,0.0000,0.9503,0.00,1,classical
2026-08-24T01:27:03,56.82,LOCKED,36.6074,0.0000,0.0000,0.0000,0.9512,0.00,1,classical
2026-08-24T01:27:04,58.14,LOCKED,35.7793,0.0000,0.0000,0.0000,0.9523,0.00,1,classical
2026-08-24T01:27:05,60.98,LOCKED,35.4080,0.0000,0.0000,0.0000,0.9528,0.00,1,classical
2026-08-24T01:27:06,60.24,LOCKED,35.7532,0.0000,0.0000,0.0000,0.9523,0.00,1,classical
2026-08-24T01:27:07,59.88,LOCKED,35.9390,0.0000,0.0000,0.0000,0.9521,0.00,1,classical
2026-08-24T01:27:08,59.52,LOCKED,36.4070,0.0000,0.0000,0.0000,0.9515,0.00,1,classical
2026-08-24T01:27:09,60.24,LOCKED,36.5442,0.0000,0.0000,0.0000,0.9513,0.00,1,classical
2026-08-24T01:27:10,59.88,LOCKED,36.4729,0.0000,0.0000,0.0000,0.9514,0.00,1,classical
2026-08-24T01:27:11,59.88,LOCKED,36.2669,0.0000,0.0000,0.0000,0.9516,0.00,1,classical
2026-08-24T01:27:12,58.82,LOCKED,35.5806,0.0000,0.0000,0.0000,0.9526,0.00,1,classical
2026-08-24T01:27:13,59.52,LOCKED,35.4017,0.0000,0.0000,0.0000,0.9528,0.00,1,classical
2026-08-24T01:27:14,59.17,LOCKED,35.7991,0.0000,0.0000,0.0000,0.9523,0.00,1,classical
2026-08-24T01:27:15,59.52,LOCKED,36.8898,0.0000,0.0000,0.0000,0.9508,0.00,1,classical
2026-08-24T01:27:17,56.18,LOCKED,36.9401,0.0000,0.0000,0.0000,0.9507,0.00,1,classical
2026-08-24T01:27:18,56.50,LOCKED,37.4497,0.0000,0.0000,0.0000,0.9501,0.00,1,classical
2026-08-24T01:27:19,57.80,LOCKED,37.7074,0.0000,0.0000,0.0000,0.9497,0.00,1,classical
2026-08-24T01:27:20,59.17,LOCKED,35.9329,0.0000,0.0000,0.0000,0.9521,0.00,1,classical
2026-08-24T01:27:21,61.73,LOCKED,34.9329,0.0000,0.0000,0.0000,0.9534,0.00,1,classical
2026-08-24T01:27:22,59.52,LOCKED,35.9739,0.0000,0.0000,0.0000,0.9520,0.00,1,classical
2026-08-24T01:27:23,60.24,LOCKED,35.6816,0.0000,0.0000,0.0000,0.9524,0.00,1,classical
2026-08-24T01:27:24,60.24,LOCKED,36.3071,0.0000,0.0000,0.0000,0.9516,0.00,1,classical
2026-08-24T01:27:25,60.98,LOCKED,36.7915,0.0000,0.0000,0.0000,0.9509,0.00,1,classical
2026-08-24T01:27:26,59.17,LOCKED,36.9859,0.0000,0.0000,0.0000,0.9507,0.00,1,classical
2026-08-24T01:27:27,60.24,LOCKED,36.5428,0.0000,0.0000,0.0000,0.9513,0.00,1,classical
2026-08-24T01:27:28,59.52,LOCKED,36.1262,0.0000,0.0000,0.0000,0.9518,0.00,1,classical
2026-08-24T01:27:29,59.17,LOCKED,35.6901,0.0000,0.0000,0.0000,0.9524,0.00,1,classical
2026-08-24T01:27:30,59.88,LOCKED,35.5222,0.0000,0.0000,0.0000,0.9526,0.00,1,classical
2026-08-24T01:27:31,59.52,LOCKED,36.1688,0.0000,0.0000,0.0000,0.9518,0.00,1,classical
2026-08-24T01:27:32,61.73,LOCKED,36.7063,0.0000,0.0000,0.0000,0.9511,0.00,1,classical
2026-08-24T01:27:33,59.52,LOCKED,37.1796,0.0000,0.0000,0.0000,0.9504,0.00,1,classical
2026-08-24T01:27:34,60.24,LOCKED,36.9100,0.0000,0.0000,0.0000,0.9508,0.00,1,classical
2026-08-24T01:27:35,59.88,LOCKED,37.0742,0.0000,0.0000,0.0000,0.9506,0.00,1,classical
2026-08-24T01:27:36,58.82,LOCKED,36.7684,0.0000,0.0000,0.0000,0.9510,0.00,1,classical
2026-08-24T01:27:37,58.82,LOCKED,35.6777,0.0000,0.0000,0.0000,0.9524,0.00,1,classical
2026-08-24T01:27:38,60.61,LOCKED,35.4500,0.0000,0.0000,0.0000,0.9527,0.00,1,classical
2026-08-24T01:27:39,59.88,LOCKED,36.1699,0.0000,0.0000,0.0000,0.9518,0.00,1,classical
2026-08-24T01:27:40,60.61,LOCKED,37.1850,0.0000,0.0000,0.0000,0.9504,0.00,1,classical
2026-08-24T01:27:41,60.24,LOCKED,36.6553,0.0000,0.0000,0.0000,0.9511,0.00,1,classical
2026-08-24T01:27:42,61.35,LOCKED,36.9026,0.0000,0.0000,0.0000,0.9508,0.00,1,classical
2026-08-24T01:27:43,60.61,LOCKED,36.5264,0.0000,0.0000,0.0000,0.9513,0.00,1,classical
2026-08-24T01:27:44,60.24,LOCKED,35.5454,0.0000,0.0000,0.0000,0.9526,0.00,1,classical
2026-08-24T01:27:45,61.73,LOCKED,35.0790,0.0000,0.0000,0.0000,0.9532,0.00,1,classical
2026-08-24T01:27:46,61.35,LOCKED,35.3762,0.0000,0.0000,0.0000,0.9528,0.00,1,classical
2026-08-24T01:27:47,60.98,LOCKED,36.0588,0.0000,0.0000,0.0000,0.9519,0.00,1,classical
2026-08-24T01:27:48,61.35,LOCKED,36.4345,0.0000,0.0000,0.0000,0.9514,0.00,1,classical
2026-08-24T01:27:49,61.35,LOCKED,36.8067,0.0000,0.0000,0.0000,0.9509,0.00,1,classical
2026-08-24T01:27:50,60.61,LOCKED,36.8021,0.0000,0.0000,0.0000,0.9509,0.00,1,classical
2026-08-24T01:27:51,59.52,LOCKED,36.3166,0.0000,0.0000,0.0000,0.9516,0.00,1,classical
2026-08-24T01:27:52,59.17,LOCKED,35.4896,0.0000,0.0000,0.0000,0.9527,0.00,1,classical
2026-08-24T01:27:53,58.14,LOCKED,36.1815,0.0000,0.0000,0.0000,0.9518,0.00,1,classical
2026-08-24T01:27:54,57.80,LOCKED,36.1550,0.0000,0.0000,0.0000,0.9518,0.00,1,classical
2026-08-24T01:27:55,56.82,LOCKED,36.8069,0.0000,0.0000,0.0000,0.9509,0.00,1,classical
2026-08-24T01:27:56,56.82,LOCKED,37.3813,0.0000,0.0000,0.0000,0.9502,0.00,1,classical
2026-08-24T01:27:57,57.14,LOCKED,37.4498,0.0000,0.0000,0.0000,0.9501,0.00,1,classical
2026-08-24T01:27:58,56.50,LOCKED,37.8147,0.0000,0.0000,0.0000,0.9496,0.00,1,classical
2026-08-24T01:27:59,56.50,LOCKED,36.7586,0.0000,0.0000,0.0000,0.9510,0.00,1,classical
2026-08-24T01:28:00,61.35,LOCKED,35.7752,0.0000,0.0000,0.0000,0.9523,0.00,1,classical
2026-08-24T01:28:01,60.24,LOCKED,35.7544,0.0000,0.0000,0.0000,0.9523,0.00,1,classical
2026-08-24T01:28:02,52.91,LOCKED,36.3641,0.0000,0.0000,0.0000,0.9515,0.00,1,classical
2026-08-24T01:28:03,59.17,LOCKED,36.4439,0.0000,0.0000,0.0000,0.9514,0.00,1,classical
2026-08-24T01:28:04,61.35,LOCKED,36.6467,0.0000,0.0000,0.0000,0.9511,0.00,1,classical
2026-08-24T01:28:05,50.25,LOCKED,37.9593,0.0000,0.0000,0.0000,0.9494,0.00,1,classical
2026-08-24T01:28:06,57.80,LOCKED,36.4761,0.0000,0.0000,0.0000,0.9514,0.00,1,classical
2026-08-24T01:28:07,59.88,LOCKED,35.6778,0.0000,0.0000,0.0000,0.9524,0.00,1,classical
2026-08-24T01:28:08,50.00,LOCKED,37.0798,0.0000,0.0000,0.0000,0.9506,0.00,1,classical
2026-08-24T01:28:09,58.82,LOCKED,35.0190,0.0000,0.0000,0.0000,0.9533,0.00,1,classical
2026-08-24T01:28:10,54.64,LOCKED,37.2067,0.0000,0.0000,0.0000,0.9504,0.00,1,classical
2026-08-24T01:28:11,59.52,LOCKED,35.6923,0.0000,0.0000,0.0000,0.9524,0.00,1,classical
2026-08-24T01:28:12,60.24,LOCKED,36.7033,0.0000,0.0000,0.0000,0.9511,0.00,1,classical
2026-08-24T01:28:13,61.35,LOCKED,36.5794,0.0000,0.0000,0.0000,0.9512,0.00,1,classical
2026-08-24T01:28:14,55.25,LOCKED,37.7998,0.0000,0.0000,0.0000,0.9496,0.00,1,classical
2026-08-24T01:28:15,56.82,LOCKED,36.1466,0.0000,0.0000,0.0000,0.9518,0.00,1,classical
2026-08-24T01:28:16,60.98,LOCKED,35.3695,0.0000,0.0000,0.0000,0.9528,0.00,1,classical
2026-08-24T01:28:17,59.17,LOCKED,35.6071,0.0000,0.0000,0.0000,0.9525,0.00,1,classical
2026-08-24T01:28:18,59.52,LOCKED,36.0981,0.0000,0.0000,0.0000,0.9519,0.00,1,classical
2026-08-24T01:28:19,59.17,LOCKED,36.3315,0.0000,0.0000,0.0000,0.9516,0.00,1,classical
2026-08-24T01:28:20,60.61,LOCKED,36.8292,0.0000,0.0000,0.0000,0.9509,0.00,1,classical
2026-08-24T01:28:21,60.98,LOCKED,36.6327,0.0000,0.0000,0.0000,0.9512,0.00,1,classical
2026-08-24T01:28:22,60.61,LOCKED,35.9897,0.0000,0.0000,0.0000,0.9520,0.00,1,classical
2026-08-24T01:28:23,60.98,LOCKED,35.4546,0.0000,0.0000,0.0000,0.9527,0.00,1,classical
2026-08-24T01:28:24,59.52,LOCKED,35.5531,0.0000,0.0000,0.0000,0.9526,0.00,1,classical
2026-08-24T01:28:25,60.24,LOCKED,35.4977,0.0000,0.0000,0.0000,0.9527,0.00,1,classical
2026-08-24T01:28:26,59.17,LOCKED,36.1767,0.0000,0.0000,0.0000,0.9518,0.00,1,classical
2026-08-24T01:28:27,58.48,LOCKED,36.7449,0.0000,0.0000,0.0000,0.9510,0.00,1,classical
2026-08-24T01:28:28,59.88,LOCKED,36.7647,0.0000,0.0000,0.0000,0.9510,0.00,1,classical
2026-08-24T01:28:29,60.61,LOCKED,36.3989,0.0000,0.0000,0.0000,0.9515,0.00,1,classical
2026-08-24T01:28:30,61.35,LOCKED,35.6146,0.0000,0.0000,0.0000,0.9525,0.00,1,classical
2026-08-24T01:28:31,60.24,LOCKED,35.5824,0.0000,0.0000,0.0000,0.9526,0.00,1,classical
2026-08-24T01:28:32,59.88,LOCKED,37.0518,0.0000,0.0000,0.0000,0.9506,0.00,1,classical
2026-08-24T01:28:33,59.88,LOCKED,34.6947,0.0000,0.0000,0.0000,0.9537,0.00,1,classical
2026-08-24T01:28:34,59.88,LOCKED,36.2488,0.0000,0.0000,0.0000,0.9517,0.00,1,classical
2026-08-24T01:28:35,60.61,LOCKED,36.5895,0.0000,0.0000,0.0000,0.9512,0.00,1,classical
2026-08-24T01:28:36,59.88,LOCKED,36.7712,0.0000,0.0000,0.0000,0.9510,0.00,1,classical
2026-08-24T01:28:37,60.61,LOCKED,36.5130,0.0000,0.0000,0.0000,0.9513,0.00,1,classical
2026-08-24T01:28:38,59.88,LOCKED,36.2980,0.0000,0.0000,0.0000,0.9516,0.00,1,classical
2026-08-24T01:28:39,59.88,LOCKED,35.4459,0.0000,0.0000,0.0000,0.9527,0.00,1,classical
2026-08-24T01:28:40,60.24,LOCKED,35.1428,0.0000,0.0000,0.0000,0.9531,0.00,1,classical
2026-08-24T01:28:41,59.88,LOCKED,35.8471,0.0000,0.0000,0.0000,0.9522,0.00,1,classical
2026-08-24T01:28:42,59.88,LOCKED,36.1094,0.0000,0.0000,0.0000,0.9519,0.00,1,classical
2026-08-24T01:28:43,59.52,LOCKED,36.5721,0.0000,0.0000,0.0000,0.9512,0.00,1,classical
2026-08-24T01:28:44,59.88,LOCKED,36.6032,0.0000,0.0000,0.0000,0.9512,0.00,1,classical
2026-08-24T01:28:45,60.24,LOCKED,36.4753,0.0000,0.0000,0.0000,0.9514,0.00,1,classical
2026-08-24T01:28:46,58.82,LOCKED,36.0790,0.0000,0.0000,0.0000,0.9519,0.00,1,classical
2026-08-24T01:28:47,58.48,LOCKED,35.6467,0.0000,0.0000,0.0000,0.9525,0.00,1,classical
2026-08-24T01:28:48,59.52,LOCKED,36.2988,0.0000,0.0000,0.0000,0.9516,0.00,1,classical
2026-08-24T01:28:49,58.48,LOCKED,36.2919,0.0000,0.0000,0.0000,0.9516,0.00,1,classical
2026-08-24T01:28:50,55.87,LOCKED,37.2096,0.0000,0.0000,0.0000,0.9504,0.00,1,classical
2026-08-24T01:28:51,57.47,LOCKED,37.4765,0.0000,0.0000,0.0000,0.9500,0.00,1,classical
2026-08-24T01:28:52,56.82,LOCKED,37.5529,0.0000,0.0000,0.0000,0.9499,0.00,1,classical
2026-08-24T01:28:53,54.05,LOCKED,37.3564,0.0000,0.0000,0.0000,0.9502,0.00,1,classical
2026-08-24T01:28:54,59.52,LOCKED,35.9966,0.0000,0.0000,0.0000,0.9520,0.00,1,classical
2026-08-24T01:28:55,57.80,LOCKED,35.8683,0.0000,0.0000,0.0000,0.9522,0.00,1,classical
2026-08-24T01:28:56,59.52,LOCKED,36.1050,0.0000,0.0000,0.0000,0.9519,0.00,1,classical
2026-08-24T01:28:57,58.14,LOCKED,36.3501,0.0000,0.0000,0.0000,0.9515,0.00,1,classical
2026-08-24T01:28:58,60.24,LOCKED,36.9316,0.0000,0.0000,0.0000,0.9508,0.00,1,classical
2026-08-24T01:28:59,56.18,LOCKED,37.0610,0.0000,0.0000,0.0000,0.9506,0.00,1,classical
2026-08-24T01:29:00,57.47,LOCKED,37.0226,0.0000,0.0000,0.0000,0.9506,0.00,1,classical
2026-08-24T01:29:01,59.88,LOCKED,36.5841,0.0000,0.0000,0.0000,0.9512,0.00,1,classical
2026-08-24T01:29:02,60.61,LOCKED,35.5624,0.0000,0.0000,0.0000,0.9526,0.00,1,classical
2026-08-24T01:29:03,60.24,LOCKED,35.4890,0.0000,0.0000,0.0000,0.9527,0.00,1,classical
2026-08-24T01:29:04,60.61,LOCKED,35.7022,0.0000,0.0000,0.0000,0.9524,0.00,1,classical
2026-08-24T01:29:05,59.88,LOCKED,36.1297,0.0000,0.0000,0.0000,0.9518,0.00,1,classical
2026-08-24T01:29:06,59.52,LOCKED,36.3691,0.0000,0.0000,0.0000,0.9515,0.00,1,classical
2026-08-24T01:29:07,60.24,LOCKED,36.7373,0.0000,0.0000,0.0000,0.9510,0.00,1,classical
2026-08-24T01:29:08,59.52,LOCKED,36.8169,0.0000,0.0000,0.0000,0.9509,0.00,1,classical
2026-08-24T01:29:09,59.17,LOCKED,36.2579,0.0000,0.0000,0.0000,0.9517,0.00,1,classical
2026-08-24T01:29:10,59.52,LOCKED,35.5098,0.0000,0.0000,0.0000,0.9527,0.00,1,classical
2026-08-24T01:29:11,58.14,LOCKED,36.0277,0.0000,0.0000,0.0000,0.9520,0.00,1,classical
2026-08-24T01:29:12,60.61,LOCKED,36.2459,0.0000,0.0000,0.0000,0.9517,0.00,1,classical
2026-08-24T01:29:13,60.24,LOCKED,36.1098,0.0000,0.0000,0.0000,0.9519,0.00,1,classical
2026-08-24T01:29:14,58.82,LOCKED,36.9228,0.0000,0.0000,0.0000,0.9508,0.00,1,classical
2026-08-24T01:29:15,60.24,LOCKED,37.0023,0.0000,0.0000,0.0000,0.9507,0.00,1,classical
2026-08-24T01:29:16,60.98,LOCKED,36.8727,0.0000,0.0000,0.0000,0.9508,0.00,1,classical
2026-08-24T01:29:17,59.88,LOCKED,36.5147,0.0000,0.0000,0.0000,0.9513,0.00,1,classical
2026-08-24T01:29:18,59.88,LOCKED,35.9366,0.0000,0.0000,0.0000,0.9521,0.00,1,classical
2026-08-24T01:29:19,59.52,LOCKED,35.3918,0.0000,0.0000,0.0000,0.9528,0.00,1,classical
2026-08-24T01:29:20,57.80,LOCKED,36.1977,0.0000,0.0000,0.0000,0.9517,0.00,1,classical
2026-08-24T01:29:21,58.48,LOCKED,36.7103,0.0000,0.0000,0.0000,0.9511,0.00,1,classical
2026-08-24T01:29:22,58.82,LOCKED,37.0838,0.0000,0.0000,0.0000,0.9506,0.00,1,classical
2026-08-24T01:29:23,59.88,LOCKED,37.6653,0.0000,0.0000,0.0000,0.9498,0.00,1,classical
2026-08-24T01:29:24,59.17,LOCKED,36.8561,0.0000,0.0000,0.0000,0.9509,0.00,1,classical
2026-08-24T01:29:25,57.47,LOCKED,36.4007,0.0000,0.0000,0.0000,0.9515,0.00,1,classical
2026-08-24T01:29:26,59.17,LOCKED,35.7431,0.0000,0.0000,0.0000,0.9523,0.00,1,classical
2026-08-24T01:29:28,57.80,LOCKED,36.2801,0.0000,0.0000,0.0000,0.9516,0.00,1,classical
2026-08-24T01:29:29,56.82,LOCKED,36.4087,0.0000,0.0000,0.0000,0.9515,0.00,1,classical
2026-08-24T01:29:30,59.52,LOCKED,36.5033,0.0000,0.0000,0.0000,0.9513,0.00,1,classical
2026-08-24T01:29:31,60.98,LOCKED,36.7826,0.0000,0.0000,0.0000,0.9510,0.00,1,classical
2026-08-24T01:29:32,58.82,LOCKED,37.5250,0.0000,0.0000,0.0000,0.9500,0.00,1,classical
2026-08-24T01:29:33,59.52,LOCKED,36.5399,0.0000,0.0000,0.0000,0.9513,0.00,1,classical
2026-08-24T01:29:34,60.61,LOCKED,35.7285,0.0000,0.0000,0.0000,0.9524,0.00,1,classical
2026-08-24T01:29:35,60.24,LOCKED,35.4201,0.0000,0.0000,0.0000,0.9528,0.00,1,classical
2026-08-24T01:29:36,60.61,LOCKED,36.0818,0.0000,0.0000,0.0000,0.9519,0.00,1,classical
2026-08-24T01:29:37,59.88,LOCKED,36.1297,0.0000,0.0000,0.0000,0.9518,0.00,1,classical
2026-08-24T01:29:38,59.17,LOCKED,36.4291,0.0000,0.0000,0.0000,0.9514,0.00,1,classical
2026-08-24T01:29:39,60.24,LOCKED,36.7286,0.0000,0.0000,0.0000,0.9510,0.00,1,classical
2026-08-24T01:29:40,60.61,LOCKED,36.3912,0.0000,0.0000,0.0000,0.9515,0.00,1,classical
2026-08-24T01:29:41,60.98,LOCKED,36.1582,0.0000,0.0000,0.0000,0.9518,0.00,1,classical
2026-08-24T01:29:42,59.52,LOCKED,36.1133,0.0000,0.0000,0.0000,0.9518,0.00,1,classical
2026-08-24T01:29:43,59.88,LOCKED,35.5955,0.0000,0.0000,0.0000,0.9525,0.00,1,classical
2026-08-24T01:29:44,60.24,LOCKED,35.8733,0.0000,0.0000,0.0000,0.9522,0.00,1,classical
2026-08-24T01:29:45,57.80,LOCKED,36.8924,0.0000,0.0000,0.0000,0.9508,0.00,1,classical
2026-08-24T01:29:46,56.82,LOCKED,37.4766,0.0000,0.0000,0.0000,0.9500,0.00,1,classical
2026-08-24T01:29:47,54.64,LOCKED,38.3123,0.0000,0.0000,0.0000,0.9489,0.00,1,classical
2026-08-24T01:29:48,59.52,LOCKED,36.5271,0.0000,0.0000,0.0000,0.9513,0.00,1,classical
2026-08-24T01:29:49,60.61,LOCKED,36.9791,0.0000,0.0000,0.0000,0.9507,0.00,1,classical
2026-08-24T01:29:50,59.52,LOCKED,35.6720,0.0000,0.0000,0.0000,0.9524,0.00,1,classical
2026-08-24T01:29:51,60.98,LOCKED,35.2973,0.0000,0.0000,0.0000,0.9529,0.00,1,classical
2026-08-24T01:29:52,60.24,LOCKED,35.8159,0.0000,0.0000,0.0000,0.9522,0.00,1,classical
2026-08-24T01:29:53,59.52,LOCKED,36.0578,0.0000,0.0000,0.0000,0.9519,0.00,1,classical
2026-08-24T01:29:54,60.24,LOCKED,36.7470,0.0000,0.0000,0.0000,0.9510,0.00,1,classical
2026-08-24T01:29:55,59.88,LOCKED,36.7891,0.0000,0.0000,0.0000,0.9509,0.00,1,classical
2026-08-24T01:29:56,59.88,LOCKED,36.9739,0.0000,0.0000,0.0000,0.9507,0.00,1,classical
2026-08-24T01:29:57,59.88,LOCKED,36.7390,0.0000,0.0000,0.0000,0.9510,0.00,1,classical
2026-08-24T01:29:58,58.48,LOCKED,35.8220,0.0000,0.0000,0.0000,0.9522,0.00,1,classical
2026-08-24T01:29:59,58.48,LOCKED,35.5304,0.0000,0.0000,0.0000,0.9526,0.00,1,classical
2026-08-24T01:30:00,57.80,LOCKED,36.3146,0.0000,0.0000,0.0000,0.9516,0.00,1,classical
2026-08-24T01:30:01,59.52,LOCKED,36.3154,0.0000,0.0000,0.0000,0.9516,0.00,1,classical
2026-08-24T01:30:02,61.35,LOCKED,36.4012,0.0000,0.0000,0.0000,0.9515,0.00,1,classical
2026-08-24T01:30:03,59.88,LOCKED,37.1845,0.0000,0.0000,0.0000,0.9504,0.00,1,classical
2026-08-24T01:30:04,59.88,LOCKED,36.8779,0.0000,0.0000,0.0000,0.9508,0.00,1,classical
2026-08-24T01:30:05,54.64,LOCKED,36.7043,0.0000,0.0000,0.0000,0.9511,0.00,1,classical
2026-08-24T01:30:06,56.50,LOCKED,36.0038,0.0000,0.0000,0.0000,0.9520,0.00,1,classical
2026-08-24T01:30:07,54.64,LOCKED,37.1157,0.0000,0.0000,0.0000,0.9505,0.00,1,classical
2026-08-24T01:30:08,54.35,LOCKED,36.8352,0.0000,0.0000,0.0000,0.9509,0.00,1,classical
2026-08-24T01:30:09,57.14,LOCKED,37.0995,0.0000,0.0000,0.0000,0.9505,0.00,1,classical
2026-08-24T01:30:10,58.48,LOCKED,36.9744,0.0000,0.0000,0.0000,0.9507,0.00,1,classical
2026-08-24T01:30:11,58.14,LOCKED,37.0938,0.0000,0.0000,0.0000,0.9505,0.00,1,classical
2026-08-24T01:30:12,52.36,LOCKED,37.8612,0.0000,0.0000,0.0000,0.9495,0.00,1,classical
2026-08-24T01:30:13,59.52,LOCKED,35.0883,0.0000,0.0000,0.0000,0.9532,0.00,1,classical
2026-08-24T01:30:14,62.11,LOCKED,34.8040,0.0000,0.0000,0.0000,0.9536,0.00,1,classical
2026-08-24T01:30:15,54.05,LOCKED,36.3126,0.0000,0.0000,0.0000,0.9516,0.00,1,classical
2026-08-24T01:30:16,60.61,LOCKED,35.7409,0.0000,0.0000,0.0000,0.9523,0.00,1,classical
2026-08-24T01:30:17,58.48,LOCKED,36.7121,0.0000,0.0000,0.0000,0.9511,0.00,1,classical
2026-08-24T01:30:18,52.36,LOCKED,37.1914,0.0000,0.0000,0.0000,0.9504,0.00,1,classical
2026-08-24T01:30:19,59.17,LOCKED,36.4489,0.0000,0.0000,0.0000,0.9514,0.00,1,classical
2026-08-24T01:30:20,55.56,LOCKED,35.4650,0.0000,0.0000,0.0000,0.9527,0.00,1,classical
2026-08-24T01:30:21,60.98,LOCKED,35.6823,0.0000,0.0000,0.0000,0.9524,0.00,1,classical
2026-08-24T01:30:22,60.61,LOCKED,35.4795,0.0000,0.0000,0.0000,0.9527,0.00,1,classical
2026-08-24T01:30:23,59.88,LOCKED,35.8098,0.0000,0.0000,0.0000,0.9523,0.00,1,classical
2026-08-24T01:30:24,60.24,LOCKED,35.9830,0.0000,0.0000,0.0000,0.9520,0.00,1,classical
2026-08-24T01:30:25,59.52,LOCKED,36.8224,0.0000,0.0000,0.0000,0.9509,0.00,1,classical
2026-08-24T01:30:26,59.52,LOCKED,36.8261,0.0000,0.0000,0.0000,0.9509,0.00,1,classical
2026-08-24T01:30:27,59.88,LOCKED,36.7403,0.0000,0.0000,0.0000,0.9510,0.00,1,classical
2026-08-24T01:30:28,58.48,LOCKED,36.3193,0.0000,0.0000,0.0000,0.9516,0.00,1,classical
2026-08-24T01:30:29,57.47,LOCKED,35.8462,0.0000,0.0000,0.0000,0.9522,0.00,1,classical
2026-08-24T01:30:30,60.61,LOCKED,35.3123,0.0000,0.0000,0.0000,0.9529,0.00,1,classical
2026-08-24T01:30:31,58.48,LOCKED,35.8183,0.0000,0.0000,0.0000,0.9522,0.00,1,classical
2026-08-24T01:30:32,59.88,LOCKED,36.2438,0.0000,0.0000,0.0000,0.9517,0.00,1,classical
2026-08-24T01:30:33,59.88,LOCKED,36.7090,0.0000,0.0000,0.0000,0.9511,0.00,1,classical
2026-08-24T01:30:34,59.88,LOCKED,36.9195,0.0000,0.0000,0.0000,0.9508,0.00,1,classical
2026-08-24T01:30:35,59.17,LOCKED,36.4641,0.0000,0.0000,0.0000,0.9514,0.00,1,classical
2026-08-24T01:30:36,59.88,LOCKED,36.0288,0.0000,0.0000,0.0000,0.9520,0.00,1,classical
2026-08-24T01:30:37,60.98,LOCKED,35.1974,0.0000,0.0000,0.0000,0.9531,0.00,1,classical
2026-08-24T01:30:38,58.48,LOCKED,35.6391,0.0000,0.0000,0.0000,0.9525,0.00,1,classical
2026-08-24T01:30:39,61.35,LOCKED,35.5862,0.0000,0.0000,0.0000,0.9526,0.00,1,classical
2026-08-24T01:30:40,60.98,LOCKED,36.6212,0.0000,0.0000,0.0000,0.9512,0.00,1,classical
2026-08-24T01:30:41,59.52,LOCKED,37.1114,0.0000,0.0000,0.0000,0.9505,0.00,1,classical
2026-08-24T01:30:42,59.88,LOCKED,36.5718,0.0000,0.0000,0.0000,0.9512,0.00,1,classical
2026-08-24T01:30:43,58.48,LOCKED,37.0542,0.0000,0.0000,0.0000,0.9506,0.00,1,classical
2026-08-24T01:30:44,56.18,LOCKED,36.4164,0.0000,0.0000,0.0000,0.9514,0.00,1,classical
2026-08-24T01:30:45,55.87,LOCKED,35.6731,0.0000,0.0000,0.0000,0.9524,0.00,1,classical
2026-08-24T01:30:46,58.14,LOCKED,35.7192,0.0000,0.0000,0.0000,0.9524,0.00,1,classical
2026-08-24T01:30:47,53.76,LOCKED,37.7776,0.0000,0.0000,0.0000,0.9496,0.00,1,classical
2026-08-24T01:30:48,57.14,LOCKED,36.9368,0.0000,0.0000,0.0000,0.9508,0.00,1,classical
2026-08-24T01:30:49,58.82,LOCKED,37.0806,0.0000,0.0000,0.0000,0.9506,0.00,1,classical
2026-08-24T01:30:50,55.87,LOCKED,37.5349,0.0000,0.0000,0.0000,0.9500,0.00,1,classical
2026-08-24T01:30:51,59.52,LOCKED,36.5676,0.0000,0.0000,0.0000,0.9512,0.00,1,classical
2026-08-24T01:30:52,60.24,LOCKED,35.3853,0.0000,0.0000,0.0000,0.9528,0.00,1,classical
2026-08-24T01:30:53,59.52,LOCKED,35.5410,0.0000,0.0000,0.0000,0.9526,0.00,1,classical
2026-08-24T01:30:54,60.24,LOCKED,35.5577,0.0000,0.0000,0.0000,0.9526,0.00,1,classical
2026-08-24T01:30:55,60.61,LOCKED,35.7945,0.0000,0.0000,0.0000,0.9523,0.00,1,classical
2026-08-24T01:30:56,60.24,LOCKED,36.8491,0.0000,0.0000,0.0000,0.9509,0.00,1,classical
2026-08-24T01:30:57,59.17,LOCKED,37.0148,0.0000,0.0000,0.0000,0.9506,0.00,1,classical
2026-08-24T01:30:58,57.80,LOCKED,37.6636,0.0000,0.0000,0.0000,0.9498,0.00,1,classical
2026-08-24T01:30:59,56.18,LOCKED,36.7717,0.0000,0.0000,0.0000,0.9510,0.00,1,classical
2026-08-24T01:31:00,59.88,LOCKED,35.9448,0.0000,0.0000,0.0000,0.9521,0.00,1,classical
2026-08-24T01:31:01,58.14,LOCKED,35.9197,0.0000,0.0000,0.0000,0.9521,0.00,1,classical
2026-08-24T01:31:02,54.95,LOCKED,36.8002,0.0000,0.0000,0.0000,0.9509,0.00,1,classical
2026-08-24T01:31:03,60.24,LOCKED,36.5375,0.0000,0.0000,0.0000,0.9513,0.00,1,classical
2026-08-24T01:31:04,57.47,LOCKED,36.6629,0.0000,0.0000,0.0000,0.9511,0.00,1,classical
2026-08-24T01:31:05,60.98,LOCKED,36.9265,0.0000,0.0000,0.0000,0.9508,0.00,1,classical
2026-08-24T01:31:06,59.88,LOCKED,36.6169,0.0000,0.0000,0.0000,0.9512,0.00,1,classical
2026-08-24T01:31:07,60.98,LOCKED,36.1623,0.0000,0.0000,0.0000,0.9518,0.00,1,classical
2026-08-24T01:31:08,59.52,LOCKED,35.6716,0.0000,0.0000,0.0000,0.9524,0.00,1,classical
2026-08-24T01:31:09,60.61,LOCKED,35.7263,0.0000,0.0000,0.0000,0.9524,0.00,1,classical
2026-08-24T01:31:10,59.88,LOCKED,35.7168,0.0000,0.0000,0.0000,0.9524,0.00,1,classical
2026-08-24T01:31:11,60.24,LOCKED,36.4919,0.0000,0.0000,0.0000,0.9513,0.00,1,classical
2026-08-24T01:31:12,60.24,LOCKED,36.9326,0.0000,0.0000,0.0000,0.9508,0.00,1,classical
2026-08-24T01:31:13,59.52,LOCKED,36.8655,0.0000,0.0000,0.0000,0.9508,0.00,1,classical
2026-08-24T01:31:14,61.35,LOCKED,36.7093,0.0000,0.0000,0.0000,0.9511,0.00,1,classical
2026-08-24T01:31:15,60.61,LOCKED,36.0028,0.0000,0.0000,0.0000,0.9520,0.00,1,classical
2026-08-24T01:31:16,55.56,LOCKED,36.2516,0.0000,0.0000,0.0000,0.9517,0.00,1,classical
2026-08-24T01:31:17,57.14,LOCKED,36.3177,0.0000,0.0000,0.0000,0.9516,0.00,1,classical
2026-08-24T01:31:18,59.52,LOCKED,36.3035,0.0000,0.0000,0.0000,0.9516,0.00,1,classical
2026-08-24T01:31:20,56.18,LOCKED,37.9131,0.0000,0.0000,0.0000,0.9494,0.00,1,classical
2026-08-24T01:31:21,55.56,LOCKED,37.8208,0.0000,0.0000,0.0000,0.9496,0.00,1,classical
2026-08-24T01:31:22,59.52,LOCKED,37.4090,0.0000,0.0000,0.0000,0.9501,0.00,1,classical
2026-08-24T01:31:23,56.82,LOCKED,37.2639,0.0000,0.0000,0.0000,0.9503,0.00,1,classical
2026-08-24T01:31:24,54.95,LOCKED,36.6790,0.0000,0.0000,0.0000,0.9511,0.00,1,classical
2026-08-24T01:31:25,60.24,LOCKED,36.0511,0.0000,0.0000,0.0000,0.9519,0.00,1,classical
2026-08-24T01:31:26,57.14,LOCKED,35.7007,0.0000,0.0000,0.0000,0.9524,0.00,1,classical
2026-08-24T01:31:27,60.24,LOCKED,36.2326,0.0000,0.0000,0.0000,0.9517,0.00,1,classical
2026-08-24T01:31:28,60.98,LOCKED,36.5969,0.0000,0.0000,0.0000,0.9512,0.00,1,classical
2026-08-24T01:31:29,59.88,LOCKED,37.7486,0.0000,0.0000,0.0000,0.9497,0.00,1,classical
2026-08-24T01:31:30,60.98,LOCKED,36.6870,0.0000,0.0000,0.0000,0.9511,0.00,1,classical
2026-08-24T01:31:31,58.14,LOCKED,37.0245,0.0000,0.0000,0.0000,0.9506,0.00,1,classical
2026-08-24T01:31:32,60.98,LOCKED,35.7019,0.0000,0.0000,0.0000,0.9524,0.00,1,classical
2026-08-24T01:31:33,58.48,LOCKED,36.0016,0.0000,0.0000,0.0000,0.9520,0.00,1,classical
2026-08-24T01:31:34,55.87,LOCKED,36.5287,0.0000,0.0000,0.0000,0.9513,0.00,1,classical
2026-08-24T01:31:35,59.52,LOCKED,36.0373,0.0000,0.0000,0.0000,0.9520,0.00,1,classical
2026-08-24T01:31:36,57.47,LOCKED,37.9218,0.0000,0.0000,0.0000,0.9494,0.00,1,classical
2026-08-24T01:31:37,59.88,LOCKED,36.9913,0.0000,0.0000,0.0000,0.9507,0.00,1,classical
2026-08-24T01:31:38,60.61,LOCKED,36.8692,0.0000,0.0000,0.0000,0.9508,0.00,1,classical
2026-08-24T01:31:39,59.17,LOCKED,36.2131,0.0000,0.0000,0.0000,0.9517,0.00,1,classical
2026-08-24T01:31:40,60.61,LOCKED,35.3657,0.0000,0.0000,0.0000,0.9528,0.00,1,classical
2026-08-24T01:31:41,59.17,LOCKED,35.5185,0.0000,0.0000,0.0000,0.9526,0.00,1,classical
2026-08-24T01:31:42,59.52,LOCKED,36.3279,0.0000,0.0000,0.0000,0.9516,0.00,1,classical
2026-08-24T01:31:43,54.95,LOCKED,36.8686,0.0000,0.0000,0.0000,0.9508,0.00,1,classical
2026-08-24T01:31:44,60.24,LOCKED,36.6082,0.0000,0.0000,0.0000,0.9512,0.00,1,classical
2026-08-24T01:31:45,59.88,LOCKED,37.0966,0.0000,0.0000,0.0000,0.9505,0.00,1,classical
2026-08-24T01:31:46,58.82,LOCKED,36.7773,0.0000,0.0000,0.0000,0.9510,0.00,1,classical
2026-08-24T01:31:47,59.88,LOCKED,36.1651,0.0000,0.0000,0.0000,0.9518,0.00,1,classical
2026-08-24T01:31:48,59.88,LOCKED,35.6429,0.0000,0.0000,0.0000,0.9525,0.00,1,classical
2026-08-24T01:31:49,59.88,LOCKED,35.8652,0.0000,0.0000,0.0000,0.9522,0.00,1,classical
2026-08-24T01:31:50,59.88,LOCKED,36.2059,0.0000,0.0000,0.0000,0.9517,0.00,1,classical
2026-08-24T01:31:51,59.52,LOCKED,36.6063,0.0000,0.0000,0.0000,0.9512,0.00,1,classical
2026-08-24T01:31:52,57.14,LOCKED,37.0579,0.0000,0.0000,0.0000,0.9506,0.00,1,classical
2026-08-24T01:31:53,59.17,LOCKED,37.1810,0.0000,0.0000,0.0000,0.9504,0.00,1,classical
2026-08-24T01:31:54,59.52,LOCKED,36.9316,0.0000,0.0000,0.0000,0.9508,0.00,1,classical
2026-08-24T01:31:55,60.24,LOCKED,36.2785,0.0000,0.0000,0.0000,0.9516,0.00,1,classical
2026-08-24T01:31:56,59.88,LOCKED,35.9539,0.0000,0.0000,0.0000,0.9521,0.00,1,classical
2026-08-24T01:31:57,60.24,LOCKED,35.7767,0.0000,0.0000,0.0000,0.9523,0.00,1,classical
2026-08-24T01:31:58,57.14,LOCKED,36.7851,0.0000,0.0000,0.0000,0.9510,0.00,1,classical
2026-08-24T01:31:59,59.17,LOCKED,36.7480,0.0000,0.0000,0.0000,0.9510,0.00,1,classical
2026-08-24T01:32:00,60.24,LOCKED,36.9451,0.0000,0.0000,0.0000,0.9507,0.00,1,classical
2026-08-24T01:32:01,60.24,LOCKED,37.1042,0.0000,0.0000,0.0000,0.9505,0.00,1,classical
2026-08-24T01:32:02,59.88,LOCKED,36.6028,0.0000,0.0000,0.0000,0.9512,0.00,1,classical
2026-08-24T01:32:03,60.24,LOCKED,36.0767,0.0000,0.0000,0.0000,0.9519,0.00,1,classical
2026-08-24T01:32:04,60.61,LOCKED,35.6831,0.0000,0.0000,0.0000,0.9524,0.00,1,classical
2026-08-24T01:32:05,59.52,LOCKED,35.9371,0.0000,0.0000,0.0000,0.9521,0.00,1,classical
2026-08-24T01:32:06,61.35,LOCKED,36.3020,0.0000,0.0000,0.0000,0.9516,0.00,1,classical
2026-08-24T01:32:07,60.98,LOCKED,36.6217,0.0000,0.0000,0.0000,0.9512,0.00,1,classical
2026-08-24T01:32:08,58.82,LOCKED,37.1936,0.0000,0.0000,0.0000,0.9504,0.00,1,classical
2026-08-24T01:32:09,60.98,LOCKED,36.8705,0.0000,0.0000,0.0000,0.9508,0.00,1,classical
2026-08-24T01:32:10,60.24,LOCKED,36.5473,0.0000,0.0000,0.0000,0.9513,0.00,1,classical
2026-08-24T01:32:11,60.61,LOCKED,35.9832,0.0000,0.0000,0.0000,0.9520,0.00,1,classical
2026-08-24T01:32:12,58.14,LOCKED,35.9847,0.0000,0.0000,0.0000,0.9520,0.00,1,classical
2026-08-24T01:32:13,55.25,LOCKED,36.1847,0.0000,0.0000,0.0000,0.9518,0.00,1,classical
2026-08-24T01:32:14,60.61,LOCKED,36.1553,0.0000,0.0000,0.0000,0.9518,0.00,1,classical
2026-08-24T01:32:15,60.98,LOCKED,36.6898,0.0000,0.0000,0.0000,0.9511,0.00,1,classical
2026-08-24T01:32:16,59.52,LOCKED,37.1680,0.0000,0.0000,0.0000,0.9504,0.00,1,classical
2026-08-24T01:32:17,59.52,LOCKED,36.6646,0.0000,0.0000,0.0000,0.9511,0.00,1,classical
2026-08-24T01:32:18,59.17,LOCKED,36.4585,0.0000,0.0000,0.0000,0.9514,0.00,1,classical
2026-08-24T01:32:19,60.98,LOCKED,35.6567,0.0000,0.0000,0.0000,0.9525,0.00,1,classical
2026-08-24T01:32:20,60.61,LOCKED,35.4664,0.0000,0.0000,0.0000,0.9527,0.00,1,classical
2026-08-24T01:32:21,59.88,LOCKED,36.0434,0.0000,0.0000,0.0000,0.9519,0.00,1,classical
2026-08-24T01:32:22,60.98,LOCKED,36.8181,0.0000,0.0000,0.0000,0.9509,0.00,1,classical
2026-08-24T01:32:23,59.52,LOCKED,37.0104,0.0000,0.0000,0.0000,0.9507,0.00,1,classical
2026-08-24T01:32:24,59.52,LOCKED,37.1778,0.0000,0.0000,0.0000,0.9504,0.00,1,classical
2026-08-24T01:32:25,60.24,LOCKED,36.8076,0.0000,0.0000,0.0000,0.9509,0.00,1,classical
2026-08-24T01:32:26,59.17,LOCKED,36.3104,0.0000,0.0000,0.0000,0.9516,0.00,1,classical
2026-08-24T01:32:27,60.61,LOCKED,35.7709,0.0000,0.0000,0.0000,0.9523,0.00,1,classical
2026-08-24T01:32:28,60.98,LOCKED,35.9085,0.0000,0.0000,0.0000,0.9521,0.00,1,classical
2026-08-24T01:32:29,60.61,LOCKED,36.1931,0.0000,0.0000,0.0000,0.9517,0.00,1,classical
2026-08-24T01:32:30,60.61,LOCKED,36.5335,0.0000,0.0000,0.0000,0.9513,0.00,1,classical
2026-08-24T01:32:31,59.52,LOCKED,37.3817,0.0000,0.0000,0.0000,0.9502,0.00,1,classical
2026-08-24T01:32:32,60.61,LOCKED,37.2874,0.0000,0.0000,0.0000,0.9503,0.00,1,classical
2026-08-24T01:32:33,60.61,LOCKED,36.7091,0.0000,0.0000,0.0000,0.9511,0.00,1,classical
2026-08-24T01:32:34,60.24,LOCKED,36.4987,0.0000,0.0000,0.0000,0.9513,0.00,1,classical
2026-08-24T01:32:35,59.17,LOCKED,35.5138,0.0000,0.0000,0.0000,0.9526,0.00,1,classical
2026-08-24T01:32:36,60.24,LOCKED,35.5861,0.0000,0.0000,0.0000,0.9526,0.00,1,classical
2026-08-24T01:32:37,59.52,LOCKED,36.2744,0.0000,0.0000,0.0000,0.9516,0.00,1,classical
2026-08-24T01:32:38,58.14,LOCKED,36.9797,0.0000,0.0000,0.0000,0.9507,0.00,1,classical
2026-08-24T01:32:39,59.88,LOCKED,36.9889,0.0000,0.0000,0.0000,0.9507,0.00,1,classical
2026-08-24T01:32:40,59.17,LOCKED,37.5253,0.0000,0.0000,0.0000,0.9500,0.00,1,classical
2026-08-24T01:32:41,58.82,LOCKED,36.5740,0.0000,0.0000,0.0000,0.9512,0.00,1,classical
2026-08-24T01:32:42,60.24,LOCKED,35.6836,0.0000,0.0000,0.0000,0.9524,0.00,1,classical
2026-08-24T01:32:43,58.14,LOCKED,36.0637,0.0000,0.0000,0.0000,0.9519,0.00,1,classical
2026-08-24T01:32:44,58.82,LOCKED,36.0781,0.0000,0.0000,0.0000,0.9519,0.00,1,classical
2026-08-24T01:32:45,60.61,LOCKED,36.0808,0.0000,0.0000,0.0000,0.9519,0.00,1,classical
2026-08-24T01:32:46,61.35,LOCKED,36.8512,0.0000,0.0000,0.0000,0.9509,0.00,1,classical
2026-08-24T01:32:47,59.52,LOCKED,37.1434,0.0000,0.0000,0.0000,0.9505,0.00,1,classical
2026-08-24T01:32:48,60.98,LOCKED,36.9970,0.0000,0.0000,0.0000,0.9507,0.00,1,classical
2026-08-24T01:32:49,59.88,LOCKED,36.6774,0.0000,0.0000,0.0000,0.9511,0.00,1,classical
2026-08-24T01:32:50,59.88,LOCKED,36.0149,0.0000,0.0000,0.0000,0.9520,0.00,1,classical
2026-08-24T01:32:51,60.61,LOCKED,35.6682,0.0000,0.0000,0.0000,0.9524,0.00,1,classical
2026-08-24T01:32:52,59.17,LOCKED,36.0003,0.0000,0.0000,0.0000,0.9520,0.00,1,classical
2026-08-24T01:32:53,59.52,LOCKED,36.6599,0.0000,0.0000,0.0000,0.9511,0.00,1,classical
2026-08-24T01:32:54,60.98,LOCKED,36.7488,0.0000,0.0000,0.0000,0.9510,0.00,1,classical
2026-08-24T01:32:55,60.61,LOCKED,37.0183,0.0000,0.0000,0.0000,0.9506,0.00,1,classical
2026-08-24T01:32:56,59.17,LOCKED,37.1637,0.0000,0.0000,0.0000,0.9504,0.00,1,classical
2026-08-24T01:32:57,60.24,LOCKED,36.5408,0.0000,0.0000,0.0000,0.9513,0.00,1,classical
2026-08-24T01:32:58,59.52,LOCKED,36.1334,0.0000,0.0000,0.0000,0.9518,0.00,1,classical
2026-08-24T01:32:59,60.98,LOCKED,35.5167,0.0000,0.0000,0.0000,0.9526,0.00,1,classical
2026-08-24T01:33:00,59.88,LOCKED,36.0406,0.0000,0.0000,0.0000,0.9519,0.00,1,classical
2026-08-24T01:33:01,60.61,LOCKED,36.5561,0.0000,0.0000,0.0000,0.9513,0.00,1,classical
2026-08-24T01:33:02,60.24,LOCKED,36.6762,0.0000,0.0000,0.0000,0.9511,0.00,1,classical
2026-08-24T01:33:03,58.48,LOCKED,37.3746,0.0000,0.0000,0.0000,0.9502,0.00,1,classical
2026-08-24T01:33:04,59.52,LOCKED,36.7564,0.0000,0.0000,0.0000,0.9510,0.00,1,classical
2026-08-24T01:33:05,59.52,LOCKED,36.1590,0.0000,0.0000,0.0000,0.9518,0.00,1,classical
2026-08-24T01:33:06,57.14,LOCKED,35.8949,0.0000,0.0000,0.0000,0.9521,0.00,1,classical
2026-08-24T01:33:07,57.47,LOCKED,35.9315,0.0000,0.0000,0.0000,0.9521,0.00,1,classical
2026-08-24T01:33:08,59.88,LOCKED,35.9870,0.0000,0.0000,0.0000,0.9520,0.00,1,classical
2026-08-24T01:33:09,59.52,LOCKED,36.8767,0.0000,0.0000,0.0000,0.9508,0.00,1,classical
2026-08-24T01:33:10,60.24,LOCKED,37.0130,0.0000,0.0000,0.0000,0.9506,0.00,1,classical
2026-08-24T01:33:11,56.82,LOCKED,37.5750,0.0000,0.0000,0.0000,0.9499,0.00,1,classical
2026-08-24T01:33:12,60.98,LOCKED,36.7011,0.0000,0.0000,0.0000,0.9511,0.00,1,classical
2026-08-24T01:33:13,59.17,LOCKED,35.9791,0.0000,0.0000,0.0000,0.9520,0.00,1,classical
2026-08-24T01:33:14,59.88,LOCKED,35.7550,0.0000,0.0000,0.0000,0.9523,0.00,1,classical
2026-08-24T01:33:15,59.17,LOCKED,36.0467,0.0000,0.0000,0.0000,0.9519,0.00,1,classical
2026-08-24T01:33:16,61.35,LOCKED,36.0743,0.0000,0.0000,0.0000,0.9519,0.00,1,classical
2026-08-24T01:33:17,60.24,LOCKED,37.1113,0.0000,0.0000,0.0000,0.9505,0.00,1,classical
2026-08-24T01:33:18,58.82,LOCKED,37.4892,0.0000,0.0000,0.0000,0.9500,0.00,1,classical
2026-08-24T01:33:19,60.61,LOCKED,36.9066,0.0000,0.0000,0.0000,0.9508,0.00,1,classical
2026-08-24T01:33:20,60.98,LOCKED,36.5627,0.0000,0.0000,0.0000,0.9512,0.00,1,classical
2026-08-24T01:33:21,57.47,LOCKED,36.8089,0.0000,0.0000,0.0000,0.9509,0.00,1,classical
2026-08-24T01:33:22,59.52,LOCKED,35.5267,0.0000,0.0000,0.0000,0.9526,0.00,1,classical
2026-08-24T01:33:23,60.24,LOCKED,35.8331,0.0000,0.0000,0.0000,0.9522,0.00,1,classical
2026-08-24T01:33:24,59.52,LOCKED,36.4075,0.0000,0.0000,0.0000,0.9515,0.00,1,classical
2026-08-24T01:33:25,55.25,LOCKED,37.4391,0.0000,0.0000,0.0000,0.9501,0.00,1,classical
2026-08-24T01:33:27,60.98,LOCKED,36.8754,0.0000,0.0000,0.0000,0.9508,0.00,1,classical
2026-08-24T01:33:28,60.24,LOCKED,36.9655,0.0000,0.0000,0.0000,0.9507,0.00,1,classical
2026-08-24T01:33:29,56.82,LOCKED,37.1542,0.0000,0.0000,0.0000,0.9505,0.00,1,classical
2026-08-24T01:33:30,59.17,LOCKED,35.8158,0.0000,0.0000,0.0000,0.9522,0.00,1,classical
2026-08-24T01:33:31,60.24,LOCKED,36.3344,0.0000,0.0000,0.0000,0.9516,0.00,1,classical
2026-08-24T01:33:32,54.64,LOCKED,36.5531,0.0000,0.0000,0.0000,0.9513,0.00,1,classical
2026-08-24T01:33:33,60.24,LOCKED,36.0807,0.0000,0.0000,0.0000,0.9519,0.00,1,classical
2026-08-24T01:33:34,60.98,LOCKED,36.7736,0.0000,0.0000,0.0000,0.9510,0.00,1,classical
2026-08-24T01:33:35,60.61,LOCKED,37.2703,0.0000,0.0000,0.0000,0.9503,0.00,1,classical
2026-08-24T01:33:36,60.98,LOCKED,36.5349,0.0000,0.0000,0.0000,0.9513,0.00,1,classical
2026-08-24T01:33:37,59.52,LOCKED,36.6602,0.0000,0.0000,0.0000,0.9511,0.00,1,classical
2026-08-24T01:33:38,59.17,LOCKED,35.8728,0.0000,0.0000,0.0000,0.9522,0.00,1,classical
2026-08-24T01:33:39,60.61,LOCKED,35.6886,0.0000,0.0000,0.0000,0.9524,0.00,1,classical
2026-08-24T01:33:40,60.24,LOCKED,36.0497,0.0000,0.0000,0.0000,0.9519,0.00,1,classical
2026-08-24T01:33:41,58.48,LOCKED,36.4692,0.0000,0.0000,0.0000,0.9514,0.00,1,classical
2026-08-24T01:33:42,58.82,LOCKED,36.6877,0.0000,0.0000,0.0000,0.9511,0.00,1,classical
2026-08-24T01:33:43,59.52,LOCKED,36.9173,0.0000,0.0000,0.0000,0.9508,0.00,1,classical
2026-08-24T01:33:44,60.24,LOCKED,36.8864,0.0000,0.0000,0.0000,0.9508,0.00,1,classical
2026-08-24T01:33:45,58.82,LOCKED,35.9506,0.0000,0.0000,0.0000,0.9521,0.00,1,classical
2026-08-24T01:33:46,57.47,LOCKED,35.8703,0.0000,0.0000,0.0000,0.9522,0.00,1,classical
2026-08-24T01:33:47,56.82,LOCKED,36.5138,0.0000,0.0000,0.0000,0.9513,0.00,1,classical
2026-08-24T01:33:48,58.48,LOCKED,36.2542,0.0000,0.0000,0.0000,0.9517,0.00,1,classical
2026-08-24T01:33:49,56.82,LOCKED,37.4566,0.0000,0.0000,0.0000,0.9501,0.00,1,classical
2026-08-24T01:33:50,58.82,LOCKED,37.2700,0.0000,0.0000,0.0000,0.9503,0.00,1,classical
2026-08-24T01:33:51,59.88,LOCKED,37.2219,0.0000,0.0000,0.0000,0.9504,0.00,1,classical
2026-08-24T01:33:52,60.98,LOCKED,36.3912,0.0000,0.0000,0.0000,0.9515,0.00,1,classical
2026-08-24T01:33:53,61.35,LOCKED,35.8113,0.0000,0.0000,0.0000,0.9523,0.00,1,classical
2026-08-24T01:33:54,60.98,LOCKED,35.6158,0.0000,0.0000,0.0000,0.9525,0.00,1,classical
2026-08-24T01:33:55,60.61,LOCKED,35.5287,0.0000,0.0000,0.0000,0.9526,0.00,1,classical
2026-08-24T01:33:56,60.24,LOCKED,36.1515,0.0000,0.0000,0.0000,0.9518,0.00,1,classical
2026-08-24T01:33:57,59.88,LOCKED,36.6712,0.0000,0.0000,0.0000,0.9511,0.00,1,classical
2026-08-24T01:33:58,59.88,LOCKED,36.8553,0.0000,0.0000,0.0000,0.9509,0.00,1,classical
2026-08-24T01:33:59,58.14,LOCKED,37.1768,0.0000,0.0000,0.0000,0.9504,0.00,1,classical
2026-08-24T01:34:00,61.73,LOCKED,37.6644,0.0000,0.0000,0.0000,0.9498,0.00,1,classical
2026-08-24T01:34:01,59.52,LOCKED,35.1437,0.0000,0.0000,0.0000,0.9531,0.00,1,classical
2026-08-24T01:34:02,52.08,LOCKED,35.7795,0.0000,0.0000,0.0000,0.9523,0.00,1,classical
2026-08-24T01:34:03,61.73,LOCKED,36.0248,0.0000,0.0000,0.0000,0.9520,0.00,1,classical
2026-08-24T01:34:04,57.80,LOCKED,35.6654,0.0000,0.0000,0.0000,0.9524,0.00,1,classical
2026-08-24T01:34:05,60.98,LOCKED,37.2809,0.0000,0.0000,0.0000,0.9503,0.00,1,classical
2026-08-24T01:34:06,59.17,LOCKED,36.0057,0.0000,0.0000,0.0000,0.9520,0.00,1,classical
2026-08-24T01:34:07,49.26,LOCKED,37.7530,0.0000,0.0000,0.0000,0.9497,0.00,1,classical
2026-08-24T01:34:08,59.52,LOCKED,35.4020,0.0000,0.0000,0.0000,0.9528,0.00,1,classical
2026-08-24T01:34:09,54.05,LOCKED,37.0415,0.0000,0.0000,0.0000,0.9506,0.00,1,classical
2026-08-24T01:34:10,55.25,LOCKED,36.5169,0.0000,0.0000,0.0000,0.9513,0.00,1,classical
2026-08-24T01:34:11,58.14,LOCKED,36.2549,0.0000,0.0000,0.0000,0.9517,0.00,1,classical
2026-08-24T01:34:12,56.82,LOCKED,37.0905,0.0000,0.0000,0.0000,0.9505,0.00,1,classical
2026-08-24T01:34:13,57.80,LOCKED,37.5070,0.0000,0.0000,0.0000,0.9500,0.00,1,classical
2026-08-24T01:34:14,57.47,LOCKED,37.7887,0.0000,0.0000,0.0000,0.9496,0.00,1,classical
2026-08-24T01:34:15,57.80,LOCKED,36.9949,0.0000,0.0000,0.0000,0.9507,0.00,1,classical
2026-08-24T01:34:16,58.14,LOCKED,36.4569,0.0000,0.0000,0.0000,0.9514,0.00,1,classical
2026-08-24T01:34:17,59.17,LOCKED,35.9877,0.0000,0.0000,0.0000,0.9520,0.00,1,classical
2026-08-24T01:34:18,59.17,LOCKED,35.5497,0.0000,0.0000,0.0000,0.9526,0.00,1,classical
2026-08-24T01:34:19,60.98,LOCKED,35.9238,0.0000,0.0000,0.0000,0.9521,0.00,1,classical
2026-08-24T01:34:20,60.24,LOCKED,36.5245,0.0000,0.0000,0.0000,0.9513,0.00,1,classical
2026-08-24T01:34:21,60.98,LOCKED,36.9664,0.0000,0.0000,0.0000,0.9507,0.00,1,classical
2026-08-24T01:34:22,60.98,LOCKED,36.7990,0.0000,0.0000,0.0000,0.9509,0.00,1,classical
2026-08-24T01:34:23,59.17,LOCKED,36.5783,0.0000,0.0000,0.0000,0.9512,0.00,1,classical
2026-08-24T01:34:24,59.52,LOCKED,35.8241,0.0000,0.0000,0.0000,0.9522,0.00,1,classical
2026-08-24T01:34:25,60.24,LOCKED,35.3256,0.0000,0.0000,0.0000,0.9529,0.00,1,classical
2026-08-24T01:34:26,58.82,LOCKED,35.9443,0.0000,0.0000,0.0000,0.9521,0.00,1,classical
2026-08-24T01:34:27,59.17,LOCKED,36.3603,0.0000,0.0000,0.0000,0.9515,0.00,1,classical
2026-08-24T01:34:28,56.82,LOCKED,36.8579,0.0000,0.0000,0.0000,0.9509,0.00,1,classical
2026-08-24T01:34:29,60.98,LOCKED,36.4066,0.0000,0.0000,0.0000,0.9515,0.00,1,classical
2026-08-24T01:34:30,59.52,LOCKED,36.6836,0.0000,0.0000,0.0000,0.9511,0.00,1,classical
2026-08-24T01:34:31,57.47,LOCKED,36.6762,0.0000,0.0000,0.0000,0.9511,0.00,1,classical
2026-08-24T01:34:32,59.88,LOCKED,35.7238,0.0000,0.0000,0.0000,0.9524,0.00,1,classical
2026-08-24T01:34:33,60.98,LOCKED,35.4062,0.0000,0.0000,0.0000,0.9528,0.00,1,classical
2026-08-24T01:34:34,60.24,LOCKED,35.6491,0.0000,0.0000,0.0000,0.9525,0.00,1,classical
2026-08-24T01:34:35,59.52,LOCKED,36.0774,0.0000,0.0000,0.0000,0.9519,0.00,1,classical
2026-08-24T01:34:36,58.82,LOCKED,36.7379,0.0000,0.0000,0.0000,0.9510,0.00,1,classical
2026-08-24T01:34:37,58.82,LOCKED,37.0085,0.0000,0.0000,0.0000,0.9507,0.00,1,classical
2026-08-24T01:34:38,57.80,LOCKED,37.0600,0.0000,0.0000,0.0000,0.9506,0.00,1,classical
2026-08-24T01:34:39,57.14,LOCKED,37.0689,0.0000,0.0000,0.0000,0.9506,0.00,1,classical
2026-08-24T01:34:40,53.48,LOCKED,36.8392,0.0000,0.0000,0.0000,0.9509,0.00,1,classical
2026-08-24T01:34:41,57.47,LOCKED,36.0369,0.0000,0.0000,0.0000,0.9520,0.00,1,classical
2026-08-24T01:34:42,54.95,LOCKED,36.2594,0.0000,0.0000,0.0000,0.9517,0.00,1,classical
2026-08-24T01:34:43,59.17,LOCKED,36.0412,0.0000,0.0000,0.0000,0.9519,0.00,1,classical
2026-08-24T01:34:44,60.61,LOCKED,36.7378,0.0000,0.0000,0.0000,0.9510,0.00,1,classical
2026-08-24T01:34:45,60.61,LOCKED,36.7154,0.0000,0.0000,0.0000,0.9510,0.00,1,classical
2026-08-24T01:34:46,60.98,LOCKED,36.4841,0.0000,0.0000,0.0000,0.9514,0.00,1,classical
2026-08-24T01:34:47,60.98,LOCKED,36.1294,0.0000,0.0000,0.0000,0.9518,0.00,1,classical
2026-08-24T01:34:48,60.61,LOCKED,35.3193,0.0000,0.0000,0.0000,0.9529,0.00,1,classical
2026-08-24T01:34:49,61.35,LOCKED,35.1587,0.0000,0.0000,0.0000,0.9531,0.00,1,classical
2026-08-24T01:34:50,60.98,LOCKED,35.8691,0.0000,0.0000,0.0000,0.9522,0.00,1,classical
2026-08-24T01:34:51,61.35,LOCKED,36.0124,0.0000,0.0000,0.0000,0.9520,0.00,1,classical
2026-08-24T01:34:52,59.17,LOCKED,37.0511,0.0000,0.0000,0.0000,0.9506,0.00,1,classical
2026-08-24T01:34:53,58.82,LOCKED,36.7117,0.0000,0.0000,0.0000,0.9511,0.00,1,classical
2026-08-24T01:34:54,60.24,LOCKED,36.7683,0.0000,0.0000,0.0000,0.9510,0.00,1,classical
2026-08-24T01:34:55,59.17,LOCKED,35.9515,0.0000,0.0000,0.0000,0.9521,0.00,1,classical
2026-08-24T01:34:56,59.88,LOCKED,35.7252,0.0000,0.0000,0.0000,0.9524,0.00,1,classical
2026-08-24T01:34:57,59.88,LOCKED,35.7326,0.0000,0.0000,0.0000,0.9524,0.00,1,classical
2026-08-24T01:34:58,58.14,LOCKED,36.7591,0.0000,0.0000,0.0000,0.9510,0.00,1,classical
2026-08-24T01:34:59,56.18,LOCKED,37.1222,0.0000,0.0000,0.0000,0.9505,0.00,1,classical
2026-08-24T01:35:00,55.87,LOCKED,37.5441,0.0000,0.0000,0.0000,0.9499,0.00,1,classical
2026-08-24T01:35:01,59.88,LOCKED,36.8517,0.0000,0.0000,0.0000,0.9509,0.00,1,classical
2026-08-24T01:35:02,58.48,LOCKED,37.1849,0.0000,0.0000,0.0000,0.9504,0.00,1,classical
2026-08-24T01:35:03,57.80,LOCKED,36.9979,0.0000,0.0000,0.0000,0.9507,0.00,1,classical
2026-08-24T01:35:04,56.82,LOCKED,36.1358,0.0000,0.0000,0.0000,0.9518,0.00,1,classical
2026-08-24T01:35:05,59.17,LOCKED,35.4285,0.0000,0.0000,0.0000,0.9528,0.00,1,classical
2026-08-24T01:35:06,57.47,LOCKED,36.7737,0.0000,0.0000,0.0000,0.9510,0.00,1,classical
2026-08-24T01:35:07,59.88,LOCKED,36.5823,0.0000,0.0000,0.0000,0.9512,0.00,1,classical
2026-08-24T01:35:08,60.61,LOCKED,36.8028,0.0000,0.0000,0.0000,0.9509,0.00,1,classical
2026-08-24T01:35:09,59.88,LOCKED,36.7017,0.0000,0.0000,0.0000,0.9511,0.00,1,classical
2026-08-24T01:35:10,59.17,LOCKED,36.5199,0.0000,0.0000,0.0000,0.9513,0.00,1,classical
2026-08-24T01:35:11,59.88,LOCKED,36.0365,0.0000,0.0000,0.0000,0.9520,0.00,1,classical
2026-08-24T01:35:12,56.50,LOCKED,36.0319,0.0000,0.0000,0.0000,0.9520,0.00,1,classical
2026-08-24T01:35:13,56.18,LOCKED,36.4315,0.0000,0.0000,0.0000,0.9514,0.00,1,classical
2026-08-24T01:35:14,59.88,LOCKED,36.2655,0.0000,0.0000,0.0000,0.9516,0.00,1,classical
2026-08-24T01:35:15,56.50,LOCKED,37.6311,0.0000,0.0000,0.0000,0.9498,0.00,1,classical
2026-08-24T01:35:16,54.95,LOCKED,37.7075,0.0000,0.0000,0.0000,0.9497,0.00,1,classical
2026-08-24T01:35:17,57.80,LOCKED,36.8909,0.0000,0.0000,0.0000,0.9508,0.00,1,classical
2026-08-24T01:35:18,59.88,LOCKED,36.1523,0.0000,0.0000,0.0000,0.9518,0.00,1,classical
2026-08-24T01:35:19,59.88,LOCKED,35.9164,0.0000,0.0000,0.0000,0.9521,0.00,1,classical
2026-08-24T01:35:20,59.17,LOCKED,35.7508,0.0000,0.0000,0.0000,0.9523,0.00,1,classical
2026-08-24T01:35:21,60.24,LOCKED,35.6169,0.0000,0.0000,0.0000,0.9525,0.00,1,classical
2026-08-24T01:35:22,60.61,LOCKED,36.4099,0.0000,0.0000,0.0000,0.9515,0.00,1,classical
2026-08-24T01:35:23,60.61,LOCKED,36.4110,0.0000,0.0000,0.0000,0.9515,0.00,1,classical
2026-08-24T01:35:24,59.17,LOCKED,37.0926,0.0000,0.0000,0.0000,0.9505,0.00,1,classical
2026-08-24T01:35:25,61.73,LOCKED,36.4207,0.0000,0.0000,0.0000,0.9514,0.00,1,classical
2026-08-24T01:35:26,59.52,LOCKED,36.3864,0.0000,0.0000,0.0000,0.9515,0.00,1,classical
2026-08-24T01:35:27,59.88,LOCKED,35.5361,0.0000,0.0000,0.0000,0.9526,0.00,1,classical
2026-08-24T01:35:28,59.88,LOCKED,35.5706,0.0000,0.0000,0.0000,0.9526,0.00,1,classical
2026-08-24T01:35:30,58.82,LOCKED,35.7631,0.0000,0.0000,0.0000,0.9523,0.00,1,classical
2026-08-24T01:35:31,60.61,LOCKED,36.1594,0.0000,0.0000,0.0000,0.9518,0.00,1,classical
2026-08-24T01:35:32,60.24,LOCKED,36.7718,0.0000,0.0000,0.0000,0.9510,0.00,1,classical
2026-08-24T01:35:33,57.80,LOCKED,37.3829,0.0000,0.0000,0.0000,0.9502,0.00,1,classical
2026-08-24T01:35:34,59.88,LOCKED,37.4853,0.0000,0.0000,0.0000,0.9500,0.00,1,classical
2026-08-24T01:35:35,60.61,LOCKED,35.8245,0.0000,0.0000,0.0000,0.9522,0.00,1,classical
2026-08-24T01:35:36,59.88,LOCKED,35.5914,0.0000,0.0000,0.0000,0.9525,0.00,1,classical
2026-08-24T01:35:37,60.24,LOCKED,35.3500,0.0000,0.0000,0.0000,0.9529,0.00,1,classical
2026-08-24T01:35:38,60.61,LOCKED,35.9972,0.0000,0.0000,0.0000,0.9520,0.00,1,classical
2026-08-24T01:35:39,60.98,LOCKED,36.6073,0.0000,0.0000,0.0000,0.9512,0.00,1,classical
2026-08-24T01:35:40,60.61,LOCKED,36.7915,0.0000,0.0000,0.0000,0.9509,0.00,1,classical
2026-08-24T01:35:41,58.14,LOCKED,37.0769,0.0000,0.0000,0.0000,0.9506,0.00,1,classical
2026-08-24T01:35:42,58.48,LOCKED,36.8076,0.0000,0.0000,0.0000,0.9509,0.00,1,classical
2026-08-24T01:35:43,58.14,LOCKED,36.4111,0.0000,0.0000,0.0000,0.9515,0.00,1,classical
2026-08-24T01:35:44,55.87,LOCKED,36.0874,0.0000,0.0000,0.0000,0.9519,0.00,1,classical
2026-08-24T01:35:45,60.24,LOCKED,35.8697,0.0000,0.0000,0.0000,0.9522,0.00,1,classical
2026-08-24T01:35:46,60.61,LOCKED,35.9540,0.0000,0.0000,0.0000,0.9521,0.00,1,classical
2026-08-24T01:35:47,60.61,LOCKED,36.6073,0.0000,0.0000,0.0000,0.9512,0.00,1,classical
2026-08-24T01:35:48,60.61,LOCKED,37.0524,0.0000,0.0000,0.0000,0.9506,0.00,1,classical
2026-08-24T01:35:49,59.88,LOCKED,37.2798,0.0000,0.0000,0.0000,0.9503,0.00,1,classical
2026-08-24T01:35:50,59.17,LOCKED,36.8231,0.0000,0.0000,0.0000,0.9509,0.00,1,classical
2026-08-24T01:35:51,56.50,LOCKED,36.9208,0.0000,0.0000,0.0000,0.9508,0.00,1,classical
2026-08-24T01:35:52,57.80,LOCKED,36.3470,0.0000,0.0000,0.0000,0.9515,0.00,1,classical
2026-08-24T01:35:53,58.14,LOCKED,35.9918,0.0000,0.0000,0.0000,0.9520,0.00,1,classical
2026-08-24T01:35:54,57.47,LOCKED,36.5649,0.0000,0.0000,0.0000,0.9512,0.00,1,classical
2026-08-24T01:35:55,59.17,LOCKED,36.9435,0.0000,0.0000,0.0000,0.9507,0.00,1,classical
2026-08-24T01:35:56,59.88,LOCKED,37.2819,0.0000,0.0000,0.0000,0.9503,0.00,1,classical
2026-08-24T01:35:57,60.61,LOCKED,36.5339,0.0000,0.0000,0.0000,0.9513,0.00,1,classical
2026-08-24T01:35:58,59.52,LOCKED,36.0311,0.0000,0.0000,0.0000,0.9520,0.00,1,classical
2026-08-24T01:35:59,60.98,LOCKED,35.4942,0.0000,0.0000,0.0000,0.9527,0.00,1,classical
2026-08-24T01:36:00,58.48,LOCKED,35.9899,0.0000,0.0000,0.0000,0.9520,0.00,1,classical
2026-08-24T01:36:01,60.24,LOCKED,35.8338,0.0000,0.0000,0.0000,0.9522,0.00,1,classical
2026-08-24T01:36:02,60.24,LOCKED,37.4553,0.0000,0.0000,0.0000,0.9501,0.00,1,classical
2026-08-24T01:36:03,58.14,LOCKED,36.8718,0.0000,0.0000,0.0000,0.9508,0.00,1,classical
2026-08-24T01:36:04,58.48,LOCKED,37.2681,0.0000,0.0000,0.0000,0.9503,0.00,1,classical
2026-08-24T01:36:05,60.24,LOCKED,36.8607,0.0000,0.0000,0.0000,0.9509,0.00,1,classical
2026-08-24T01:36:06,60.61,LOCKED,36.0645,0.0000,0.0000,0.0000,0.9519,0.00,1,classical
2026-08-24T01:36:07,59.88,LOCKED,35.5845,0.0000,0.0000,0.0000,0.9526,0.00,1,classical
2026-08-24T01:36:08,58.14,LOCKED,35.6827,0.0000,0.0000,0.0000,0.9524,0.00,1,classical
2026-08-24T01:36:09,59.88,LOCKED,36.0219,0.0000,0.0000,0.0000,0.9520,0.00,1,classical
2026-08-24T01:36:10,54.95,LOCKED,36.6596,0.0000,0.0000,0.0000,0.9511,0.00,1,classical
2026-08-24T01:36:11,60.24,LOCKED,36.6381,0.0000,0.0000,0.0000,0.9511,0.00,1,classical
2026-08-24T01:36:12,59.88,LOCKED,37.3513,0.0000,0.0000,0.0000,0.9502,0.00,1,classical
2026-08-24T01:36:13,60.24,LOCKED,36.2144,0.0000,0.0000,0.0000,0.9517,0.00,1,classical
2026-08-24T01:36:14,59.52,LOCKED,36.1830,0.0000,0.0000,0.0000,0.9518,0.00,1,classical
2026-08-24T01:36:15,60.24,LOCKED,35.6479,0.0000,0.0000,0.0000,0.9525,0.00,1,classical
2026-08-24T01:36:16,59.52,LOCKED,35.9816,0.0000,0.0000,0.0000,0.9520,0.00,1,classical
2026-08-24T01:36:17,59.88,LOCKED,36.3699,0.0000,0.0000,0.0000,0.9515,0.00,1,classical
2026-08-24T01:36:18,60.24,LOCKED,36.9481,0.0000,0.0000,0.0000,0.9507,0.00,1,classical
2026-08-24T01:36:19,60.24,LOCKED,37.2096,0.0000,0.0000,0.0000,0.9504,0.00,1,classical
2026-08-24T01:36:20,58.48,LOCKED,37.5569,0.0000,0.0000,0.0000,0.9499,0.00,1,classical
2026-08-24T01:36:21,60.61,LOCKED,36.5245,0.0000,0.0000,0.0000,0.9513,0.00,1,classical
2026-08-24T01:36:22,60.98,LOCKED,35.9494,0.0000,0.0000,0.0000,0.9521,0.00,1,classical
2026-08-24T01:36:23,59.52,LOCKED,36.4892,0.0000,0.0000,0.0000,0.9513,0.00,1,classical
2026-08-24T01:36:24,58.48,LOCKED,35.9395,0.0000,0.0000,0.0000,0.9521,0.00,1,classical
2026-08-24T01:36:25,60.24,LOCKED,36.3268,0.0000,0.0000,0.0000,0.9516,0.00,1,classical
2026-08-24T01:36:26,59.17,LOCKED,36.9480,0.0000,0.0000,0.0000,0.9507,0.00,1,classical
2026-08-24T01:36:27,59.88,LOCKED,37.0823,0.0000,0.0000,0.0000,0.9506,0.00,1,classical
2026-08-24T01:36:28,61.35,LOCKED,36.7425,0.0000,0.0000,0.0000,0.9510,0.00,1,classical
2026-08-24T01:36:29,60.61,LOCKED,36.8412,0.0000,0.0000,0.0000,0.9509,0.00,1,classical
2026-08-24T01:36:30,58.48,LOCKED,36.1007,0.0000,0.0000,0.0000,0.9519,0.00,1,classical
2026-08-24T01:36:31,60.61,LOCKED,35.5383,0.0000,0.0000,0.0000,0.9526,0.00,1,classical
2026-08-24T01:36:32,59.88,LOCKED,36.1596,0.0000,0.0000,0.0000,0.9518,0.00,1,classical
2026-08-24T01:36:33,60.61,LOCKED,36.3308,0.0000,0.0000,0.0000,0.9516,0.00,1,classical
2026-08-24T01:36:34,58.14,LOCKED,37.2063,0.0000,0.0000,0.0000,0.9504,0.00,1,classical
2026-08-24T01:36:35,60.24,LOCKED,37.1777,0.0000,0.0000,0.0000,0.9504,0.00,1,classical
2026-08-24T01:36:36,59.52,LOCKED,37.1536,0.0000,0.0000,0.0000,0.9505,0.00,1,classical
2026-08-24T01:36:37,60.24,LOCKED,36.4515,0.0000,0.0000,0.0000,0.9514,0.00,1,classical
2026-08-24T01:36:38,60.24,LOCKED,35.9944,0.0000,0.0000,0.0000,0.9520,0.00,1,classical
2026-08-24T01:36:39,59.52,LOCKED,35.9385,0.0000,0.0000,0.0000,0.9521,0.00,1,classical
2026-08-24T01:36:40,59.88,LOCKED,36.0258,0.0000,0.0000,0.0000,0.9520,0.00,1,classical
2026-08-24T01:36:41,60.24,LOCKED,36.5039,0.0000,0.0000,0.0000,0.9513,0.00,1,classical
2026-08-24T01:36:42,59.88,LOCKED,37.1555,0.0000,0.0000,0.0000,0.9505,0.00,1,classical
2026-08-24T01:36:43,60.61,LOCKED,36.9467,0.0000,0.0000,0.0000,0.9507,0.00,1,classical
2026-08-24T01:36:44,60.24,LOCKED,36.7180,0.0000,0.0000,0.0000,0.9510,0.00,1,classical
2026-08-24T01:36:45,57.47,LOCKED,36.7563,0.0000,0.0000,0.0000,0.9510,0.00,1,classical
2026-08-24T01:36:46,60.61,LOCKED,35.8699,0.0000,0.0000,0.0000,0.9522,0.00,1,classical
2026-08-24T01:36:47,57.80,LOCKED,35.8894,0.0000,0.0000,0.0000,0.9521,0.00,1,classical
2026-08-24T01:36:48,60.24,LOCKED,36.0217,0.0000,0.0000,0.0000,0.9520,0.00,1,classical
2026-08-24T01:36:49,59.17,LOCKED,37.0054,0.0000,0.0000,0.0000,0.9507,0.00,1,classical
2026-08-24T01:36:50,59.52,LOCKED,37.2788,0.0000,0.0000,0.0000,0.9503,0.00,1,classical
2026-08-24T01:36:51,56.18,LOCKED,37.9075,0.0000,0.0000,0.0000,0.9495,0.00,1,classical
2026-08-24T01:36:52,60.24,LOCKED,36.3648,0.0000,0.0000,0.0000,0.9515,0.00,1,classical
2026-08-24T01:36:53,59.52,LOCKED,35.9935,0.0000,0.0000,0.0000,0.9520,0.00,1,classical
2026-08-24T01:36:54,57.14,LOCKED,36.0143,0.0000,0.0000,0.0000,0.9520,0.00,1,classical
2026-08-24T01:36:55,59.52,LOCKED,35.6983,0.0000,0.0000,0.0000,0.9524,0.00,1,classical
2026-08-24T01:36:56,60.61,LOCKED,36.1135,0.0000,0.0000,0.0000,0.9518,0.00,1,classical
2026-08-24T01:36:57,59.17,LOCKED,37.1006,0.0000,0.0000,0.0000,0.9505,0.00,1,classical
2026-08-24T01:36:58,61.35,LOCKED,36.7078,0.0000,0.0000,0.0000,0.9511,0.00,1,classical
2026-08-24T01:36:59,60.61,LOCKED,37.0297,0.0000,0.0000,0.0000,0.9506,0.00,1,classical
2026-08-24T01:37:00,59.17,LOCKED,36.7005,0.0000,0.0000,0.0000,0.9511,0.00,1,classical
2026-08-24T01:37:01,60.98,LOCKED,35.9562,0.0000,0.0000,0.0000,0.9521,0.00,1,classical
2026-08-24T01:37:02,58.82,LOCKED,36.1597,0.0000,0.0000,0.0000,0.9518,0.00,1,classical
2026-08-24T01:37:03,57.14,LOCKED,36.0962,0.0000,0.0000,0.0000,0.9519,0.00,1,classical
2026-08-24T01:37:04,59.17,LOCKED,36.3810,0.0000,0.0000,0.0000,0.9515,0.00,1,classical
2026-08-24T01:37:05,59.52,LOCKED,36.8692,0.0000,0.0000,0.0000,0.9508,0.00,1,classical
2026-08-24T01:37:06,57.80,LOCKED,37.5582,0.0000,0.0000,0.0000,0.9499,0.00,1,classical
2026-08-24T01:37:07,60.61,LOCKED,36.8774,0.0000,0.0000,0.0000,0.9508,0.00,1,classical
2026-08-24T01:37:08,60.61,LOCKED,36.3957,0.0000,0.0000,0.0000,0.9515,0.00,1,classical
2026-08-24T01:37:09,59.88,LOCKED,36.4371,0.0000,0.0000,0.0000,0.9514,0.00,1,classical
2026-08-24T01:37:10,59.88,LOCKED,35.5724,0.0000,0.0000,0.0000,0.9526,0.00,1,classical
2026-08-24T01:37:11,60.61,LOCKED,35.9393,0.0000,0.0000,0.0000,0.9521,0.00,1,classical
2026-08-24T01:37:12,60.61,LOCKED,36.4222,0.0000,0.0000,0.0000,0.9514,0.00,1,classical
2026-08-24T01:37:13,59.88,LOCKED,37.1239,0.0000,0.0000,0.0000,0.9505,0.00,1,classical
2026-08-24T01:37:14,60.24,LOCKED,37.3229,0.0000,0.0000,0.0000,0.9502,0.00,1,classical
2026-08-24T01:37:15,60.98,LOCKED,37.0010,0.0000,0.0000,0.0000,0.9507,0.00,1,classical
2026-08-24T01:37:16,60.98,LOCKED,36.1239,0.0000,0.0000,0.0000,0.9518,0.00,1,classical
2026-08-24T01:37:17,59.88,LOCKED,36.0927,0.0000,0.0000,0.0000,0.9519,0.00,1,classical
2026-08-24T01:37:18,59.88,LOCKED,35.7840,0.0000,0.0000,0.0000,0.9523,0.00,1,classical
2026-08-24T01:37:19,59.52,LOCKED,35.9803,0.0000,0.0000,0.0000,0.9520,0.00,1,classical
2026-08-24T01:37:20,59.17,LOCKED,36.6287,0.0000,0.0000,0.0000,0.9512,0.00,1,classical
2026-08-24T01:37:22,59.88,LOCKED,37.0595,0.0000,0.0000,0.0000,0.9506,0.00,1,classical
2026-08-24T01:37:23,61.73,LOCKED,36.9814,0.0000,0.0000,0.0000,0.9507,0.00,1,classical
2026-08-24T01:37:24,61.35,LOCKED,36.6740,0.0000,0.0000,0.0000,0.9511,0.00,1,classical
2026-08-24T01:37:25,59.17,LOCKED,36.4718,0.0000,0.0000,0.0000,0.9514,0.00,1,classical
2026-08-24T01:37:26,60.61,LOCKED,35.8542,0.0000,0.0000,0.0000,0.9522,0.00,1,classical
2026-08-24T01:37:27,59.88,LOCKED,35.7568,0.0000,0.0000,0.0000,0.9523,0.00,1,classical
2026-08-24T01:37:28,59.88,LOCKED,36.3040,0.0000,0.0000,0.0000,0.9516,0.00,1,classical
2026-08-24T01:37:29,60.61,LOCKED,36.6492,0.0000,0.0000,0.0000,0.9511,0.00,1,classical
2026-08-24T01:37:30,59.88,LOCKED,37.2437,0.0000,0.0000,0.0000,0.9503,0.00,1,classical
2026-08-24T01:37:31,60.61,LOCKED,36.9490,0.0000,0.0000,0.0000,0.9507,0.00,1,classical
2026-08-24T01:37:32,60.61,LOCKED,36.6332,0.0000,0.0000,0.0000,0.9512,0.00,1,classical
2026-08-24T01:37:33,60.24,LOCKED,36.1934,0.0000,0.0000,0.0000,0.9517,0.00,1,classical
2026-08-24T01:37:34,60.24,LOCKED,35.8623,0.0000,0.0000,0.0000,0.9522,0.00,1,classical
2026-08-24T01:37:35,60.24,LOCKED,35.8254,0.0000,0.0000,0.0000,0.9522,0.00,1,classical
2026-08-24T01:37:36,59.52,LOCKED,36.5580,0.0000,0.0000,0.0000,0.9513,0.00,1,classical
2026-08-24T01:37:37,58.14,LOCKED,37.1352,0.0000,0.0000,0.0000,0.9505,0.00,1,classical
2026-08-24T01:37:38,60.24,LOCKED,36.9222,0.0000,0.0000,0.0000,0.9508,0.00,1,classical
2026-08-24T01:37:39,58.48,LOCKED,36.9888,0.0000,0.0000,0.0000,0.9507,0.00,1,classical
2026-08-24T01:37:40,59.88,LOCKED,36.7430,0.0000,0.0000,0.0000,0.9510,0.00,1,classical
2026-08-24T01:37:41,60.24,LOCKED,35.8128,0.0000,0.0000,0.0000,0.9522,0.00,1,classical
2026-08-24T01:37:42,57.80,LOCKED,36.2943,0.0000,0.0000,0.0000,0.9516,0.00,1,classical
2026-08-24T01:37:43,59.52,LOCKED,36.0360,0.0000,0.0000,0.0000,0.9520,0.00,1,classical
2026-08-24T01:37:44,60.98,LOCKED,36.2114,0.0000,0.0000,0.0000,0.9517,0.00,1,classical
2026-08-24T01:37:45,59.88,LOCKED,36.8731,0.0000,0.0000,0.0000,0.9508,0.00,1,classical
2026-08-24T01:37:46,59.52,LOCKED,37.3900,0.0000,0.0000,0.0000,0.9501,0.00,1,classical
2026-08-24T01:37:47,59.88,LOCKED,36.7467,0.0000,0.0000,0.0000,0.9510,0.00,1,classical
2026-08-24T01:37:48,60.24,LOCKED,36.2654,0.0000,0.0000,0.0000,0.9516,0.00,1,classical
2026-08-24T01:37:49,60.98,LOCKED,36.0593,0.0000,0.0000,0.0000,0.9519,0.00,1,classical
2026-08-24T01:37:50,60.24,LOCKED,35.8498,0.0000,0.0000,0.0000,0.9522,0.00,1,classical
2026-08-24T01:37:51,60.98,LOCKED,35.4071,0.0000,0.0000,0.0000,0.9528,0.00,1,classical
2026-08-24T01:37:52,59.17,LOCKED,36.5042,0.0000,0.0000,0.0000,0.9513,0.00,1,classical
2026-08-24T01:37:53,60.98,LOCKED,36.6671,0.0000,0.0000,0.0000,0.9511,0.00,1,classical
2026-08-24T01:37:54,61.35,LOCKED,37.0519,0.0000,0.0000,0.0000,0.9506,0.00,1,classical
2026-08-24T01:37:55,61.35,LOCKED,36.5858,0.0000,0.0000,0.0000,0.9512,0.00,1,classical
2026-08-24T01:37:56,61.35,LOCKED,36.1338,0.0000,0.0000,0.0000,0.9518,0.00,1,classical
2026-08-24T01:37:57,60.61,LOCKED,35.8556,0.0000,0.0000,0.0000,0.9522,0.00,1,classical
2026-08-24T01:37:58,58.82,LOCKED,35.7975,0.0000,0.0000,0.0000,0.9523,0.00,1,classical
2026-08-24T01:37:59,58.82,LOCKED,36.2462,0.0000,0.0000,0.0000,0.9517,0.00,1,classical
2026-08-24T01:38:00,59.88,LOCKED,36.7099,0.0000,0.0000,0.0000,0.9511,0.00,1,classical
2026-08-24T01:38:01,58.48,LOCKED,37.1629,0.0000,0.0000,0.0000,0.9504,0.00,1,classical
2026-08-24T01:38:02,58.48,LOCKED,37.0347,0.0000,0.0000,0.0000,0.9506,0.00,1,classical
2026-08-24T01:38:03,57.47,LOCKED,37.1679,0.0000,0.0000,0.0000,0.9504,0.00,1,classical
2026-08-24T01:38:04,56.50,LOCKED,36.2065,0.0000,0.0000,0.0000,0.9517,0.00,1,classical
2026-08-24T01:38:05,59.17,LOCKED,35.5571,0.0000,0.0000,0.0000,0.9526,0.00,1,classical
2026-08-24T01:38:06,59.88,LOCKED,35.7278,0.0000,0.0000,0.0000,0.9524,0.00,1,classical
2026-08-24T01:38:07,60.24,LOCKED,36.0862,0.0000,0.0000,0.0000,0.9519,0.00,1,classical
2026-08-24T01:38:08,59.52,LOCKED,37.6260,0.0000,0.0000,0.0000,0.9498,0.00,1,classical
2026-08-24T01:38:09,55.87,LOCKED,37.3656,0.0000,0.0000,0.0000,0.9502,0.00,1,classical
2026-08-24T01:38:10,60.24,LOCKED,37.0418,0.0000,0.0000,0.0000,0.9506,0.00,1,classical
2026-08-24T01:38:11,59.88,LOCKED,36.4878,0.0000,0.0000,0.0000,0.9513,0.00,1,classical
2026-08-24T01:38:12,60.98,LOCKED,35.9363,0.0000,0.0000,0.0000,0.9521,0.00,1,classical
2026-08-24T01:38:13,61.35,LOCKED,35.4418,0.0000,0.0000,0.0000,0.9527,0.00,1,classical
2026-08-24T01:38:14,59.52,LOCKED,36.1503,0.0000,0.0000,0.0000,0.9518,0.00,1,classical
2026-08-24T01:38:15,60.24,LOCKED,36.2679,0.0000,0.0000,0.0000,0.9516,0.00,1,classical
2026-08-24T01:38:16,55.56,LOCKED,37.1914,0.0000,0.0000,0.0000,0.9504,0.00,1,classical
2026-08-24T01:38:17,60.61,LOCKED,36.8119,0.0000,0.0000,0.0000,0.9509,0.00,1,classical
2026-08-24T01:38:18,59.88,LOCKED,37.1747,0.0000,0.0000,0.0000,0.9504,0.00,1,classical
2026-08-24T01:38:19,61.73,LOCKED,36.5019,0.0000,0.0000,0.0000,0.9513,0.00,1,classical
2026-08-24T01:38:20,59.88,LOCKED,35.9230,0.0000,0.0000,0.0000,0.9521,0.00,1,classical
2026-08-24T01:38:21,59.88,LOCKED,35.7106,0.0000,0.0000,0.0000,0.9524,0.00,1,classical
2026-08-24T01:38:22,60.61,LOCKED,35.9018,0.0000,0.0000,0.0000,0.9521,0.00,1,classical
2026-08-24T01:38:23,59.17,LOCKED,36.6582,0.0000,0.0000,0.0000,0.9511,0.00,1,classical
2026-08-24T01:38:24,60.24,LOCKED,36.8631,0.0000,0.0000,0.0000,0.9508,0.00,1,classical
2026-08-24T01:38:25,60.24,LOCKED,37.3712,0.0000,0.0000,0.0000,0.9502,0.00,1,classical
2026-08-24T01:38:26,60.24,LOCKED,37.0563,0.0000,0.0000,0.0000,0.9506,0.00,1,classical
2026-08-24T01:38:27,59.88,LOCKED,36.1268,0.0000,0.0000,0.0000,0.9518,0.00,1,classical
2026-08-24T01:38:28,57.14,LOCKED,36.2624,0.0000,0.0000,0.0000,0.9517,0.00,1,classical
2026-08-24T01:38:29,59.52,LOCKED,35.2919,0.0000,0.0000,0.0000,0.9529,0.00,1,classical
2026-08-24T01:38:30,56.18,LOCKED,36.4554,0.0000,0.0000,0.0000,0.9514,0.00,1,classical
2026-08-24T01:38:31,60.61,LOCKED,36.3913,0.0000,0.0000,0.0000,0.9515,0.00,1,classical
2026-08-24T01:38:32,60.24,LOCKED,37.2212,0.0000,0.0000,0.0000,0.9504,0.00,1,classical
2026-08-24T01:38:33,60.61,LOCKED,37.0169,0.0000,0.0000,0.0000,0.9506,0.00,1,classical
2026-08-24T01:38:34,60.24,LOCKED,36.8866,0.0000,0.0000,0.0000,0.9508,0.00,1,classical
2026-08-24T01:38:35,59.88,LOCKED,36.4734,0.0000,0.0000,0.0000,0.9514,0.00,1,classical
2026-08-24T01:38:36,60.24,LOCKED,36.2620,0.0000,0.0000,0.0000,0.9517,0.00,1,classical
2026-08-24T01:38:37,59.88,LOCKED,35.8369,0.0000,0.0000,0.0000,0.9522,0.00,1,classical
2026-08-24T01:38:38,60.98,LOCKED,35.6521,0.0000,0.0000,0.0000,0.9525,0.00,1,classical
2026-08-24T01:38:39,59.88,LOCKED,37.0065,0.0000,0.0000,0.0000,0.9507,0.00,1,classical
2026-08-24T01:38:40,60.24,LOCKED,37.0347,0.0000,0.0000,0.0000,0.9506,0.00,1,classical
2026-08-24T01:38:41,59.17,LOCKED,37.2719,0.0000,0.0000,0.0000,0.9503,0.00,1,classical
2026-08-24T01:38:42,61.35,LOCKED,36.7431,0.0000,0.0000,0.0000,0.9510,0.00,1,classical
2026-08-24T01:38:43,60.61,LOCKED,36.0131,0.0000,0.0000,0.0000,0.9520,0.00,1,classical
2026-08-24T01:38:44,60.24,LOCKED,35.7703,0.0000,0.0000,0.0000,0.9523,0.00,1,classical
2026-08-24T01:38:45,59.88,LOCKED,35.8107,0.0000,0.0000,0.0000,0.9523,0.00,1,classical
2026-08-24T01:38:46,59.17,LOCKED,36.3314,0.0000,0.0000,0.0000,0.9516,0.00,1,classical
2026-08-24T01:38:47,59.88,LOCKED,36.9411,0.0000,0.0000,0.0000,0.9507,0.00,1,classical
2026-08-24T01:38:48,58.82,LOCKED,37.4192,0.0000,0.0000,0.0000,0.9501,0.00,1,classical
2026-08-24T01:38:49,59.88,LOCKED,37.1484,0.0000,0.0000,0.0000,0.9505,0.00,1,classical
2026-08-24T01:38:50,60.98,LOCKED,36.4459,0.0000,0.0000,0.0000,0.9514,0.00,1,classical
2026-08-24T01:38:51,59.52,LOCKED,36.0932,0.0000,0.0000,0.0000,0.9519,0.00,1,classical
2026-08-24T01:38:52,60.98,LOCKED,35.7883,0.0000,0.0000,0.0000,0.9523,0.00,1,classical
2026-08-24T01:38:53,59.88,LOCKED,35.8784,0.0000,0.0000,0.0000,0.9522,0.00,1,classical
2026-08-24T01:38:54,59.17,LOCKED,36.0811,0.0000,0.0000,0.0000,0.9519,0.00,1,classical
2026-08-24T01:38:55,59.88,LOCKED,36.6658,0.0000,0.0000,0.0000,0.9511,0.00,1,classical
2026-08-24T01:38:56,59.88,LOCKED,36.9216,0.0000,0.0000,0.0000,0.9508,0.00,1,classical
2026-08-24T01:38:57,59.52,LOCKED,36.9895,0.0000,0.0000,0.0000,0.9507,0.00,1,classical
2026-08-24T01:38:58,60.24,LOCKED,36.4378,0.0000,0.0000,0.0000,0.9514,0.00,1,classical
2026-08-24T01:38:59,59.52,LOCKED,35.8324,0.0000,0.0000,0.0000,0.9522,0.00,1,classical
2026-08-24T01:39:00,59.88,LOCKED,35.9902,0.0000,0.0000,0.0000,0.9520,0.00,1,classical
2026-08-24T01:39:01,59.88,LOCKED,35.8789,0.0000,0.0000,0.0000,0.9522,0.00,1,classical
2026-08-24T01:39:02,59.88,LOCKED,36.2635,0.0000,0.0000,0.0000,0.9516,0.00,1,classical
2026-08-24T01:39:03,59.52,LOCKED,37.0426,0.0000,0.0000,0.0000,0.9506,0.00,1,classical
2026-08-24T01:39:04,60.61,LOCKED,36.7479,0.0000,0.0000,0.0000,0.9510,0.00,1,classical
2026-08-24T01:39:05,60.24,LOCKED,37.0755,0.0000,0.0000,0.0000,0.9506,0.00,1,classical
2026-08-24T01:39:06,57.47,LOCKED,36.9245,0.0000,0.0000,0.0000,0.9508,0.00,1,classical
2026-08-24T01:39:07,60.98,LOCKED,35.7726,0.0000,0.0000,0.0000,0.9523,0.00,1,classical
2026-08-24T01:39:08,60.61,LOCKED,35.6674,0.0000,0.0000,0.0000,0.9524,0.00,1,classical
2026-08-24T01:39:09,57.80,LOCKED,36.3629,0.0000,0.0000,0.0000,0.9515,0.00,1,classical
2026-08-24T01:39:10,60.24,LOCKED,36.7374,0.0000,0.0000,0.0000,0.9510,0.00,1,classical
2026-08-24T01:39:11,59.88,LOCKED,37.2603,0.0000,0.0000,0.0000,0.9503,0.00,1,classical
2026-08-24T01:39:12,59.52,LOCKED,37.2031,0.0000,0.0000,0.0000,0.9504,0.00,1,classical
2026-08-24T01:39:13,60.24,LOCKED,36.7833,0.0000,0.0000,0.0000,0.9510,0.00,1,classical
2026-08-24T01:39:14,59.88,LOCKED,36.1778,0.0000,0.0000,0.0000,0.9518,0.00,1,classical
2026-08-24T01:39:16,56.18,LOCKED,36.2361,0.0000,0.0000,0.0000,0.9517,0.00,1,classical
2026-08-24T01:39:17,60.24,LOCKED,35.5795,0.0000,0.0000,0.0000,0.9526,0.00,1,classical
2026-08-24T01:39:18,59.17,LOCKED,36.2245,0.0000,0.0000,0.0000,0.9517,0.00,1,classical
2026-08-24T01:39:19,58.82,LOCKED,36.7979,0.0000,0.0000,0.0000,0.9509,0.00,1,classical
2026-08-24T01:39:20,59.52,LOCKED,37.2286,0.0000,0.0000,0.0000,0.9504,0.00,1,classical
2026-08-24T01:39:21,59.17,LOCKED,37.5273,0.0000,0.0000,0.0000,0.9500,0.00,1,classical
2026-08-24T01:39:22,60.24,LOCKED,36.5028,0.0000,0.0000,0.0000,0.9513,0.00,1,classical
2026-08-24T01:39:23,59.88,LOCKED,36.1286,0.0000,0.0000,0.0000,0.9518,0.00,1,classical
2026-08-24T01:39:24,59.17,LOCKED,35.8627,0.0000,0.0000,0.0000,0.9522,0.00,1,classical
2026-08-24T01:39:25,60.24,LOCKED,35.9699,0.0000,0.0000,0.0000,0.9520,0.00,1,classical
2026-08-24T01:39:26,60.98,LOCKED,36.0242,0.0000,0.0000,0.0000,0.9520,0.00,1,classical
2026-08-24T01:39:27,58.14,LOCKED,37.2633,0.0000,0.0000,0.0000,0.9503,0.00,1,classical
2026-08-24T01:39:28,60.24,LOCKED,37.2279,0.0000,0.0000,0.0000,0.9504,0.00,1,classical
2026-08-24T01:39:29,60.61,LOCKED,36.8675,0.0000,0.0000,0.0000,0.9508,0.00,1,classical
2026-08-24T01:39:30,60.61,LOCKED,36.1453,0.0000,0.0000,0.0000,0.9518,0.00,1,classical
2026-08-24T01:39:31,60.98,LOCKED,35.6921,0.0000,0.0000,0.0000,0.9524,0.00,1,classical
2026-08-24T01:39:32,59.88,LOCKED,35.7886,0.0000,0.0000,0.0000,0.9523,0.00,1,classical
2026-08-24T01:39:33,59.17,LOCKED,35.8120,0.0000,0.0000,0.0000,0.9523,0.00,1,classical
2026-08-24T01:39:34,60.61,LOCKED,36.1959,0.0000,0.0000,0.0000,0.9517,0.00,1,classical
2026-08-24T01:39:35,58.82,LOCKED,36.8944,0.0000,0.0000,0.0000,0.9508,0.00,1,classical
2026-08-24T01:39:36,60.61,LOCKED,37.0742,0.0000,0.0000,0.0000,0.9506,0.00,1,classical
2026-08-24T01:39:37,60.98,LOCKED,36.8716,0.0000,0.0000,0.0000,0.9508,0.00,1,classical
2026-08-24T01:39:38,58.48,LOCKED,36.5068,0.0000,0.0000,0.0000,0.9513,0.00,1,classical
2026-08-24T01:39:39,59.88,LOCKED,35.8830,0.0000,0.0000,0.0000,0.9522,0.00,1,classical
2026-08-24T01:39:40,58.82,LOCKED,36.0030,0.0000,0.0000,0.0000,0.9520,0.00,1,classical
2026-08-24T01:39:41,59.52,LOCKED,36.1386,0.0000,0.0000,0.0000,0.9518,0.00,1,classical
2026-08-24T01:39:42,59.17,LOCKED,36.6954,0.0000,0.0000,0.0000,0.9511,0.00,1,classical
2026-08-24T01:39:43,59.52,LOCKED,37.0830,0.0000,0.0000,0.0000,0.9506,0.00,1,classical
2026-08-24T01:39:44,60.24,LOCKED,37.2405,0.0000,0.0000,0.0000,0.9503,0.00,1,classical
2026-08-24T01:39:45,60.24,LOCKED,36.9250,0.0000,0.0000,0.0000,0.9508,0.00,1,classical
2026-08-24T01:39:46,60.61,LOCKED,36.1584,0.0000,0.0000,0.0000,0.9518,0.00,1,classical
2026-08-24T01:39:47,59.88,LOCKED,35.7245,0.0000,0.0000,0.0000,0.9524,0.00,1,classical
2026-08-24T01:39:48,59.88,LOCKED,36.1300,0.0000,0.0000,0.0000,0.9518,0.00,1,classical
2026-08-24T01:39:49,57.80,LOCKED,36.3951,0.0000,0.0000,0.0000,0.9515,0.00,1,classical
2026-08-24T01:39:50,59.88,LOCKED,36.5881,0.0000,0.0000,0.0000,0.9512,0.00,1,classical
2026-08-24T01:39:51,59.88,LOCKED,37.0008,0.0000,0.0000,0.0000,0.9507,0.00,1,classical
2026-08-24T01:39:52,58.82,LOCKED,36.9944,0.0000,0.0000,0.0000,0.9507,0.00,1,classical
2026-08-24T01:39:53,59.88,LOCKED,36.6710,0.0000,0.0000,0.0000,0.9511,0.00,1,classical
2026-08-24T01:39:54,59.52,LOCKED,36.1186,0.0000,0.0000,0.0000,0.9518,0.00,1,classical
2026-08-24T01:39:55,60.98,LOCKED,35.6909,0.0000,0.0000,0.0000,0.9524,0.00,1,classical
2026-08-24T01:39:56,60.24,LOCKED,36.0709,0.0000,0.0000,0.0000,0.9519,0.00,1,classical
2026-08-24T01:39:57,57.80,LOCKED,36.9066,0.0000,0.0000,0.0000,0.9508,0.00,1,classical
2026-08-24T01:39:58,61.35,LOCKED,36.4106,0.0000,0.0000,0.0000,0.9515,0.00,1,classical
2026-08-24T01:39:59,59.88,LOCKED,37.2599,0.0000,0.0000,0.0000,0.9503,0.00,1,classical
2026-08-24T01:40:00,60.24,LOCKED,36.7851,0.0000,0.0000,0.0000,0.9510,0.00,1,classical
2026-08-24T01:40:01,56.82,LOCKED,36.7940,0.0000,0.0000,0.0000,0.9509,0.00,1,classical
2026-08-24T01:40:02,59.17,LOCKED,35.7046,0.0000,0.0000,0.0000,0.9524,0.00,1,classical
2026-08-24T01:40:03,59.52,LOCKED,35.2508,0.0000,0.0000,0.0000,0.9530,0.00,1,classical
2026-08-24T01:40:04,59.88,LOCKED,35.6120,0.0000,0.0000,0.0000,0.9525,0.00,1,classical
2026-08-24T01:40:05,53.76,LOCKED,37.3016,0.0000,0.0000,0.0000,0.9503,0.00,1,classical
2026-08-24T01:40:06,60.24,LOCKED,35.8495,0.0000,0.0000,0.0000,0.9522,0.00,1,classical
2026-08-24T01:40:07,59.88,LOCKED,36.9919,0.0000,0.0000,0.0000,0.9507,0.00,1,classical
2026-08-24T01:40:08,60.61,LOCKED,36.8420,0.0000,0.0000,0.0000,0.9509,0.00,1,classical
2026-08-24T01:40:09,60.61,LOCKED,36.2849,0.0000,0.0000,0.0000,0.9516,0.00,1,classical
2026-08-24T01:40:10,60.61,LOCKED,35.5106,0.0000,0.0000,0.0000,0.9527,0.00,1,classical
2026-08-24T01:40:11,57.14,LOCKED,35.5261,0.0000,0.0000,0.0000,0.9526,0.00,1,classical
2026-08-24T01:40:12,56.82,LOCKED,36.0640,0.0000,0.0000,0.0000,0.9519,0.00,1,classical
2026-08-24T01:40:13,59.17,LOCKED,36.4532,0.0000,0.0000,0.0000,0.9514,0.00,1,classical
2026-08-24T01:40:14,60.61,LOCKED,36.7767,0.0000,0.0000,0.0000,0.9510,0.00,1,classical
2026-08-24T01:40:15,60.61,LOCKED,37.0226,0.0000,0.0000,0.0000,0.9506,0.00,1,classical
2026-08-24T01:40:16,60.61,LOCKED,37.1479,0.0000,0.0000,0.0000,0.9505,0.00,1,classical
2026-08-24T01:40:17,54.35,LOCKED,36.9259,0.0000,0.0000,0.0000,0.9508,0.00,1,classical
2026-08-24T01:40:18,57.14,LOCKED,36.3031,0.0000,0.0000,0.0000,0.9516,0.00,1,classical
2026-08-24T01:40:19,55.87,LOCKED,36.3881,0.0000,0.0000,0.0000,0.9515,0.00,1,classical
2026-08-24T01:40:20,54.05,LOCKED,37.1517,0.0000,0.0000,0.0000,0.9505,0.00,1,classical
2026-08-24T01:40:21,54.64,LOCKED,37.2708,0.0000,0.0000,0.0000,0.9503,0.00,1,classical
2026-08-24T01:40:22,59.52,LOCKED,36.4536,0.0000,0.0000,0.0000,0.9514,0.00,1,classical
2026-08-24T01:40:23,60.98,LOCKED,37.1984,0.0000,0.0000,0.0000,0.9504,0.00,1,classical
2026-08-24T01:40:24,58.82,LOCKED,36.7163,0.0000,0.0000,0.0000,0.9510,0.00,1,classical
2026-08-24T01:40:25,61.35,LOCKED,35.6668,0.0000,0.0000,0.0000,0.9524,0.00,1,classical
2026-08-24T01:40:26,60.24,LOCKED,35.3984,0.0000,0.0000,0.0000,0.9528,0.00,1,classical
2026-08-24T01:40:27,60.61,LOCKED,35.8447,0.0000,0.0000,0.0000,0.9522,0.00,1,classical
2026-08-24T01:40:28,60.61,LOCKED,35.8612,0.0000,0.0000,0.0000,0.9522,0.00,1,classical
2026-08-24T01:40:29,59.52,LOCKED,36.4579,0.0000,0.0000,0.0000,0.9514,0.00,1,classical
2026-08-24T01:40:30,60.24,LOCKED,37.9135,0.0000,0.0000,0.0000,0.9494,0.00,1,classical
2026-08-24T01:40:31,57.80,LOCKED,37.0406,0.0000,0.0000,0.0000,0.9506,0.00,1,classical
2026-08-24T01:40:32,59.52,LOCKED,36.4930,0.0000,0.0000,0.0000,0.9513,0.00,1,classical
2026-08-24T01:40:33,60.24,LOCKED,35.8936,0.0000,0.0000,0.0000,0.9521,0.00,1,classical
2026-08-24T01:40:34,61.35,LOCKED,35.5229,0.0000,0.0000,0.0000,0.9526,0.00,1,classical
2026-08-24T01:40:35,58.14,LOCKED,35.9584,0.0000,0.0000,0.0000,0.9521,0.00,1,classical
2026-08-24T01:40:36,58.48,LOCKED,36.2492,0.0000,0.0000,0.0000,0.9517,0.00,1,classical
2026-08-24T01:40:37,60.61,LOCKED,36.7568,0.0000,0.0000,0.0000,0.9510,0.00,1,classical
2026-08-24T01:40:38,58.82,LOCKED,37.2478,0.0000,0.0000,0.0000,0.9503,0.00,1,classical
2026-08-24T01:40:39,58.48,LOCKED,37.2748,0.0000,0.0000,0.0000,0.9503,0.00,1,classical
2026-08-24T01:40:40,60.61,LOCKED,36.3915,0.0000,0.0000,0.0000,0.9515,0.00,1,classical
2026-08-24T01:40:41,58.14,LOCKED,36.0677,0.0000,0.0000,0.0000,0.9519,0.00,1,classical
2026-08-24T01:40:42,60.24,LOCKED,35.6797,0.0000,0.0000,0.0000,0.9524,0.00,1,classical
2026-08-24T01:40:43,57.14,LOCKED,36.2894,0.0000,0.0000,0.0000,0.9516,0.00,1,classical
2026-08-24T01:40:44,60.24,LOCKED,36.2523,0.0000,0.0000,0.0000,0.9517,0.00,1,classical
2026-08-24T01:40:45,60.24,LOCKED,36.7456,0.0000,0.0000,0.0000,0.9510,0.00,1,classical
2026-08-24T01:40:46,60.61,LOCKED,37.2114,0.0000,0.0000,0.0000,0.9504,0.00,1,classical
2026-08-24T01:40:47,60.24,LOCKED,36.9916,0.0000,0.0000,0.0000,0.9507,0.00,1,classical
2026-08-24T01:40:48,58.14,LOCKED,36.8175,0.0000,0.0000,0.0000,0.9509,0.00,1,classical
2026-08-24T01:40:49,60.98,LOCKED,35.7576,0.0000,0.0000,0.0000,0.9523,0.00,1,classical
2026-08-24T01:40:50,60.98,LOCKED,35.6495,0.0000,0.0000,0.0000,0.9525,0.00,1,classical
2026-08-24T01:40:51,58.48,LOCKED,36.0543,0.0000,0.0000,0.0000,0.9519,0.00,1,classical
2026-08-24T01:40:52,60.98,LOCKED,36.2491,0.0000,0.0000,0.0000,0.9517,0.00,1,classical
2026-08-24T01:40:53,60.24,LOCKED,37.1602,0.0000,0.0000,0.0000,0.9505,0.00,1,classical
2026-08-24T01:40:54,59.17,LOCKED,37.3823,0.0000,0.0000,0.0000,0.9502,0.00,1,classical
2026-08-24T01:40:55,59.88,LOCKED,36.7221,0.0000,0.0000,0.0000,0.9510,0.00,1,classical
2026-08-24T01:40:56,60.24,LOCKED,36.4291,0.0000,0.0000,0.0000,0.9514,0.00,1,classical
2026-08-24T01:40:57,59.88,LOCKED,35.5568,0.0000,0.0000,0.0000,0.9526,0.00,1,classical
2026-08-24T01:40:58,59.88,LOCKED,35.2050,0.0000,0.0000,0.0000,0.9531,0.00,1,classical
2026-08-24T01:40:59,60.24,LOCKED,36.1581,0.0000,0.0000,0.0000,0.9518,0.00,1,classical
2026-08-24T01:41:00,60.61,LOCKED,36.8893,0.0000,0.0000,0.0000,0.9508,0.00,1,classical
2026-08-24T01:41:01,60.24,LOCKED,37.1653,0.0000,0.0000,0.0000,0.9504,0.00,1,classical
2026-08-24T01:41:02,58.14,LOCKED,37.3484,0.0000,0.0000,0.0000,0.9502,0.00,1,classical
2026-08-24T01:41:03,59.88,LOCKED,36.6265,0.0000,0.0000,0.0000,0.9512,0.00,1,classical
2026-08-24T01:41:04,61.35,LOCKED,35.9672,0.0000,0.0000,0.0000,0.9520,0.00,1,classical
2026-08-24T01:41:05,55.56,LOCKED,36.1774,0.0000,0.0000,0.0000,0.9518,0.00,1,classical
2026-08-24T01:41:06,59.88,LOCKED,35.5870,0.0000,0.0000,0.0000,0.9526,0.00,1,classical
2026-08-24T01:41:07,59.88,LOCKED,36.0545,0.0000,0.0000,0.0000,0.9519,0.00,1,classical
2026-08-24T01:41:08,60.24,LOCKED,36.6773,0.0000,0.0000,0.0000,0.9511,0.00,1,classical
2026-08-24T01:41:09,56.82,LOCKED,37.5203,0.0000,0.0000,0.0000,0.9500,0.00,1,classical
2026-08-24T01:41:10,59.88,LOCKED,36.6792,0.0000,0.0000,0.0000,0.9511,0.00,1,classical
2026-08-24T01:41:12,60.24,LOCKED,36.5388,0.0000,0.0000,0.0000,0.9513,0.00,1,classical
2026-08-24T01:41:13,59.17,LOCKED,35.9697,0.0000,0.0000,0.0000,0.9520,0.00,1,classical
2026-08-24T01:41:14,59.52,LOCKED,35.7359,0.0000,0.0000,0.0000,0.9524,0.00,1,classical
2026-08-24T01:41:15,58.48,LOCKED,36.0012,0.0000,0.0000,0.0000,0.9520,0.00,1,classical
2026-08-24T01:41:16,58.14,LOCKED,36.6326,0.0000,0.0000,0.0000,0.9512,0.00,1,classical
2026-08-24T01:41:17,58.48,LOCKED,37.3997,0.0000,0.0000,0.0000,0.9501,0.00,1,classical
2026-08-24T01:41:18,60.24,LOCKED,36.8863,0.0000,0.0000,0.0000,0.9508,0.00,1,classical
2026-08-24T01:41:19,59.17,LOCKED,36.7766,0.0000,0.0000,0.0000,0.9510,0.00,1,classical
2026-08-24T01:41:20,60.24,LOCKED,36.3245,0.0000,0.0000,0.0000,0.9516,0.00,1,classical
2026-08-24T01:41:21,57.14,LOCKED,36.9292,0.0000,0.0000,0.0000,0.9508,0.00,1,classical
2026-08-24T01:41:22,58.82,LOCKED,35.7386,0.0000,0.0000,0.0000,0.9523,0.00,1,classical
2026-08-24T01:41:23,58.48,LOCKED,35.2040,0.0000,0.0000,0.0000,0.9531,0.00,1,classical
2026-08-24T01:41:24,60.24,LOCKED,36.3966,0.0000,0.0000,0.0000,0.9515,0.00,1,classical
2026-08-24T01:41:25,54.95,LOCKED,37.9365,0.0000,0.0000,0.0000,0.9494,0.00,1,classical
2026-08-24T01:41:26,58.82,LOCKED,36.8486,0.0000,0.0000,0.0000,0.9509,0.00,1,classical
2026-08-24T01:41:27,60.61,LOCKED,37.0293,0.0000,0.0000,0.0000,0.9506,0.00,1,classical
2026-08-24T01:41:28,60.61,LOCKED,36.0903,0.0000,0.0000,0.0000,0.9519,0.00,1,classical
2026-08-24T01:41:29,60.24,LOCKED,35.5343,0.0000,0.0000,0.0000,0.9526,0.00,1,classical
2026-08-24T01:41:30,60.24,LOCKED,35.4883,0.0000,0.0000,0.0000,0.9527,0.00,1,classical
2026-08-24T01:41:31,60.24,LOCKED,35.7786,0.0000,0.0000,0.0000,0.9523,0.00,1,classical
2026-08-24T01:41:32,59.17,LOCKED,36.3459,0.0000,0.0000,0.0000,0.9515,0.00,1,classical
2026-08-24T01:41:33,60.98,LOCKED,36.8578,0.0000,0.0000,0.0000,0.9509,0.00,1,classical
2026-08-24T01:41:34,59.17,LOCKED,37.1572,0.0000,0.0000,0.0000,0.9505,0.00,1,classical
2026-08-24T01:41:35,57.80,LOCKED,36.9419,0.0000,0.0000,0.0000,0.9507,0.00,1,classical
2026-08-24T01:41:36,59.52,LOCKED,36.0110,0.0000,0.0000,0.0000,0.9520,0.00,1,classical
2026-08-24T01:41:37,58.48,LOCKED,36.4064,0.0000,0.0000,0.0000,0.9515,0.00,1,classical
2026-08-24T01:41:38,57.14,LOCKED,35.9439,0.0000,0.0000,0.0000,0.9521,0.00,1,classical
2026-08-24T01:41:39,55.56,LOCKED,36.6585,0.0000,0.0000,0.0000,0.9511,0.00,1,classical
2026-08-24T01:41:40,58.14,LOCKED,36.7809,0.0000,0.0000,0.0000,0.9510,0.00,1,classical
2026-08-24T01:41:41,57.80,LOCKED,37.4690,0.0000,0.0000,0.0000,0.9500,0.00,1,classical
2026-08-24T01:41:42,60.61,LOCKED,36.7998,0.0000,0.0000,0.0000,0.9509,0.00,1,classical
2026-08-24T01:41:43,58.82,LOCKED,36.8753,0.0000,0.0000,0.0000,0.9508,0.00,1,classical
2026-08-24T01:41:44,59.52,LOCKED,36.5220,0.0000,0.0000,0.0000,0.9513,0.00,1,classical
2026-08-24T01:41:45,60.24,LOCKED,35.1900,0.0000,0.0000,0.0000,0.9531,0.00,1,classical
2026-08-24T01:41:46,60.24,LOCKED,35.6274,0.0000,0.0000,0.0000,0.9525,0.00,1,classical
2026-08-24T01:41:47,59.88,LOCKED,36.1557,0.0000,0.0000,0.0000,0.9518,0.00,1,classical
2026-08-24T01:41:48,59.52,LOCKED,37.0256,0.0000,0.0000,0.0000,0.9506,0.00,1,classical
2026-08-24T01:41:49,60.24,LOCKED,37.0725,0.0000,0.0000,0.0000,0.9506,0.00,1,classical
2026-08-24T01:41:50,59.88,LOCKED,36.3738,0.0000,0.0000,0.0000,0.9515,0.00,1,classical
2026-08-24T01:41:51,59.88,LOCKED,36.2742,0.0000,0.0000,0.0000,0.9516,0.00,1,classical
2026-08-24T01:41:52,60.61,LOCKED,35.4001,0.0000,0.0000,0.0000,0.9528,0.00,1,classical
2026-08-24T01:41:53,59.88,LOCKED,35.0968,0.0000,0.0000,0.0000,0.9532,0.00,1,classical
2026-08-24T01:41:54,59.88,LOCKED,35.1176,0.0000,0.0000,0.0000,0.9532,0.00,1,classical
2026-08-24T01:41:55,60.98,LOCKED,35.9362,0.0000,0.0000,0.0000,0.9521,0.00,1,classical
2026-08-24T01:41:56,59.52,LOCKED,36.4948,0.0000,0.0000,0.0000,0.9513,0.00,1,classical
2026-08-24T01:41:57,59.17,LOCKED,36.9855,0.0000,0.0000,0.0000,0.9507,0.00,1,classical
2026-08-24T01:41:58,59.88,LOCKED,36.8370,0.0000,0.0000,0.0000,0.9509,0.00,1,classical
2026-08-24T01:41:59,60.24,LOCKED,36.6943,0.0000,0.0000,0.0000,0.9511,0.00,1,classical
2026-08-24T01:42:00,60.98,LOCKED,35.7896,0.0000,0.0000,0.0000,0.9523,0.00,1,classical
2026-08-24T01:42:01,56.18,LOCKED,36.0272,0.0000,0.0000,0.0000,0.9520,0.00,1,classical
2026-08-24T01:42:02,58.82,LOCKED,35.7787,0.0000,0.0000,0.0000,0.9523,0.00,1,classical
2026-08-24T01:42:03,58.14,LOCKED,36.9492,0.0000,0.0000,0.0000,0.9507,0.00,1,classical
2026-08-24T01:42:04,57.14,LOCKED,37.4761,0.0000,0.0000,0.0000,0.9500,0.00,1,classical
2026-08-24T01:42:05,55.56,LOCKED,37.7763,0.0000,0.0000,0.0000,0.9496,0.00,1,classical
2026-08-24T01:42:06,59.17,LOCKED,36.4332,0.0000,0.0000,0.0000,0.9514,0.00,1,classical
2026-08-24T01:42:07,57.14,LOCKED,36.7741,0.0000,0.0000,0.0000,0.9510,0.00,1,classical
2026-08-24T01:42:08,57.80,LOCKED,36.9223,0.0000,0.0000,0.0000,0.9508,0.00,1,classical
2026-08-24T01:42:09,57.47,LOCKED,36.5086,0.0000,0.0000,0.0000,0.9513,0.00,1,classical
2026-08-24T01:42:10,58.48,LOCKED,36.3448,0.0000,0.0000,0.0000,0.9515,0.00,1,classical
2026-08-24T01:42:11,54.95,LOCKED,37.1874,0.0000,0.0000,0.0000,0.9504,0.00,1,classical
2026-08-24T01:42:12,56.18,LOCKED,37.3379,0.0000,0.0000,0.0000,0.9502,0.00,1,classical
2026-08-24T01:42:13,60.61,LOCKED,37.0190,0.0000,0.0000,0.0000,0.9506,0.00,1,classical
2026-08-24T01:42:14,59.88,LOCKED,36.8349,0.0000,0.0000,0.0000,0.9509,0.00,1,classical
2026-08-24T01:42:15,60.61,LOCKED,36.1200,0.0000,0.0000,0.0000,0.9518,0.00,1,classical
2026-08-24T01:42:16,60.98,LOCKED,35.5381,0.0000,0.0000,0.0000,0.9526,0.00,1,classical
2026-08-24T01:42:17,59.88,LOCKED,35.4512,0.0000,0.0000,0.0000,0.9527,0.00,1,classical
2026-08-24T01:42:18,60.61,LOCKED,35.5858,0.0000,0.0000,0.0000,0.9526,0.00,1,classical
2026-08-24T01:42:19,60.24,LOCKED,36.3873,0.0000,0.0000,0.0000,0.9515,0.00,1,classical
2026-08-24T01:42:20,59.88,LOCKED,36.7468,0.0000,0.0000,0.0000,0.9510,0.00,1,classical
2026-08-24T01:42:21,59.88,LOCKED,36.8689,0.0000,0.0000,0.0000,0.9508,0.00,1,classical
2026-08-24T01:42:22,60.24,LOCKED,36.4401,0.0000,0.0000,0.0000,0.9514,0.00,1,classical
2026-08-24T01:42:23,59.17,LOCKED,36.1446,0.0000,0.0000,0.0000,0.9518,0.00,1,classical
2026-08-24T01:42:24,59.88,LOCKED,35.6361,0.0000,0.0000,0.0000,0.9525,0.00,1,classical
2026-08-24T01:42:25,59.88,LOCKED,36.1278,0.0000,0.0000,0.0000,0.9518,0.00,1,classical
2026-08-24T01:42:26,59.88,LOCKED,37.0413,0.0000,0.0000,0.0000,0.9506,0.00,1,classical
2026-08-24T01:42:27,55.25,LOCKED,36.9688,0.0000,0.0000,0.0000,0.9507,0.00,1,classical
2026-08-24T01:42:28,54.64,LOCKED,37.3616,0.0000,0.0000,0.0000,0.9502,0.00,1,classical
2026-08-24T01:42:29,58.14,LOCKED,36.5453,0.0000,0.0000,0.0000,0.9513,0.00,1,classical
2026-08-24T01:42:30,59.52,LOCKED,36.6654,0.0000,0.0000,0.0000,0.9511,0.00,1,classical
2026-08-24T01:42:31,60.61,LOCKED,35.5373,0.0000,0.0000,0.0000,0.9526,0.00,1,classical
2026-08-24T01:42:32,62.11,LOCKED,34.9779,0.0000,0.0000,0.0000,0.9534,0.00,1,classical
2026-08-24T01:42:33,58.82,LOCKED,35.9339,0.0000,0.0000,0.0000,0.9521,0.00,1,classical
2026-08-24T01:42:34,58.48,LOCKED,36.3540,0.0000,0.0000,0.0000,0.9515,0.00,1,classical
2026-08-24T01:42:35,60.61,LOCKED,36.5091,0.0000,0.0000,0.0000,0.9513,0.00,1,classical
2026-08-24T01:42:36,57.47,LOCKED,37.7745,0.0000,0.0000,0.0000,0.9496,0.00,1,classical
2026-08-24T01:42:37,57.47,LOCKED,37.1027,0.0000,0.0000,0.0000,0.9505,0.00,1,classical
2026-08-24T01:42:38,59.88,LOCKED,36.5336,0.0000,0.0000,0.0000,0.9513,0.00,1,classical
2026-08-24T01:42:39,61.73,LOCKED,35.7061,0.0000,0.0000,0.0000,0.9524,0.00,1,classical
2026-08-24T01:42:40,59.52,LOCKED,35.5824,0.0000,0.0000,0.0000,0.9526,0.00,1,classical
2026-08-24T01:42:41,60.24,LOCKED,35.6779,0.0000,0.0000,0.0000,0.9524,0.00,1,classical
2026-08-24T01:42:42,59.52,LOCKED,36.8820,0.0000,0.0000,0.0000,0.9508,0.00,1,classical
2026-08-24T01:42:43,57.80,LOCKED,37.1716,0.0000,0.0000,0.0000,0.9504,0.00,1,classical
2026-08-24T01:42:44,59.17,LOCKED,37.3489,0.0000,0.0000,0.0000,0.9502,0.00,1,classical
2026-08-24T01:42:45,60.61,LOCKED,36.7734,0.0000,0.0000,0.0000,0.9510,0.00,1,classical
2026-08-24T01:42:46,60.24,LOCKED,36.3914,0.0000,0.0000,0.0000,0.9515,0.00,1,classical
2026-08-24T01:42:47,59.88,LOCKED,36.0378,0.0000,0.0000,0.0000,0.9519,0.00,1,classical
2026-08-24T01:42:48,59.52,LOCKED,36.4563,0.0000,0.0000,0.0000,0.9514,0.00,1,classical
2026-08-24T01:42:49,60.61,LOCKED,35.9000,0.0000,0.0000,0.0000,0.9521,0.00,1,classical
2026-08-24T01:42:50,60.98,LOCKED,36.4672,0.0000,0.0000,0.0000,0.9514,0.00,1,classical
2026-08-24T01:42:51,59.88,LOCKED,36.7660,0.0000,0.0000,0.0000,0.9510,0.00,1,classical
2026-08-24T01:42:52,59.88,LOCKED,37.4518,0.0000,0.0000,0.0000,0.9501,0.00,1,classical
2026-08-24T01:42:53,58.14,LOCKED,36.8647,0.0000,0.0000,0.0000,0.9508,0.00,1,classical
2026-08-24T01:42:54,60.61,LOCKED,35.9984,0.0000,0.0000,0.0000,0.9520,0.00,1,classical
2026-08-24T01:42:55,60.98,LOCKED,35.5211,0.0000,0.0000,0.0000,0.9526,0.00,1,classical
2026-08-24T01:42:56,60.98,LOCKED,35.8330,0.0000,0.0000,0.0000,0.9522,0.00,1,classical
2026-08-24T01:42:57,60.98,LOCKED,35.9375,0.0000,0.0000,0.0000,0.9521,0.00,1,classical
2026-08-24T01:42:58,60.98,LOCKED,36.6153,0.0000,0.0000,0.0000,0.9512,0.00,1,classical
2026-08-24T01:42:59,59.88,LOCKED,37.1164,0.0000,0.0000,0.0000,0.9505,0.00,1,classical
2026-08-24T01:43:00,60.61,LOCKED,37.1230,0.0000,0.0000,0.0000,0.9505,0.00,1,classical
2026-08-24T01:43:01,59.88,LOCKED,36.8479,0.0000,0.0000,0.0000,0.9509,0.00,1,classical
2026-08-24T01:43:02,60.24,LOCKED,35.7482,0.0000,0.0000,0.0000,0.9523,0.00,1,classical
2026-08-24T01:43:03,60.24,LOCKED,35.3800,0.0000,0.0000,0.0000,0.9528,0.00,1,classical
2026-08-24T01:43:04,60.61,LOCKED,35.8595,0.0000,0.0000,0.0000,0.9522,0.00,1,classical
2026-08-24T01:43:05,59.88,LOCKED,36.3502,0.0000,0.0000,0.0000,0.9515,0.00,1,classical
2026-08-24T01:43:07,59.88,LOCKED,37.1430,0.0000,0.0000,0.0000,0.9505,0.00,1,classical
2026-08-24T01:43:08,60.98,LOCKED,36.9994,0.0000,0.0000,0.0000,0.9507,0.00,1,classical
2026-08-24T01:43:09,60.24,LOCKED,37.1275,0.0000,0.0000,0.0000,0.9505,0.00,1,classical
2026-08-24T01:43:10,60.61,LOCKED,36.7140,0.0000,0.0000,0.0000,0.9510,0.00,1,classical
2026-08-24T01:43:11,61.35,LOCKED,35.9988,0.0000,0.0000,0.0000,0.9520,0.00,1,classical
2026-08-24T01:43:12,59.52,LOCKED,35.8884,0.0000,0.0000,0.0000,0.9521,0.00,1,classical
2026-08-24T01:43:13,59.88,LOCKED,36.4808,0.0000,0.0000,0.0000,0.9514,0.00,1,classical
2026-08-24T01:43:14,60.24,LOCKED,36.5734,0.0000,0.0000,0.0000,0.9512,0.00,1,classical
2026-08-24T01:43:15,60.24,LOCKED,36.6519,0.0000,0.0000,0.0000,0.9511,0.00,1,classical
2026-08-24T01:43:16,60.98,LOCKED,36.6681,0.0000,0.0000,0.0000,0.9511,0.00,1,classical
2026-08-24T01:43:17,60.24,LOCKED,36.7563,0.0000,0.0000,0.0000,0.9510,0.00,1,classical
2026-08-24T01:43:18,52.36,LOCKED,37.3166,0.0000,0.0000,0.0000,0.9502,0.00,1,classical
2026-08-24T01:43:19,59.17,LOCKED,35.8249,0.0000,0.0000,0.0000,0.9522,0.00,1,classical
2026-08-24T01:43:20,57.80,LOCKED,34.9491,0.0000,0.0000,0.0000,0.9534,0.00,1,classical
2026-08-24T01:43:21,58.14,LOCKED,35.5449,0.0000,0.0000,0.0000,0.9526,0.00,1,classical
2026-08-24T01:43:22,59.52,LOCKED,36.5192,0.0000,0.0000,0.0000,0.9513,0.00,1,classical
2026-08-24T01:43:23,60.61,LOCKED,36.9168,0.0000,0.0000,0.0000,0.9508,0.00,1,classical
2026-08-24T01:43:24,59.88,LOCKED,37.1086,0.0000,0.0000,0.0000,0.9505,0.00,1,classical
2026-08-24T01:43:25,61.35,LOCKED,36.3794,0.0000,0.0000,0.0000,0.9515,0.00,1,classical
2026-08-24T01:43:26,60.61,LOCKED,35.8404,0.0000,0.0000,0.0000,0.9522,0.00,1,classical
2026-08-24T01:43:27,61.73,LOCKED,35.4989,0.0000,0.0000,0.0000,0.9527,0.00,1,classical
2026-08-24T01:43:28,61.35,LOCKED,35.4968,0.0000,0.0000,0.0000,0.9527,0.00,1,classical
2026-08-24T01:43:29,61.35,LOCKED,35.7304,0.0000,0.0000,0.0000,0.9524,0.00,1,classical
2026-08-24T01:43:30,60.61,LOCKED,36.4500,0.0000,0.0000,0.0000,0.9514,0.00,1,classical
2026-08-24T01:43:31,60.24,LOCKED,36.7992,0.0000,0.0000,0.0000,0.9509,0.00,1,classical
2026-08-24T01:43:32,56.18,LOCKED,37.6684,0.0000,0.0000,0.0000,0.9498,0.00,1,classical
2026-08-24T01:43:33,57.14,LOCKED,36.8602,0.0000,0.0000,0.0000,0.9509,0.00,1,classical
2026-08-24T01:43:34,59.52,LOCKED,36.9496,0.0000,0.0000,0.0000,0.9507,0.00,1,classical
2026-08-24T01:43:35,60.61,LOCKED,35.8042,0.0000,0.0000,0.0000,0.9523,0.00,1,classical
2026-08-24T01:43:36,61.35,LOCKED,35.1639,0.0000,0.0000,0.0000,0.9531,0.00,1,classical
2026-08-24T01:43:37,60.24,LOCKED,36.2380,0.0000,0.0000,0.0000,0.9517,0.00,1,classical
2026-08-24T01:43:38,60.61,LOCKED,36.5641,0.0000,0.0000,0.0000,0.9512,0.00,1,classical
2026-08-24T01:43:39,59.17,LOCKED,37.5371,0.0000,0.0000,0.0000,0.9500,0.00,1,classical
2026-08-24T01:43:40,59.88,LOCKED,36.5300,0.0000,0.0000,0.0000,0.9513,0.00,1,classical
2026-08-24T01:43:41,59.52,LOCKED,37.0611,0.0000,0.0000,0.0000,0.9506,0.00,1,classical
2026-08-24T01:43:42,58.82,LOCKED,36.0693,0.0000,0.0000,0.0000,0.9519,0.00,1,classical
2026-08-24T01:43:43,56.82,LOCKED,35.9973,0.0000,0.0000,0.0000,0.9520,0.00,1,classical
2026-08-24T01:43:44,59.17,LOCKED,36.1681,0.0000,0.0000,0.0000,0.9518,0.00,1,classical
2026-08-24T01:43:45,58.14,LOCKED,36.8487,0.0000,0.0000,0.0000,0.9509,0.00,1,classical
2026-08-24T01:43:46,54.64,LOCKED,37.2995,0.0000,0.0000,0.0000,0.9503,0.00,1,classical
2026-08-24T01:43:47,54.95,LOCKED,37.5608,0.0000,0.0000,0.0000,0.9499,0.00,1,classical
2026-08-24T01:43:48,59.88,LOCKED,36.6811,0.0000,0.0000,0.0000,0.9511,0.00,1,classical
2026-08-24T01:43:49,58.82,LOCKED,36.3624,0.0000,0.0000,0.0000,0.9515,0.00,1,classical
2026-08-24T01:43:50,59.88,LOCKED,36.1918,0.0000,0.0000,0.0000,0.9517,0.00,1,classical
2026-08-24T01:43:51,59.52,LOCKED,34.8830,0.0000,0.0000,0.0000,0.9535,0.00,1,classical
2026-08-24T01:43:52,59.52,LOCKED,36.4160,0.0000,0.0000,0.0000,0.9514,0.00,1,classical
2026-08-24T01:43:53,61.35,LOCKED,36.8864,0.0000,0.0000,0.0000,0.9508,0.00,1,classical
2026-08-24T01:43:54,59.52,LOCKED,36.6325,0.0000,0.0000,0.0000,0.9512,0.00,1,classical
2026-08-24T01:43:55,58.82,LOCKED,37.0359,0.0000,0.0000,0.0000,0.9506,0.00,1,classical
2026-08-24T01:43:56,59.88,LOCKED,36.4259,0.0000,0.0000,0.0000,0.9514,0.00,1,classical
2026-08-24T01:43:57,59.52,LOCKED,35.9614,0.0000,0.0000,0.0000,0.9521,0.00,1,classical
2026-08-24T01:43:58,59.52,LOCKED,35.9014,0.0000,0.0000,0.0000,0.9521,0.00,1,classical
2026-08-24T01:43:59,60.98,LOCKED,35.8894,0.0000,0.0000,0.0000,0.9521,0.00,1,classical
2026-08-24T01:44:00,60.24,LOCKED,36.0057,0.0000,0.0000,0.0000,0.9520,0.00,1,classical
2026-08-24T01:44:01,60.24,LOCKED,36.2902,0.0000,0.0000,0.0000,0.9516,0.00,1,classical
2026-08-24T01:44:02,60.98,LOCKED,36.6665,0.0000,0.0000,0.0000,0.9511,0.00,1,classical
2026-08-24T01:44:03,57.14,LOCKED,37.3780,0.0000,0.0000,0.0000,0.9502,0.00,1,classical
2026-08-24T01:44:04,57.14,LOCKED,37.0685,0.0000,0.0000,0.0000,0.9506,0.00,1,classical
2026-08-24T01:44:05,61.35,LOCKED,35.9242,0.0000,0.0000,0.0000,0.9521,0.00,1,classical
2026-08-24T01:44:06,60.61,LOCKED,35.6373,0.0000,0.0000,0.0000,0.9525,0.00,1,classical
2026-08-24T01:44:07,60.24,LOCKED,35.9792,0.0000,0.0000,0.0000,0.9520,0.00,1,classical
2026-08-24T01:44:08,59.88,LOCKED,36.1412,0.0000,0.0000,0.0000,0.9518,0.00,1,classical
2026-08-24T01:44:09,58.48,LOCKED,37.5291,0.0000,0.0000,0.0000,0.9500,0.00,1,classical
2026-08-24T01:44:10,60.61,LOCKED,37.0452,0.0000,0.0000,0.0000,0.9506,0.00,1,classical
2026-08-24T01:44:11,60.61,LOCKED,36.7577,0.0000,0.0000,0.0000,0.9510,0.00,1,classical
2026-08-24T01:44:12,60.24,LOCKED,36.2064,0.0000,0.0000,0.0000,0.9517,0.00,1,classical
2026-08-24T01:44:13,60.98,LOCKED,35.7697,0.0000,0.0000,0.0000,0.9523,0.00,1,classical
2026-08-24T01:44:14,60.98,LOCKED,35.2831,0.0000,0.0000,0.0000,0.9530,0.00,1,classical
2026-08-24T01:44:15,59.88,LOCKED,35.4729,0.0000,0.0000,0.0000,0.9527,0.00,1,classical
2026-08-24T01:44:16,59.52,LOCKED,36.0153,0.0000,0.0000,0.0000,0.9520,0.00,1,classical
2026-08-24T01:44:17,60.61,LOCKED,36.2426,0.0000,0.0000,0.0000,0.9517,0.00,1,classical
2026-08-24T01:44:18,59.88,LOCKED,36.7771,0.0000,0.0000,0.0000,0.9510,0.00,1,classical
2026-08-24T01:44:19,60.61,LOCKED,36.7430,0.0000,0.0000,0.0000,0.9510,0.00,1,classical
2026-08-24T01:44:20,60.61,LOCKED,36.2197,0.0000,0.0000,0.0000,0.9517,0.00,1,classical
2026-08-24T01:44:21,60.61,LOCKED,36.0017,0.0000,0.0000,0.0000,0.9520,0.00,1,classical
2026-08-24T01:44:22,59.88,LOCKED,35.3608,0.0000,0.0000,0.0000,0.9529,0.00,1,classical
2026-08-24T01:44:23,59.17,LOCKED,35.6488,0.0000,0.0000,0.0000,0.9525,0.00,1,classical
2026-08-24T01:44:24,59.88,LOCKED,36.1205,0.0000,0.0000,0.0000,0.9518,0.00,1,classical
2026-08-24T01:44:25,59.52,LOCKED,36.7670,0.0000,0.0000,0.0000,0.9510,0.00,1,classical
2026-08-24T01:44:26,59.17,LOCKED,37.1014,0.0000,0.0000,0.0000,0.9505,0.00,1,classical
2026-08-24T01:44:27,57.80,LOCKED,37.0291,0.0000,0.0000,0.0000,0.9506,0.00,1,classical
2026-08-24T01:44:28,60.98,LOCKED,36.2109,0.0000,0.0000,0.0000,0.9517,0.00,1,classical
2026-08-24T01:44:29,60.24,LOCKED,35.6803,0.0000,0.0000,0.0000,0.9524,0.00,1,classical
2026-08-24T01:44:30,60.24,LOCKED,36.0757,0.0000,0.0000,0.0000,0.9519,0.00,1,classical
2026-08-24T01:44:31,58.82,LOCKED,35.9851,0.0000,0.0000,0.0000,0.9520,0.00,1,classical
2026-08-24T01:44:32,54.35,LOCKED,37.3566,0.0000,0.0000,0.0000,0.9502,0.00,1,classical
2026-08-24T01:44:33,55.56,LOCKED,37.2308,0.0000,0.0000,0.0000,0.9504,0.00,1,classical
2026-08-24T01:44:34,59.88,LOCKED,36.7802,0.0000,0.0000,0.0000,0.9510,0.00,1,classical
2026-08-24T01:44:35,59.17,LOCKED,36.7338,0.0000,0.0000,0.0000,0.9510,0.00,1,classical
2026-08-24T01:44:36,60.61,LOCKED,36.5001,0.0000,0.0000,0.0000,0.9513,0.00,1,classical
2026-08-24T01:44:37,54.95,LOCKED,36.2528,0.0000,0.0000,0.0000,0.9517,0.00,1,classical
2026-08-24T01:44:38,58.82,LOCKED,35.9459,0.0000,0.0000,0.0000,0.9521,0.00,1,classical
2026-08-24T01:44:39,57.80,LOCKED,35.9740,0.0000,0.0000,0.0000,0.9520,0.00,1,classical
2026-08-24T01:44:40,60.24,LOCKED,36.5816,0.0000,0.0000,0.0000,0.9512,0.00,1,classical
2026-08-24T01:44:41,59.88,LOCKED,37.0123,0.0000,0.0000,0.0000,0.9507,0.00,1,classical
2026-08-24T01:44:42,60.24,LOCKED,36.8999,0.0000,0.0000,0.0000,0.9508,0.00,1,classical
2026-08-24T01:44:43,56.82,LOCKED,36.8758,0.0000,0.0000,0.0000,0.9508,0.00,1,classical
2026-08-24T01:44:44,58.82,LOCKED,36.2743,0.0000,0.0000,0.0000,0.9516,0.00,1,classical
2026-08-24T01:44:45,58.48,LOCKED,35.5059,0.0000,0.0000,0.0000,0.9527,0.00,1,classical
2026-08-24T01:44:46,59.17,LOCKED,35.6158,0.0000,0.0000,0.0000,0.9525,0.00,1,classical
2026-08-24T01:44:47,60.61,LOCKED,35.6720,0.0000,0.0000,0.0000,0.9524,0.00,1,classical
2026-08-24T01:44:48,59.88,LOCKED,36.4624,0.0000,0.0000,0.0000,0.9514,0.00,1,classical
2026-08-24T01:44:49,60.98,LOCKED,36.3787,0.0000,0.0000,0.0000,0.9515,0.00,1,classical
2026-08-24T01:44:50,60.98,LOCKED,36.4113,0.0000,0.0000,0.0000,0.9515,0.00,1,classical
2026-08-24T01:44:51,58.48,LOCKED,36.7753,0.0000,0.0000,0.0000,0.9510,0.00,1,classical
2026-08-24T01:44:52,59.17,LOCKED,35.6322,0.0000,0.0000,0.0000,0.9525,0.00,1,classical
2026-08-24T01:44:53,59.88,LOCKED,35.4448,0.0000,0.0000,0.0000,0.9527,0.00,1,classical
2026-08-24T01:44:54,59.17,LOCKED,35.7388,0.0000,0.0000,0.0000,0.9523,0.00,1,classical
2026-08-24T01:44:55,57.80,LOCKED,36.2498,0.0000,0.0000,0.0000,0.9517,0.00,1,classical
2026-08-24T01:44:56,54.05,LOCKED,37.8526,0.0000,0.0000,0.0000,0.9495,0.00,1,classical
2026-08-24T01:44:57,58.14,LOCKED,37.2997,0.0000,0.0000,0.0000,0.9503,0.00,1,classical
2026-08-24T01:44:58,60.61,LOCKED,36.9387,0.0000,0.0000,0.0000,0.9507,0.00,1,classical
2026-08-24T01:44:59,59.88,LOCKED,36.3929,0.0000,0.0000,0.0000,0.9515,0.00,1,classical
2026-08-24T01:45:00,59.52,LOCKED,35.9003,0.0000,0.0000,0.0000,0.9521,0.00,1,classical
2026-08-24T01:45:01,60.24,LOCKED,35.6122,0.0000,0.0000,0.0000,0.9525,0.00,1,classical
2026-08-24T01:45:03,59.17,LOCKED,35.9598,0.0000,0.0000,0.0000,0.9521,0.00,1,classical
2026-08-24T01:45:04,58.82,LOCKED,36.2596,0.0000,0.0000,0.0000,0.9517,0.00,1,classical
2026-08-24T01:45:05,58.82,LOCKED,36.7358,0.0000,0.0000,0.0000,0.9510,0.00,1,classical
2026-08-24T01:45:06,58.82,LOCKED,37.0872,0.0000,0.0000,0.0000,0.9506,0.00,1,classical
2026-08-24T01:45:07,59.17,LOCKED,36.9584,0.0000,0.0000,0.0000,0.9507,0.00,1,classical
2026-08-24T01:45:08,59.17,LOCKED,36.7452,0.0000,0.0000,0.0000,0.9510,0.00,1,classical
2026-08-24T01:45:09,59.52,LOCKED,35.5852,0.0000,0.0000,0.0000,0.9526,0.00,1,classical
2026-08-24T01:45:10,58.48,LOCKED,35.9860,0.0000,0.0000,0.0000,0.9520,0.00,1,classical
2026-08-24T01:45:11,58.14,LOCKED,36.7736,0.0000,0.0000,0.0000,0.9510,0.00,1,classical
2026-08-24T01:45:12,55.56,LOCKED,37.1803,0.0000,0.0000,0.0000,0.9504,0.00,1,classical
2026-08-24T01:45:13,54.05,LOCKED,37.4345,0.0000,0.0000,0.0000,0.9501,0.00,1,classical
2026-08-24T01:45:14,55.87,LOCKED,37.7081,0.0000,0.0000,0.0000,0.9497,0.00,1,classical
2026-08-24T01:45:15,57.47,LOCKED,36.9269,0.0000,0.0000,0.0000,0.9508,0.00,1,classical
2026-08-24T01:45:16,58.14,LOCKED,36.7866,0.0000,0.0000,0.0000,0.9510,0.00,1,classical
2026-08-24T01:45:17,60.24,LOCKED,35.4390,0.0000,0.0000,0.0000,0.9527,0.00,1,classical
2026-08-24T01:45:18,59.88,LOCKED,35.7312,0.0000,0.0000,0.0000,0.9524,0.00,1,classical
2026-08-24T01:45:19,57.80,LOCKED,36.2859,0.0000,0.0000,0.0000,0.9516,0.00,1,classical
2026-08-24T01:45:20,56.50,LOCKED,36.7973,0.0000,0.0000,0.0000,0.9509,0.00,1,classical
2026-08-24T01:45:21,59.17,LOCKED,36.8087,0.0000,0.0000,0.0000,0.9509,0.00,1,classical
2026-08-24T01:45:22,59.52,LOCKED,37.0904,0.0000,0.0000,0.0000,0.9505,0.00,1,classical
2026-08-24T01:45:23,60.98,LOCKED,36.3948,0.0000,0.0000,0.0000,0.9515,0.00,1,classical
2026-08-24T01:45:24,59.52,LOCKED,35.9489,0.0000,0.0000,0.0000,0.9521,0.00,1,classical
2026-08-24T01:45:25,60.61,LOCKED,35.1807,0.0000,0.0000,0.0000,0.9531,0.00,1,classical
2026-08-24T01:45:26,59.88,LOCKED,35.5922,0.0000,0.0000,0.0000,0.9525,0.00,1,classical
2026-08-24T01:45:27,60.61,LOCKED,36.7192,0.0000,0.0000,0.0000,0.9510,0.00,1,classical
2026-08-24T01:45:28,53.76,LOCKED,37.6344,0.0000,0.0000,0.0000,0.9498,0.00,1,classical
2026-08-24T01:45:29,60.24,LOCKED,36.4054,0.0000,0.0000,0.0000,0.9515,0.00,1,classical
2026-08-24T01:45:30,51.81,LOCKED,36.9877,0.0000,0.0000,0.0000,0.9507,0.00,1,classical
2026-08-24T01:45:31,60.61,LOCKED,36.8258,0.0000,0.0000,0.0000,0.9509,0.00,1,classical
2026-08-24T01:45:32,60.98,LOCKED,35.0809,0.0000,0.0000,0.0000,0.9532,0.00,1,classical
2026-08-24T01:45:33,53.76,LOCKED,36.1120,0.0000,0.0000,0.0000,0.9519,0.00,1,classical
2026-08-24T01:45:34,59.88,LOCKED,35.0871,0.0000,0.0000,0.0000,0.9532,0.00,1,classical
2026-08-24T01:45:35,50.00,LOCKED,36.0905,0.0000,0.0000,0.0000,0.9519,0.00,1,classical
2026-08-24T01:45:36,60.61,LOCKED,35.6123,0.0000,0.0000,0.0000,0.9525,0.00,1,classical
2026-08-24T01:45:37,59.17,LOCKED,36.9404,0.0000,0.0000,0.0000,0.9507,0.00,1,classical
2026-08-24T01:45:38,59.52,LOCKED,36.6282,0.0000,0.0000,0.0000,0.9512,0.00,1,classical
2026-08-24T01:45:39,60.24,LOCKED,36.1665,0.0000,0.0000,0.0000,0.9518,0.00,1,classical
2026-08-24T01:45:40,59.17,LOCKED,36.2670,0.0000,0.0000,0.0000,0.9516,0.00,1,classical
2026-08-24T01:45:41,52.91,LOCKED,37.2166,0.0000,0.0000,0.0000,0.9504,0.00,1,classical
2026-08-24T01:45:42,58.82,LOCKED,35.9196,0.0000,0.0000,0.0000,0.9521,0.00,1,classical
2026-08-24T01:45:43,58.82,LOCKED,36.4531,0.0000,0.0000,0.0000,0.9514,0.00,1,classical
2026-08-24T01:45:44,60.61,LOCKED,36.6949,0.0000,0.0000,0.0000,0.9511,0.00,1,classical
2026-08-24T01:45:45,59.88,LOCKED,37.0378,0.0000,0.0000,0.0000,0.9506,0.00,1,classical
2026-08-24T01:45:46,60.24,LOCKED,36.8005,0.0000,0.0000,0.0000,0.9509,0.00,1,classical
2026-08-24T01:45:47,57.47,LOCKED,36.7474,0.0000,0.0000,0.0000,0.9510,0.00,1,classical
2026-08-24T01:45:48,57.47,LOCKED,36.8044,0.0000,0.0000,0.0000,0.9509,0.00,1,classical
2026-08-24T01:45:49,60.98,LOCKED,35.2570,0.0000,0.0000,0.0000,0.9530,0.00,1,classical
2026-08-24T01:45:50,55.87,LOCKED,36.8074,0.0000,0.0000,0.0000,0.9509,0.00,1,classical
2026-08-24T01:45:51,56.50,LOCKED,37.0426,0.0000,0.0000,0.0000,0.9506,0.00,1,classical
2026-08-24T01:45:52,55.56,LOCKED,37.5953,0.0000,0.0000,0.0000,0.9499,0.00,1,classical
2026-08-24T01:45:53,54.95,LOCKED,37.2639,0.0000,0.0000,0.0000,0.9503,0.00,1,classical
2026-08-24T01:45:54,59.17,LOCKED,36.5262,0.0000,0.0000,0.0000,0.9513,0.00,1,classical
2026-08-24T01:45:55,60.24,LOCKED,35.8258,0.0000,0.0000,0.0000,0.9522,0.00,1,classical
2026-08-24T01:45:56,59.88,LOCKED,35.6448,0.0000,0.0000,0.0000,0.9525,0.00,1,classical
2026-08-24T01:45:57,60.61,LOCKED,35.4202,0.0000,0.0000,0.0000,0.9528,0.00,1,classical
2026-08-24T01:45:58,60.61,LOCKED,35.4941,0.0000,0.0000,0.0000,0.9527,0.00,1,classical
2026-08-24T01:45:59,59.17,LOCKED,36.2777,0.0000,0.0000,0.0000,0.9516,0.00,1,classical
2026-08-24T01:46:00,59.52,LOCKED,36.7261,0.0000,0.0000,0.0000,0.9510,0.00,1,classical
2026-08-24T01:46:01,60.61,LOCKED,36.7499,0.0000,0.0000,0.0000,0.9510,0.00,1,classical
2026-08-24T01:46:02,59.17,LOCKED,36.2422,0.0000,0.0000,0.0000,0.9517,0.00,1,classical
2026-08-24T01:46:03,60.24,LOCKED,35.4088,0.0000,0.0000,0.0000,0.9528,0.00,1,classical
2026-08-24T01:46:04,60.61,LOCKED,35.5469,0.0000,0.0000,0.0000,0.9526,0.00,1,classical
2026-08-24T01:46:05,59.88,LOCKED,35.6533,0.0000,0.0000,0.0000,0.9525,0.00,1,classical
2026-08-24T01:46:06,59.17,LOCKED,36.3574,0.0000,0.0000,0.0000,0.9515,0.00,1,classical
2026-08-24T01:46:07,59.52,LOCKED,36.8980,0.0000,0.0000,0.0000,0.9508,0.00,1,classical
2026-08-24T01:46:08,59.88,LOCKED,37.0815,0.0000,0.0000,0.0000,0.9506,0.00,1,classical
2026-08-24T01:46:09,60.24,LOCKED,36.6981,0.0000,0.0000,0.0000,0.9511,0.00,1,classical
2026-08-24T01:46:10,57.14,LOCKED,36.3429,0.0000,0.0000,0.0000,0.9515,0.00,1,classical
2026-08-24T01:46:11,55.87,LOCKED,36.0785,0.0000,0.0000,0.0000,0.9519,0.00,1,classical
2026-08-24T01:46:12,57.47,LOCKED,35.8994,0.0000,0.0000,0.0000,0.9521,0.00,1,classical
2026-08-24T01:46:13,55.56,LOCKED,35.8168,0.0000,0.0000,0.0000,0.9522,0.00,1,classical
2026-08-24T01:46:14,61.73,LOCKED,36.1195,0.0000,0.0000,0.0000,0.9518,0.00,1,classical
2026-08-24T01:46:15,60.24,LOCKED,36.5552,0.0000,0.0000,0.0000,0.9513,0.00,1,classical
2026-08-24T01:46:16,59.88,LOCKED,36.5054,0.0000,0.0000,0.0000,0.9513,0.00,1,classical
2026-08-24T01:46:17,59.88,LOCKED,36.7175,0.0000,0.0000,0.0000,0.9510,0.00,1,classical
2026-08-24T01:46:18,60.24,LOCKED,36.0758,0.0000,0.0000,0.0000,0.9519,0.00,1,classical
2026-08-24T01:46:19,59.52,LOCKED,35.7483,0.0000,0.0000,0.0000,0.9523,0.00,1,classical
2026-08-24T01:46:20,60.24,LOCKED,35.4003,0.0000,0.0000,0.0000,0.9528,0.00,1,classical
2026-08-24T01:46:21,59.52,LOCKED,35.6852,0.0000,0.0000,0.0000,0.9524,0.00,1,classical
2026-08-24T01:46:22,60.24,LOCKED,36.3069,0.0000,0.0000,0.0000,0.9516,0.00,1,classical
2026-08-24T01:46:23,58.14,LOCKED,37.1220,0.0000,0.0000,0.0000,0.9505,0.00,1,classical
2026-08-24T01:46:24,56.82,LOCKED,37.7546,0.0000,0.0000,0.0000,0.9497,0.00,1,classical
2026-08-24T01:46:25,54.95,LOCKED,37.3982,0.0000,0.0000,0.0000,0.9501,0.00,1,classical
2026-08-24T01:46:26,58.48,LOCKED,36.2941,0.0000,0.0000,0.0000,0.9516,0.00,1,classical
2026-08-24T01:46:27,59.17,LOCKED,35.6477,0.0000,0.0000,0.0000,0.9525,0.00,1,classical
2026-08-24T01:46:28,59.17,LOCKED,35.7346,0.0000,0.0000,0.0000,0.9524,0.00,1,classical
2026-08-24T01:46:29,59.17,LOCKED,36.0063,0.0000,0.0000,0.0000,0.9520,0.00,1,classical
2026-08-24T01:46:30,59.88,LOCKED,35.9229,0.0000,0.0000,0.0000,0.9521,0.00,1,classical
2026-08-24T01:46:31,59.52,LOCKED,36.5901,0.0000,0.0000,0.0000,0.9512,0.00,1,classical
2026-08-24T01:46:32,60.98,LOCKED,36.6728,0.0000,0.0000,0.0000,0.9511,0.00,1,classical
2026-08-24T01:46:33,57.14,LOCKED,36.8335,0.0000,0.0000,0.0000,0.9509,0.00,1,classical
2026-08-24T01:46:34,59.17,LOCKED,36.0411,0.0000,0.0000,0.0000,0.9519,0.00,1,classical
2026-08-24T01:46:35,60.24,LOCKED,35.4640,0.0000,0.0000,0.0000,0.9527,0.00,1,classical
2026-08-24T01:46:36,58.82,LOCKED,36.4783,0.0000,0.0000,0.0000,0.9514,0.00,1,classical
2026-08-24T01:46:37,56.50,LOCKED,36.3334,0.0000,0.0000,0.0000,0.9516,0.00,1,classical
2026-08-24T01:46:38,56.82,LOCKED,36.9137,0.0000,0.0000,0.0000,0.9508,0.00,1,classical
2026-08-24T01:46:39,57.47,LOCKED,37.7258,0.0000,0.0000,0.0000,0.9497,0.00,1,classical
2026-08-24T01:46:40,60.24,LOCKED,36.8216,0.0000,0.0000,0.0000,0.9509,0.00,1,classical
2026-08-24T01:46:41,60.98,LOCKED,36.3832,0.0000,0.0000,0.0000,0.9515,0.00,1,classical
2026-08-24T01:46:42,59.52,LOCKED,35.9866,0.0000,0.0000,0.0000,0.9520,0.00,1,classical
2026-08-24T01:46:43,59.52,LOCKED,35.2384,0.0000,0.0000,0.0000,0.9530,0.00,1,classical
2026-08-24T01:46:44,60.98,LOCKED,35.0819,0.0000,0.0000,0.0000,0.9532,0.00,1,classical
2026-08-24T01:46:45,60.98,LOCKED,35.7073,0.0000,0.0000,0.0000,0.9524,0.00,1,classical
2026-08-24T01:46:46,60.24,LOCKED,36.6027,0.0000,0.0000,0.0000,0.9512,0.00,1,classical
2026-08-24T01:46:47,59.88,LOCKED,37.0915,0.0000,0.0000,0.0000,0.9505,0.00,1,classical
2026-08-24T01:46:48,60.98,LOCKED,36.7871,0.0000,0.0000,0.0000,0.9510,0.00,1,classical
2026-08-24T01:46:49,59.88,LOCKED,35.8880,0.0000,0.0000,0.0000,0.9521,0.00,1,classical
2026-08-24T01:46:51,59.17,LOCKED,35.7625,0.0000,0.0000,0.0000,0.9523,0.00,1,classical
2026-08-24T01:46:52,60.98,LOCKED,34.9167,0.0000,0.0000,0.0000,0.9534,0.00,1,classical
2026-08-24T01:46:53,60.61,LOCKED,35.5801,0.0000,0.0000,0.0000,0.9526,0.00,1,classical
2026-08-24T01:46:54,60.24,LOCKED,36.0252,0.0000,0.0000,0.0000,0.9520,0.00,1,classical
2026-08-24T01:46:55,58.14,LOCKED,36.7544,0.0000,0.0000,0.0000,0.9510,0.00,1,classical
2026-08-24T01:46:56,59.52,LOCKED,36.8615,0.0000,0.0000,0.0000,0.9509,0.00,1,classical
2026-08-24T01:46:57,60.24,LOCKED,36.7782,0.0000,0.0000,0.0000,0.9510,0.00,1,classical
2026-08-24T01:46:58,57.47,LOCKED,36.5028,0.0000,0.0000,0.0000,0.9513,0.00,1,classical
2026-08-24T01:46:59,59.17,LOCKED,35.4118,0.0000,0.0000,0.0000,0.9528,0.00,1,classical
2026-08-24T01:47:00,58.82,LOCKED,35.8857,0.0000,0.0000,0.0000,0.9522,0.00,1,classical
2026-08-24T01:47:01,55.25,LOCKED,36.5304,0.0000,0.0000,0.0000,0.9513,0.00,1,classical
2026-08-24T01:47:02,56.82,LOCKED,37.3902,0.0000,0.0000,0.0000,0.9501,0.00,1,classical
2026-08-24T01:47:03,59.88,LOCKED,36.5650,0.0000,0.0000,0.0000,0.9512,0.00,1,classical
2026-08-24T01:47:04,58.48,LOCKED,37.3420,0.0000,0.0000,0.0000,0.9502,0.00,1,classical
2026-08-24T01:47:05,59.52,LOCKED,37.0926,0.0000,0.0000,0.0000,0.9505,0.00,1,classical
2026-08-24T01:47:06,60.24,LOCKED,36.2532,0.0000,0.0000,0.0000,0.9517,0.00,1,classical
2026-08-24T01:47:07,60.98,LOCKED,35.7003,0.0000,0.0000,0.0000,0.9524,0.00,1,classical
2026-08-24T01:47:08,59.52,LOCKED,35.8840,0.0000,0.0000,0.0000,0.9522,0.00,1,classical
2026-08-24T01:47:09,59.88,LOCKED,36.0410,0.0000,0.0000,0.0000,0.9519,0.00,1,classical
2026-08-24T01:47:10,57.14,LOCKED,37.1186,0.0000,0.0000,0.0000,0.9505,0.00,1,classical
2026-08-24T01:47:11,58.82,LOCKED,37.0415,0.0000,0.0000,0.0000,0.9506,0.00,1,classical
2026-08-24T01:47:12,60.24,LOCKED,36.8665,0.0000,0.0000,0.0000,0.9508,0.00,1,classical
2026-08-24T01:47:13,60.24,LOCKED,36.7189,0.0000,0.0000,0.0000,0.9510,0.00,1,classical
2026-08-24T01:47:14,60.24,LOCKED,36.1743,0.0000,0.0000,0.0000,0.9518,0.00,1,classical
2026-08-24T01:47:15,58.48,LOCKED,36.4005,0.0000,0.0000,0.0000,0.9515,0.00,1,classical
2026-08-24T01:47:16,59.88,LOCKED,35.8654,0.0000,0.0000,0.0000,0.9522,0.00,1,classical
2026-08-24T01:47:17,59.52,LOCKED,36.1973,0.0000,0.0000,0.0000,0.9517,0.00,1,classical
2026-08-24T01:47:18,60.61,LOCKED,36.7249,0.0000,0.0000,0.0000,0.9510,0.00,1,classical
2026-08-24T01:47:19,60.24,LOCKED,36.9866,0.0000,0.0000,0.0000,0.9507,0.00,1,classical
2026-08-24T01:47:20,60.24,LOCKED,37.0814,0.0000,0.0000,0.0000,0.9506,0.00,1,classical
2026-08-24T01:47:21,60.24,LOCKED,36.2581,0.0000,0.0000,0.0000,0.9517,0.00,1,classical
2026-08-24T01:47:22,60.98,LOCKED,36.0882,0.0000,0.0000,0.0000,0.9519,0.00,1,classical
2026-08-24T01:47:23,60.98,LOCKED,34.8506,0.0000,0.0000,0.0000,0.9535,0.00,1,classical
2026-08-24T01:47:24,58.14,LOCKED,35.9397,0.0000,0.0000,0.0000,0.9521,0.00,1,classical
2026-08-24T01:47:25,59.17,LOCKED,35.9406,0.0000,0.0000,0.0000,0.9521,0.00,1,classical
2026-08-24T01:47:26,60.61,LOCKED,36.3658,0.0000,0.0000,0.0000,0.9515,0.00,1,classical
2026-08-24T01:47:27,60.61,LOCKED,36.8220,0.0000,0.0000,0.0000,0.9509,0.00,1,classical
2026-08-24T01:47:28,59.52,LOCKED,37.0730,0.0000,0.0000,0.0000,0.9506,0.00,1,classical
2026-08-24T01:47:29,57.47,LOCKED,36.6200,0.0000,0.0000,0.0000,0.9512,0.00,1,classical
2026-08-24T01:47:30,58.14,LOCKED,36.5622,0.0000,0.0000,0.0000,0.9513,0.00,1,classical
2026-08-24T01:47:31,58.14,LOCKED,35.1490,0.0000,0.0000,0.0000,0.9531,0.00,1,classical
2026-08-24T01:47:32,60.61,LOCKED,35.6104,0.0000,0.0000,0.0000,0.9525,0.00,1,classical
2026-08-24T01:47:33,57.47,LOCKED,36.8502,0.0000,0.0000,0.0000,0.9509,0.00,1,classical
2026-08-24T01:47:34,54.05,LOCKED,37.4202,0.0000,0.0000,0.0000,0.9501,0.00,1,classical
2026-08-24T01:47:35,58.48,LOCKED,36.9966,0.0000,0.0000,0.0000,0.9507,0.00,1,classical
2026-08-24T01:47:36,59.88,LOCKED,36.2297,0.0000,0.0000,0.0000,0.9517,0.00,1,classical
2026-08-24T01:47:37,53.48,LOCKED,36.5270,0.0000,0.0000,0.0000,0.9513,0.00,1,classical
2026-08-24T01:47:38,59.88,LOCKED,34.7436,0.0000,0.0000,0.0000,0.9537,0.00,1,classical
2026-08-24T01:47:39,51.55,LOCKED,35.4696,0.0000,0.0000,0.0000,0.9527,0.00,1,classical
2026-08-24T01:47:40,59.88,LOCKED,34.8347,0.0000,0.0000,0.0000,0.9536,0.00,1,classical
2026-08-24T01:47:41,58.14,LOCKED,36.3660,0.0000,0.0000,0.0000,0.9515,0.00,1,classical
2026-08-24T01:47:42,58.82,LOCKED,37.7342,0.0000,0.0000,0.0000,0.9497,0.00,1,classical
2026-08-24T01:47:43,61.35,LOCKED,36.4600,0.0000,0.0000,0.0000,0.9514,0.00,1,classical
2026-08-24T01:47:44,55.56,LOCKED,37.7567,0.0000,0.0000,0.0000,0.9497,0.00,1,classical
2026-08-24T01:47:45,57.47,LOCKED,36.4141,0.0000,0.0000,0.0000,0.9514,0.00,1,classical
2026-08-24T01:47:46,59.17,LOCKED,36.0471,0.0000,0.0000,0.0000,0.9519,0.00,1,classical
2026-08-24T01:47:47,57.80,LOCKED,35.9960,0.0000,0.0000,0.0000,0.9520,0.00,1,classical
2026-08-24T01:47:48,57.47,LOCKED,36.5775,0.0000,0.0000,0.0000,0.9512,0.00,1,classical
2026-08-24T01:47:49,57.80,LOCKED,36.9645,0.0000,0.0000,0.0000,0.9507,0.00,1,classical
2026-08-24T01:47:50,57.80,LOCKED,37.3787,0.0000,0.0000,0.0000,0.9502,0.00,1,classical
2026-08-24T01:47:51,59.88,LOCKED,37.4089,0.0000,0.0000,0.0000,0.9501,0.00,1,classical
2026-08-24T01:47:52,58.14,LOCKED,36.6491,0.0000,0.0000,0.0000,0.9511,0.00,1,classical
2026-08-24T01:47:53,61.35,LOCKED,35.8127,0.0000,0.0000,0.0000,0.9522,0.00,1,classical
2026-08-24T01:47:54,61.35,LOCKED,35.3587,0.0000,0.0000,0.0000,0.9529,0.00,1,classical
2026-08-24T01:47:55,60.24,LOCKED,35.5944,0.0000,0.0000,0.0000,0.9525,0.00,1,classical
2026-08-24T01:47:56,60.61,LOCKED,36.0441,0.0000,0.0000,0.0000,0.9519,0.00,1,classical
2026-08-24T01:47:57,60.61,LOCKED,36.5772,0.0000,0.0000,0.0000,0.9512,0.00,1,classical
2026-08-24T01:47:58,60.61,LOCKED,37.0027,0.0000,0.0000,0.0000,0.9507,0.00,1,classical
2026-08-24T01:47:59,60.24,LOCKED,36.8165,0.0000,0.0000,0.0000,0.9509,0.00,1,classical
2026-08-24T01:48:00,61.35,LOCKED,36.0471,0.0000,0.0000,0.0000,0.9519,0.00,1,classical
2026-08-24T01:48:01,59.88,LOCKED,35.6682,0.0000,0.0000,0.0000,0.9524,0.00,1,classical
2026-08-24T01:48:02,59.88,LOCKED,35.7344,0.0000,0.0000,0.0000,0.9524,0.00,1,classical
2026-08-24T01:48:03,60.61,LOCKED,35.5487,0.0000,0.0000,0.0000,0.9526,0.00,1,classical
2026-08-24T01:48:04,60.24,LOCKED,36.0224,0.0000,0.0000,0.0000,0.9520,0.00,1,classical
2026-08-24T01:48:05,59.88,LOCKED,36.6460,0.0000,0.0000,0.0000,0.9511,0.00,1,classical
2026-08-24T01:48:06,59.88,LOCKED,37.2184,0.0000,0.0000,0.0000,0.9504,0.00,1,classical
2026-08-24T01:48:07,58.82,LOCKED,37.0282,0.0000,0.0000,0.0000,0.9506,0.00,1,classical
2026-08-24T01:48:08,56.18,LOCKED,36.3811,0.0000,0.0000,0.0000,0.9515,0.00,1,classical
2026-08-24T01:48:09,56.82,LOCKED,36.3264,0.0000,0.0000,0.0000,0.9516,0.00,1,classical
2026-08-24T01:48:10,56.18,LOCKED,36.1765,0.0000,0.0000,0.0000,0.9518,0.00,1,classical
2026-08-24T01:48:11,55.56,LOCKED,36.2538,0.0000,0.0000,0.0000,0.9517,0.00,1,classical
2026-08-24T01:48:12,56.50,LOCKED,37.1701,0.0000,0.0000,0.0000,0.9504,0.00,1,classical
2026-08-24T01:48:13,55.87,LOCKED,37.8855,0.0000,0.0000,0.0000,0.9495,0.00,1,classical
2026-08-24T01:48:14,55.87,LOCKED,37.3920,0.0000,0.0000,0.0000,0.9501,0.00,1,classical
2026-08-24T01:48:15,59.88,LOCKED,37.3345,0.0000,0.0000,0.0000,0.9502,0.00,1,classical
2026-08-24T01:48:16,58.48,LOCKED,36.9776,0.0000,0.0000,0.0000,0.9507,0.00,1,classical
2026-08-24T01:48:17,61.35,LOCKED,35.6640,0.0000,0.0000,0.0000,0.9524,0.00,1,classical
2026-08-24T01:48:18,59.52,LOCKED,36.2934,0.0000,0.0000,0.0000,0.9516,0.00,1,classical
2026-08-24T01:48:19,57.14,LOCKED,36.5822,0.0000,0.0000,0.0000,0.9512,0.00,1,classical
2026-08-24T01:48:20,60.24,LOCKED,36.6439,0.0000,0.0000,0.0000,0.9511,0.00,1,classical
2026-08-24T01:48:21,58.48,LOCKED,36.9997,0.0000,0.0000,0.0000,0.9507,0.00,1,classical
2026-08-24T01:48:22,60.61,LOCKED,36.7572,0.0000,0.0000,0.0000,0.9510,0.00,1,classical
2026-08-24T01:48:23,60.24,LOCKED,36.9331,0.0000,0.0000,0.0000,0.9508,0.00,1,classical
2026-08-24T01:48:24,60.24,LOCKED,35.9788,0.0000,0.0000,0.0000,0.9520,0.00,1,classical
2026-08-24T01:48:25,58.82,LOCKED,36.0672,0.0000,0.0000,0.0000,0.9519,0.00,1,classical
2026-08-24T01:48:26,61.73,LOCKED,35.1503,0.0000,0.0000,0.0000,0.9531,0.00,1,classical
2026-08-24T01:48:27,59.17,LOCKED,36.3407,0.0000,0.0000,0.0000,0.9515,0.00,1,classical
2026-08-24T01:48:28,59.88,LOCKED,37.7545,0.0000,0.0000,0.0000,0.9497,0.00,1,classical
2026-08-24T01:48:29,55.87,LOCKED,37.7197,0.0000,0.0000,0.0000,0.9497,0.00,1,classical
2026-08-24T01:48:30,57.47,LOCKED,37.2991,0.0000,0.0000,0.0000,0.9503,0.00,1,classical
2026-08-24T01:48:31,60.24,LOCKED,36.3858,0.0000,0.0000,0.0000,0.9515,0.00,1,classical
2026-08-24T01:48:32,59.17,LOCKED,36.0965,0.0000,0.0000,0.0000,0.9519,0.00,1,classical
2026-08-24T01:48:33,53.48,LOCKED,36.3416,0.0000,0.0000,0.0000,0.9515,0.00,1,classical
2026-08-24T01:48:34,56.82,LOCKED,36.0080,0.0000,0.0000,0.0000,0.9520,0.00,1,classical
2026-08-24T01:48:35,58.14,LOCKED,36.6787,0.0000,0.0000,0.0000,0.9511,0.00,1,classical
2026-08-24T01:48:36,56.18,LOCKED,37.3633,0.0000,0.0000,0.0000,0.9502,0.00,1,classical
2026-08-24T01:48:37,55.56,LOCKED,37.4065,0.0000,0.0000,0.0000,0.9501,0.00,1,classical
2026-08-24T01:48:38,57.47,LOCKED,37.2527,0.0000,0.0000,0.0000,0.9503,0.00,1,classical
2026-08-24T01:48:39,58.82,LOCKED,36.3687,0.0000,0.0000,0.0000,0.9515,0.00,1,classical
2026-08-24T01:48:41,57.47,LOCKED,36.0779,0.0000,0.0000,0.0000,0.9519,0.00,1,classical
2026-08-24T01:48:42,59.52,LOCKED,36.2374,0.0000,0.0000,0.0000,0.9517,0.00,1,classical
2026-08-24T01:48:43,60.61,LOCKED,35.5892,0.0000,0.0000,0.0000,0.9525,0.00,1,classical
2026-08-24T01:48:44,59.88,LOCKED,36.5406,0.0000,0.0000,0.0000,0.9513,0.00,1,classical
2026-08-24T01:48:45,59.52,LOCKED,37.1174,0.0000,0.0000,0.0000,0.9505,0.00,1,classical
2026-08-24T01:48:46,60.24,LOCKED,36.7272,0.0000,0.0000,0.0000,0.9510,0.00,1,classical
2026-08-24T01:48:47,61.35,LOCKED,36.6410,0.0000,0.0000,0.0000,0.9511,0.00,1,classical
2026-08-24T01:48:48,59.17,LOCKED,36.6456,0.0000,0.0000,0.0000,0.9511,0.00,1,classical
2026-08-24T01:48:49,60.98,LOCKED,36.0711,0.0000,0.0000,0.0000,0.9519,0.00,1,classical
2026-08-24T01:48:50,59.52,LOCKED,34.8285,0.0000,0.0000,0.0000,0.9536,0.00,1,classical
2026-08-24T01:48:51,57.14,LOCKED,36.0137,0.0000,0.0000,0.0000,0.9520,0.00,1,classical
2026-08-24T01:48:52,59.52,LOCKED,36.2463,0.0000,0.0000,0.0000,0.9517,0.00,1,classical
2026-08-24T01:48:53,60.24,LOCKED,36.1307,0.0000,0.0000,0.0000,0.9518,0.00,1,classical
2026-08-24T01:48:54,60.24,LOCKED,36.9346,0.0000,0.0000,0.0000,0.9508,0.00,1,classical
2026-08-24T01:48:55,56.82,LOCKED,36.9337,0.0000,0.0000,0.0000,0.9508,0.00,1,classical
2026-08-24T01:48:56,59.52,LOCKED,35.7368,0.0000,0.0000,0.0000,0.9524,0.00,1,classical
2026-08-24T01:48:57,60.61,LOCKED,35.1465,0.0000,0.0000,0.0000,0.9531,0.00,1,classical
2026-08-24T01:48:58,56.82,LOCKED,36.4799,0.0000,0.0000,0.0000,0.9514,0.00,1,classical
2026-08-24T01:48:59,59.88,LOCKED,27.1033,0.0000,0.0000,0.0000,0.9639,0.00,1,classical
2026-08-24T01:49:00,59.52,LOCKED,34.3152,0.0000,0.0000,0.0000,0.9542,0.00,1,classical
2026-08-24T01:49:01,59.17,LOCKED,36.6612,0.0000,0.0000,0.0000,0.9511,0.00,1,classical
2026-08-24T01:49:02,60.61,LOCKED,35.9078,0.0000,0.0000,0.0000,0.9521,0.00,1,classical
2026-08-24T01:49:03,58.48,LOCKED,36.7452,0.0000,0.0000,0.0000,0.9510,0.00,1,classical
2026-08-24T01:49:04,58.82,LOCKED,36.2950,0.0000,0.0000,0.0000,0.9516,0.00,1,classical
2026-08-24T01:49:05,60.24,LOCKED,35.1469,0.0000,0.0000,0.0000,0.9531,0.00,1,classical
2026-08-24T01:49:06,58.48,LOCKED,35.7465,0.0000,0.0000,0.0000,0.9523,0.00,1,classical
2026-08-24T01:49:07,58.48,LOCKED,34.7684,0.0000,0.0000,0.0000,0.9536,0.00,1,classical
2026-08-24T01:49:08,61.35,LOCKED,36.1753,0.0000,0.0000,0.0000,0.9518,0.00,1,classical
2026-08-24T01:49:09,59.17,LOCKED,37.0628,0.0000,0.0000,0.0000,0.9506,0.00,1,classical
2026-08-24T01:49:10,53.76,LOCKED,37.9953,0.0000,0.0000,0.0000,0.9493,0.00,1,classical
2026-08-24T01:49:11,51.55,LOCKED,37.5963,0.0000,0.0000,0.0000,0.9499,0.00,1,classical
2026-08-24T01:49:12,58.82,LOCKED,35.4492,0.0000,0.0000,0.0000,0.9527,0.00,1,classical
2026-08-24T01:49:13,60.98,LOCKED,35.1837,0.0000,0.0000,0.0000,0.9531,0.00,1,classical
2026-08-24T01:49:14,59.88,LOCKED,35.5159,0.0000,0.0000,0.0000,0.9526,0.00,1,classical
2026-08-24T01:49:15,60.61,LOCKED,35.8606,0.0000,0.0000,0.0000,0.9522,0.00,1,classical
2026-08-24T01:49:16,59.17,LOCKED,36.9188,0.0000,0.0000,0.0000,0.9508,0.00,1,classical
2026-08-24T01:49:17,57.80,LOCKED,36.6823,0.0000,0.0000,0.0000,0.9511,0.00,1,classical
2026-08-24T01:49:18,57.14,LOCKED,37.4848,0.0000,0.0000,0.0000,0.9500,0.00,1,classical
2026-08-24T01:49:19,57.47,LOCKED,37.2032,0.0000,0.0000,0.0000,0.9504,0.00,1,classical
2026-08-24T01:49:20,54.95,LOCKED,36.4370,0.0000,0.0000,0.0000,0.9514,0.00,1,classical
2026-08-24T01:49:21,58.48,LOCKED,35.5263,0.0000,0.0000,0.0000,0.9526,0.00,1,classical
2026-08-24T01:49:22,55.25,LOCKED,36.2868,0.0000,0.0000,0.0000,0.9516,0.00,1,classical
2026-08-24T01:49:23,58.82,LOCKED,36.3788,0.0000,0.0000,0.0000,0.9515,0.00,1,classical
2026-08-24T01:49:24,60.24,LOCKED,37.1606,0.0000,0.0000,0.0000,0.9505,0.00,1,classical
2026-08-24T01:49:25,60.24,LOCKED,36.7175,0.0000,0.0000,0.0000,0.9510,0.00,1,classical
2026-08-24T01:49:26,60.24,LOCKED,36.7092,0.0000,0.0000,0.0000,0.9511,0.00,1,classical
2026-08-24T01:49:27,61.73,LOCKED,36.0233,0.0000,0.0000,0.0000,0.9520,0.00,1,classical
2026-08-24T01:49:28,60.61,LOCKED,35.3204,0.0000,0.0000,0.0000,0.9529,0.00,1,classical
2026-08-24T01:49:29,60.61,LOCKED,35.2163,0.0000,0.0000,0.0000,0.9530,0.00,1,classical
2026-08-24T01:49:30,60.61,LOCKED,35.3972,0.0000,0.0000,0.0000,0.9528,0.00,1,classical
2026-08-24T01:49:31,60.61,LOCKED,36.2251,0.0000,0.0000,0.0000,0.9517,0.00,1,classical
2026-08-24T01:49:32,60.61,LOCKED,36.6919,0.0000,0.0000,0.0000,0.9511,0.00,1,classical
2026-08-24T01:49:33,59.88,LOCKED,37.0614,0.0000,0.0000,0.0000,0.9506,0.00,1,classical
2026-08-24T01:49:34,59.52,LOCKED,37.3036,0.0000,0.0000,0.0000,0.9503,0.00,1,classical
2026-08-24T01:49:35,59.52,LOCKED,36.1812,0.0000,0.0000,0.0000,0.9518,0.00,1,classical
2026-08-24T01:49:36,58.82,LOCKED,36.1458,0.0000,0.0000,0.0000,0.9518,0.00,1,classical
2026-08-24T01:49:37,58.48,LOCKED,35.5521,0.0000,0.0000,0.0000,0.9526,0.00,1,classical
2026-08-24T01:49:38,58.82,LOCKED,35.8880,0.0000,0.0000,0.0000,0.9521,0.00,1,classical
2026-08-24T01:49:39,60.98,LOCKED,36.3512,0.0000,0.0000,0.0000,0.9515,0.00,1,classical
2026-08-24T01:49:40,58.48,LOCKED,36.9370,0.0000,0.0000,0.0000,0.9508,0.00,1,classical
2026-08-24T01:49:41,58.14,LOCKED,37.1398,0.0000,0.0000,0.0000,0.9505,0.00,1,classical
2026-08-24T01:49:42,56.50,LOCKED,37.2299,0.0000,0.0000,0.0000,0.9504,0.00,1,classical
2026-08-24T01:49:43,60.61,LOCKED,35.8726,0.0000,0.0000,0.0000,0.9522,0.00,1,classical
2026-08-24T01:49:44,56.82,LOCKED,35.9553,0.0000,0.0000,0.0000,0.9521,0.00,1,classical
2026-08-24T01:49:45,55.87,LOCKED,36.6842,0.0000,0.0000,0.0000,0.9511,0.00,1,classical
2026-08-24T01:49:46,58.14,LOCKED,36.1716,0.0000,0.0000,0.0000,0.9518,0.00,1,classical
2026-08-24T01:49:47,54.95,LOCKED,37.3467,0.0000,0.0000,0.0000,0.9502,0.00,1,classical
2026-08-24T01:49:48,61.35,LOCKED,37.6225,0.0000,0.0000,0.0000,0.9498,0.00,1,classical
2026-08-24T01:49:49,59.17,LOCKED,36.5142,0.0000,0.0000,0.0000,0.9513,0.00,1,classical
2026-08-24T01:49:50,60.61,LOCKED,36.8549,0.0000,0.0000,0.0000,0.9509,0.00,1,classical
2026-08-24T01:49:51,57.80,LOCKED,35.4484,0.0000,0.0000,0.0000,0.9527,0.00,1,classical
2026-08-24T01:49:52,52.63,LOCKED,35.6819,0.0000,0.0000,0.0000,0.9524,0.00,1,classical
2026-08-24T01:49:53,58.82,LOCKED,34.7120,0.0000,0.0000,0.0000,0.9537,0.00,1,classical
2026-08-24T01:49:54,49.26,LOCKED,36.4982,0.0000,0.0000,0.0000,0.9513,0.00,1,classical
2026-08-24T01:49:55,59.88,LOCKED,37.1324,0.0000,0.0000,0.0000,0.9505,0.00,1,classical
2026-08-24T01:49:56,57.14,LOCKED,36.4280,0.0000,0.0000,0.0000,0.9514,0.00,1,classical
2026-08-24T01:49:57,59.17,LOCKED,35.8827,0.0000,0.0000,0.0000,0.9522,0.00,1,classical
2026-08-24T01:49:58,55.87,LOCKED,37.3248,0.0000,0.0000,0.0000,0.9502,0.00,1,classical
2026-08-24T01:49:59,58.82,LOCKED,35.8510,0.0000,0.0000,0.0000,0.9522,0.00,1,classical
2026-08-24T01:50:00,58.48,LOCKED,35.9126,0.0000,0.0000,0.0000,0.9521,0.00,1,classical
2026-08-24T01:50:01,59.17,LOCKED,36.2319,0.0000,0.0000,0.0000,0.9517,0.00,1,classical
2026-08-24T01:50:02,57.14,LOCKED,36.4080,0.0000,0.0000,0.0000,0.9515,0.00,1,classical
2026-08-24T01:50:03,59.17,LOCKED,36.6785,0.0000,0.0000,0.0000,0.9511,0.00,1,classical
2026-08-24T01:50:04,57.80,LOCKED,36.9144,0.0000,0.0000,0.0000,0.9508,0.00,1,classical
2026-08-24T01:50:05,58.48,LOCKED,36.7297,0.0000,0.0000,0.0000,0.9510,0.00,1,classical
2026-08-24T01:50:06,60.61,LOCKED,36.0781,0.0000,0.0000,0.0000,0.9519,0.00,1,classical
2026-08-24T01:50:07,60.24,LOCKED,35.3538,0.0000,0.0000,0.0000,0.9529,0.00,1,classical
2026-08-24T01:50:08,60.24,LOCKED,35.5658,0.0000,0.0000,0.0000,0.9526,0.00,1,classical
2026-08-24T01:50:09,59.88,LOCKED,35.6574,0.0000,0.0000,0.0000,0.9525,0.00,1,classical
2026-08-24T01:50:10,60.98,LOCKED,35.9095,0.0000,0.0000,0.0000,0.9521,0.00,1,classical
2026-08-24T01:50:11,58.82,LOCKED,36.6708,0.0000,0.0000,0.0000,0.9511,0.00,1,classical
2026-08-24T01:50:12,60.24,LOCKED,36.5378,0.0000,0.0000,0.0000,0.9513,0.00,1,classical
2026-08-24T01:50:13,60.24,LOCKED,36.2434,0.0000,0.0000,0.0000,0.9517,0.00,1,classical
2026-08-24T01:50:14,60.61,LOCKED,35.6565,0.0000,0.0000,0.0000,0.9525,0.00,1,classical
2026-08-24T01:50:15,58.82,LOCKED,36.5720,0.0000,0.0000,0.0000,0.9512,0.00,1,classical
2026-08-24T01:50:16,60.24,LOCKED,35.8253,0.0000,0.0000,0.0000,0.9522,0.00,1,classical
2026-08-24T01:50:17,59.88,LOCKED,36.7311,0.0000,0.0000,0.0000,0.9510,0.00,1,classical
2026-08-24T01:50:18,56.18,LOCKED,36.9757,0.0000,0.0000,0.0000,0.9507,0.00,1,classical
2026-08-24T01:50:19,55.87,LOCKED,37.4001,0.0000,0.0000,0.0000,0.9501,0.00,1,classical
2026-08-24T01:50:20,58.48,LOCKED,37.9588,0.0000,0.0000,0.0000,0.9494,0.00,1,classical
2026-08-24T01:50:21,56.50,LOCKED,37.2169,0.0000,0.0000,0.0000,0.9504,0.00,1,classical
2026-08-24T01:50:22,57.14,LOCKED,35.9020,0.0000,0.0000,0.0000,0.9521,0.00,1,classical
2026-08-24T01:50:23,60.61,LOCKED,35.7889,0.0000,0.0000,0.0000,0.9523,0.00,1,classical
2026-08-24T01:50:24,58.48,LOCKED,35.9578,0.0000,0.0000,0.0000,0.9521,0.00,1,classical
2026-08-24T01:50:25,60.61,LOCKED,36.4038,0.0000,0.0000,0.0000,0.9515,0.00,1,classical
2026-08-24T01:50:26,60.98,LOCKED,36.8079,0.0000,0.0000,0.0000,0.9509,0.00,1,classical
2026-08-24T01:50:27,54.95,LOCKED,37.1851,0.0000,0.0000,0.0000,0.9504,0.00,1,classical
2026-08-24T01:50:28,55.56,LOCKED,36.8590,0.0000,0.0000,0.0000,0.9509,0.00,1,classical
2026-08-24T01:50:29,60.24,LOCKED,36.1981,0.0000,0.0000,0.0000,0.9517,0.00,1,classical
2026-08-24T01:50:30,60.98,LOCKED,35.8565,0.0000,0.0000,0.0000,0.9522,0.00,1,classical
2026-08-24T01:50:31,59.88,LOCKED,35.6141,0.0000,0.0000,0.0000,0.9525,0.00,1,classical
2026-08-24T01:50:32,60.24,LOCKED,35.6497,0.0000,0.0000,0.0000,0.9525,0.00,1,classical
2026-08-24T01:50:33,61.35,LOCKED,35.9430,0.0000,0.0000,0.0000,0.9521,0.00,1,classical
2026-08-24T01:50:34,58.82,LOCKED,36.6215,0.0000,0.0000,0.0000,0.9512,0.00,1,classical
2026-08-24T01:50:35,60.61,LOCKED,36.8514,0.0000,0.0000,0.0000,0.9509,0.00,1,classical
2026-08-24T01:50:36,60.61,LOCKED,36.5834,0.0000,0.0000,0.0000,0.9512,0.00,1,classical
2026-08-24T01:50:38,60.24,LOCKED,35.9488,0.0000,0.0000,0.0000,0.9521,0.00,1,classical
2026-08-24T01:50:39,59.88,LOCKED,35.4775,0.0000,0.0000,0.0000,0.9527,0.00,1,classical
2026-08-24T01:50:40,60.24,LOCKED,35.5024,0.0000,0.0000,0.0000,0.9527,0.00,1,classical
2026-08-24T01:50:41,60.61,LOCKED,35.4472,0.0000,0.0000,0.0000,0.9527,0.00,1,classical
2026-08-24T01:50:42,60.24,LOCKED,36.3121,0.0000,0.0000,0.0000,0.9516,0.00,1,classical
2026-08-24T01:50:43,58.82,LOCKED,36.8115,0.0000,0.0000,0.0000,0.9509,0.00,1,classical
2026-08-24T01:50:44,60.61,LOCKED,36.3864,0.0000,0.0000,0.0000,0.9515,0.00,1,classical
2026-08-24T01:50:45,60.24,LOCKED,36.5549,0.0000,0.0000,0.0000,0.9513,0.00,1,classical
2026-08-24T01:50:46,60.61,LOCKED,35.9587,0.0000,0.0000,0.0000,0.9521,0.00,1,classical
2026-08-24T01:50:47,60.98,LOCKED,35.0288,0.0000,0.0000,0.0000,0.9533,0.00,1,classical
2026-08-24T01:50:48,59.88,LOCKED,35.2532,0.0000,0.0000,0.0000,0.9530,0.00,1,classical
2026-08-24T01:50:49,59.88,LOCKED,35.8580,0.0000,0.0000,0.0000,0.9522,0.00,1,classical
2026-08-24T01:50:50,57.80,LOCKED,36.6171,0.0000,0.0000,0.0000,0.9512,0.00,1,classical
2026-08-24T01:50:51,57.47,LOCKED,37.6369,0.0000,0.0000,0.0000,0.9498,0.00,1,classical
2026-08-24T01:50:52,59.17,LOCKED,36.7939,0.0000,0.0000,0.0000,0.9509,0.00,1,classical
2026-08-24T01:50:53,57.47,LOCKED,36.7359,0.0000,0.0000,0.0000,0.9510,0.00,1,classical
2026-08-24T01:50:54,55.25,LOCKED,36.9256,0.0000,0.0000,0.0000,0.9508,0.00,1,classical
2026-08-24T01:50:55,57.14,LOCKED,35.7331,0.0000,0.0000,0.0000,0.9524,0.00,1,classical
2026-08-24T01:50:56,57.14,LOCKED,36.5890,0.0000,0.0000,0.0000,0.9512,0.00,1,classical
2026-08-24T01:50:57,56.18,LOCKED,36.7765,0.0000,0.0000,0.0000,0.9510,0.00,1,classical
2026-08-24T01:50:58,55.25,LOCKED,37.2185,0.0000,0.0000,0.0000,0.9504,0.00,1,classical
2026-08-24T01:50:59,56.18,LOCKED,37.5745,0.0000,0.0000,0.0000,0.9499,0.00,1,classical
2026-08-24T01:51:00,59.52,LOCKED,37.1697,0.0000,0.0000,0.0000,0.9504,0.00,1,classical
2026-08-24T01:51:01,54.95,LOCKED,37.0982,0.0000,0.0000,0.0000,0.9505,0.00,1,classical
2026-08-24T01:51:02,53.19,LOCKED,37.1315,0.0000,0.0000,0.0000,0.9505,0.00,1,classical
2026-08-24T01:51:03,59.52,LOCKED,35.2003,0.0000,0.0000,0.0000,0.9531,0.00,1,classical
2026-08-24T01:51:04,60.98,LOCKED,36.1648,0.0000,0.0000,0.0000,0.9518,0.00,1,classical
2026-08-24T01:51:05,59.88,LOCKED,36.0613,0.0000,0.0000,0.0000,0.9519,0.00,1,classical
2026-08-24T01:51:06,60.61,LOCKED,36.4436,0.0000,0.0000,0.0000,0.9514,0.00,1,classical
2026-08-24T01:51:07,60.98,LOCKED,36.5823,0.0000,0.0000,0.0000,0.9512,0.00,1,classical
2026-08-24T01:51:08,57.80,LOCKED,37.0476,0.0000,0.0000,0.0000,0.9506,0.00,1,classical
2026-08-24T01:51:09,60.24,LOCKED,36.2311,0.0000,0.0000,0.0000,0.9517,0.00,1,classical
2026-08-24T01:51:10,59.52,LOCKED,35.6929,0.0000,0.0000,0.0000,0.9524,0.00,1,classical
2026-08-24T01:51:11,59.52,LOCKED,35.2519,0.0000,0.0000,0.0000,0.9530,0.00,1,classical
2026-08-24T01:51:12,59.52,LOCKED,35.4938,0.0000,0.0000,0.0000,0.9527,0.00,1,classical
2026-08-24T01:51:13,60.98,LOCKED,35.9950,0.0000,0.0000,0.0000,0.9520,0.00,1,classical
2026-08-24T01:51:14,58.82,LOCKED,36.4406,0.0000,0.0000,0.0000,0.9514,0.00,1,classical
2026-08-24T01:51:15,60.61,LOCKED,36.6025,0.0000,0.0000,0.0000,0.9512,0.00,1,classical
2026-08-24T01:51:16,60.24,LOCKED,36.5023,0.0000,0.0000,0.0000,0.9513,0.00,1,classical
2026-08-24T01:51:17,59.17,LOCKED,36.1343,0.0000,0.0000,0.0000,0.9518,0.00,1,classical
2026-08-24T01:51:18,60.61,LOCKED,35.6043,0.0000,0.0000,0.0000,0.9525,0.00,1,classical
2026-08-24T01:51:19,57.80,LOCKED,35.6916,0.0000,0.0000,0.0000,0.9524,0.00,1,classical
2026-08-24T01:51:20,57.47,LOCKED,36.5598,0.0000,0.0000,0.0000,0.9513,0.00,1,classical
2026-08-24T01:51:21,57.80,LOCKED,36.8058,0.0000,0.0000,0.0000,0.9509,0.00,1,classical
2026-08-24T01:51:22,60.61,LOCKED,36.8944,0.0000,0.0000,0.0000,0.9508,0.00,1,classical
2026-08-24T01:51:23,60.61,LOCKED,37.1094,0.0000,0.0000,0.0000,0.9505,0.00,1,classical
2026-08-24T01:51:24,59.88,LOCKED,36.6229,0.0000,0.0000,0.0000,0.9512,0.00,1,classical
2026-08-24T01:51:25,58.82,LOCKED,36.4114,0.0000,0.0000,0.0000,0.9515,0.00,1,classical
2026-08-24T01:51:26,56.50,LOCKED,35.7113,0.0000,0.0000,0.0000,0.9524,0.00,1,classical
2026-08-24T01:51:27,60.98,LOCKED,35.6726,0.0000,0.0000,0.0000,0.9524,0.00,1,classical
2026-08-24T01:51:28,60.61,LOCKED,36.3477,0.0000,0.0000,0.0000,0.9515,0.00,1,classical
2026-08-24T01:51:29,60.98,LOCKED,36.3979,0.0000,0.0000,0.0000,0.9515,0.00,1,classical
2026-08-24T01:51:30,60.24,LOCKED,37.8511,0.0000,0.0000,0.0000,0.9495,0.00,1,classical
2026-08-24T01:51:31,59.17,LOCKED,37.4693,0.0000,0.0000,0.0000,0.9500,0.00,1,classical
2026-08-24T01:51:32,54.64,LOCKED,36.8626,0.0000,0.0000,0.0000,0.9508,0.00,1,classical
2026-08-24T01:51:33,55.56,LOCKED,36.4536,0.0000,0.0000,0.0000,0.9514,0.00,1,classical
2026-08-24T01:51:34,58.14,LOCKED,36.1973,0.0000,0.0000,0.0000,0.9517,0.00,1,classical
2026-08-24T01:51:35,57.80,LOCKED,35.8364,0.0000,0.0000,0.0000,0.9522,0.00,1,classical
2026-08-24T01:51:36,58.14,LOCKED,36.4592,0.0000,0.0000,0.0000,0.9514,0.00,1,classical
2026-08-24T01:51:37,59.52,LOCKED,36.9722,0.0000,0.0000,0.0000,0.9507,0.00,1,classical
2026-08-24T01:51:38,59.52,LOCKED,36.9047,0.0000,0.0000,0.0000,0.9508,0.00,1,classical
2026-08-24T01:51:39,60.61,LOCKED,37.2128,0.0000,0.0000,0.0000,0.9504,0.00,1,classical
2026-08-24T01:51:40,58.82,LOCKED,36.1227,0.0000,0.0000,0.0000,0.9518,0.00,1,classical
2026-08-24T01:51:41,60.24,LOCKED,35.2564,0.0000,0.0000,0.0000,0.9530,0.00,1,classical
2026-08-24T01:51:42,59.52,LOCKED,35.6359,0.0000,0.0000,0.0000,0.9525,0.00,1,classical
2026-08-24T01:51:43,59.88,LOCKED,35.6548,0.0000,0.0000,0.0000,0.9525,0.00,1,classical
2026-08-24T01:51:44,60.61,LOCKED,35.7909,0.0000,0.0000,0.0000,0.9523,0.00,1,classical
2026-08-24T01:51:45,60.24,LOCKED,36.1575,0.0000,0.0000,0.0000,0.9518,0.00,1,classical
2026-08-24T01:51:46,59.52,LOCKED,36.9222,0.0000,0.0000,0.0000,0.9508,0.00,1,classical
2026-08-24T01:51:47,60.61,LOCKED,36.3801,0.0000,0.0000,0.0000,0.9515,0.00,1,classical
2026-08-24T01:51:48,59.52,LOCKED,35.8916,0.0000,0.0000,0.0000,0.9521,0.00,1,classical
2026-08-24T01:51:49,57.80,LOCKED,35.8807,0.0000,0.0000,0.0000,0.9522,0.00,1,classical
2026-08-24T01:51:50,59.52,LOCKED,35.2040,0.0000,0.0000,0.0000,0.9531,0.00,1,classical
2026-08-24T01:51:51,60.24,LOCKED,35.5388,0.0000,0.0000,0.0000,0.9526,0.00,1,classical
2026-08-24T01:51:52,59.52,LOCKED,36.4671,0.0000,0.0000,0.0000,0.9514,0.00,1,classical
2026-08-24T01:51:53,58.82,LOCKED,36.7053,0.0000,0.0000,0.0000,0.9511,0.00,1,classical
2026-08-24T01:51:54,58.14,LOCKED,37.4801,0.0000,0.0000,0.0000,0.9500,0.00,1,classical
2026-08-24T01:51:55,61.35,LOCKED,37.1443,0.0000,0.0000,0.0000,0.9505,0.00,1,classical
2026-08-24T01:51:56,59.88,LOCKED,36.0958,0.0000,0.0000,0.0000,0.9519,0.00,1,classical
2026-08-24T01:51:57,59.17,LOCKED,37.3854,0.0000,0.0000,0.0000,0.9502,0.00,1,classical
2026-08-24T01:51:58,59.52,LOCKED,34.5239,0.0000,0.0000,0.0000,0.9540,0.00,1,classical
2026-08-24T01:51:59,56.82,LOCKED,35.6483,0.0000,0.0000,0.0000,0.9525,0.00,1,classical
2026-08-24T01:52:00,55.87,LOCKED,36.5144,0.0000,0.0000,0.0000,0.9513,0.00,1,classical
2026-08-24T01:52:01,59.52,LOCKED,36.7968,0.0000,0.0000,0.0000,0.9509,0.00,1,classical
2026-08-24T01:52:02,57.80,LOCKED,37.2346,0.0000,0.0000,0.0000,0.9504,0.00,1,classical
2026-08-24T01:52:03,60.24,LOCKED,35.8498,0.0000,0.0000,0.0000,0.9522,0.00,1,classical
2026-08-24T01:52:04,60.61,LOCKED,35.9567,0.0000,0.0000,0.0000,0.9521,0.00,1,classical
2026-08-24T01:52:05,57.47,LOCKED,36.0309,0.0000,0.0000,0.0000,0.9520,0.00,1,classical
2026-08-24T01:52:06,55.87,LOCKED,36.0333,0.0000,0.0000,0.0000,0.9520,0.00,1,classical
2026-08-24T01:52:07,59.88,LOCKED,35.5983,0.0000,0.0000,0.0000,0.9525,0.00,1,classical
2026-08-24T01:52:08,58.14,LOCKED,37.2249,0.0000,0.0000,0.0000,0.9504,0.00,1,classical
2026-08-24T01:52:09,55.87,LOCKED,37.6060,0.0000,0.0000,0.0000,0.9499,0.00,1,classical
2026-08-24T01:52:10,60.98,LOCKED,37.2851,0.0000,0.0000,0.0000,0.9503,0.00,1,classical
2026-08-24T01:52:11,53.76,LOCKED,36.8282,0.0000,0.0000,0.0000,0.9509,0.00,1,classical
2026-08-24T01:52:12,57.47,LOCKED,35.9752,0.0000,0.0000,0.0000,0.9520,0.00,1,classical
2026-08-24T01:52:13,57.14,LOCKED,36.0068,0.0000,0.0000,0.0000,0.9520,0.00,1,classical
2026-08-24T01:52:14,58.14,LOCKED,35.6373,0.0000,0.0000,0.0000,0.9525,0.00,1,classical
2026-08-24T01:52:15,54.95,LOCKED,36.9344,0.0000,0.0000,0.0000,0.9508,0.00,1,classical
2026-08-24T01:52:16,57.47,LOCKED,37.2615,0.0000,0.0000,0.0000,0.9503,0.00,1,classical
2026-08-24T01:52:17,59.88,LOCKED,37.0187,0.0000,0.0000,0.0000,0.9506,0.00,1,classical
2026-08-24T01:52:18,59.88,LOCKED,36.7577,0.0000,0.0000,0.0000,0.9510,0.00,1,classical
2026-08-24T01:52:19,60.61,LOCKED,36.3543,0.0000,0.0000,0.0000,0.9515,0.00,1,classical
2026-08-24T01:52:20,60.24,LOCKED,35.7992,0.0000,0.0000,0.0000,0.9523,0.00,1,classical
2026-08-24T01:52:21,60.61,LOCKED,35.2465,0.0000,0.0000,0.0000,0.9530,0.00,1,classical
2026-08-24T01:52:22,60.24,LOCKED,35.4514,0.0000,0.0000,0.0000,0.9527,0.00,1,classical
2026-08-24T01:52:23,59.88,LOCKED,36.2100,0.0000,0.0000,0.0000,0.9517,0.00,1,classical
2026-08-24T01:52:24,60.24,LOCKED,36.5119,0.0000,0.0000,0.0000,0.9513,0.00,1,classical
2026-08-24T01:52:25,59.52,LOCKED,36.7042,0.0000,0.0000,0.0000,0.9511,0.00,1,classical
2026-08-24T01:52:27,59.52,LOCKED,36.8169,0.0000,0.0000,0.0000,0.9509,0.00,1,classical
2026-08-24T01:52:28,59.88,LOCKED,36.0191,0.0000,0.0000,0.0000,0.9520,0.00,1,classical
2026-08-24T01:52:29,58.48,LOCKED,35.4343,0.0000,0.0000,0.0000,0.9528,0.00,1,classical
2026-08-24T01:52:30,58.14,LOCKED,35.8108,0.0000,0.0000,0.0000,0.9523,0.00,1,classical
2026-08-24T01:52:31,60.98,LOCKED,35.2628,0.0000,0.0000,0.0000,0.9530,0.00,1,classical
2026-08-24T01:52:32,59.52,LOCKED,36.2989,0.0000,0.0000,0.0000,0.9516,0.00,1,classical
2026-08-24T01:52:33,60.24,LOCKED,36.7867,0.0000,0.0000,0.0000,0.9510,0.00,1,classical
2026-08-24T01:52:34,60.24,LOCKED,36.9424,0.0000,0.0000,0.0000,0.9507,0.00,1,classical
2026-08-24T01:52:35,60.61,LOCKED,36.6471,0.0000,0.0000,0.0000,0.9511,0.00,1,classical
2026-08-24T01:52:36,59.88,LOCKED,35.3979,0.0000,0.0000,0.0000,0.9528,0.00,1,classical
2026-08-24T01:52:37,58.48,LOCKED,36.7102,0.0000,0.0000,0.0000,0.9511,0.00,1,classical
2026-08-24T01:52:38,59.52,LOCKED,35.6458,0.0000,0.0000,0.0000,0.9525,0.00,1,classical
2026-08-24T01:52:39,57.80,LOCKED,35.9258,0.0000,0.0000,0.0000,0.9521,0.00,1,classical
2026-08-24T01:52:40,56.50,LOCKED,37.7748,0.0000,0.0000,0.0000,0.9496,0.00,1,classical
2026-08-24T01:52:41,51.02,LOCKED,38.5077,0.0000,0.0000,0.0000,0.9487,0.00,1,classical
2026-08-24T01:52:42,55.87,LOCKED,37.2837,0.0000,0.0000,0.0000,0.9503,0.00,1,classical
2026-08-24T01:52:43,54.05,LOCKED,37.3283,0.0000,0.0000,0.0000,0.9502,0.00,1,classical
2026-08-24T01:52:44,57.47,LOCKED,35.9449,0.0000,0.0000,0.0000,0.9521,0.00,1,classical
2026-08-24T01:52:45,54.95,LOCKED,36.1969,0.0000,0.0000,0.0000,0.9517,0.00,1,classical
2026-08-24T01:52:46,57.47,LOCKED,35.4120,0.0000,0.0000,0.0000,0.9528,0.00,1,classical
2026-08-24T01:52:47,58.48,LOCKED,36.3251,0.0000,0.0000,0.0000,0.9516,0.00,1,classical
2026-08-24T01:52:48,59.88,LOCKED,36.6657,0.0000,0.0000,0.0000,0.9511,0.00,1,classical
2026-08-24T01:52:49,58.82,LOCKED,37.0852,0.0000,0.0000,0.0000,0.9506,0.00,1,classical
2026-08-24T01:52:50,60.61,LOCKED,36.4995,0.0000,0.0000,0.0000,0.9513,0.00,1,classical
2026-08-24T01:52:51,61.35,LOCKED,36.2120,0.0000,0.0000,0.0000,0.9517,0.00,1,classical
2026-08-24T01:52:52,60.61,LOCKED,35.6999,0.0000,0.0000,0.0000,0.9524,0.00,1,classical
2026-08-24T01:52:53,59.17,LOCKED,35.5817,0.0000,0.0000,0.0000,0.9526,0.00,1,classical
2026-08-24T01:52:54,60.61,LOCKED,35.4853,0.0000,0.0000,0.0000,0.9527,0.00,1,classical
2026-08-24T01:52:55,61.35,LOCKED,35.7484,0.0000,0.0000,0.0000,0.9523,0.00,1,classical
2026-08-24T01:52:56,59.52,LOCKED,36.8558,0.0000,0.0000,0.0000,0.9509,0.00,1,classical
2026-08-24T01:52:57,59.52,LOCKED,36.7006,0.0000,0.0000,0.0000,0.9511,0.00,1,classical
2026-08-24T01:52:58,58.14,LOCKED,36.5556,0.0000,0.0000,0.0000,0.9513,0.00,1,classical
2026-08-24T01:52:59,59.17,LOCKED,35.7658,0.0000,0.0000,0.0000,0.9523,0.00,1,classical
2026-08-24T01:53:00,58.82,LOCKED,35.2631,0.0000,0.0000,0.0000,0.9530,0.00,1,classical
2026-08-24T01:53:01,59.88,LOCKED,35.0398,0.0000,0.0000,0.0000,0.9533,0.00,1,classical
2026-08-24T01:53:02,59.88,LOCKED,35.3655,0.0000,0.0000,0.0000,0.9528,0.00,1,classical
2026-08-24T01:53:03,60.61,LOCKED,36.2039,0.0000,0.0000,0.0000,0.9517,0.00,1,classical
2026-08-24T01:53:04,60.24,LOCKED,36.6063,0.0000,0.0000,0.0000,0.9512,0.00,1,classical
2026-08-24T01:53:05,60.24,LOCKED,37.1398,0.0000,0.0000,0.0000,0.9505,0.00,1,classical
2026-08-24T01:53:06,59.17,LOCKED,36.7810,0.0000,0.0000,0.0000,0.9510,0.00,1,classical
2026-08-24T01:53:07,56.50,LOCKED,36.8595,0.0000,0.0000,0.0000,0.9509,0.00,1,classical
2026-08-24T01:53:08,58.48,LOCKED,36.6091,0.0000,0.0000,0.0000,0.9512,0.00,1,classical
2026-08-24T01:53:09,58.48,LOCKED,35.9147,0.0000,0.0000,0.0000,0.9521,0.00,1,classical
2026-08-24T01:53:10,59.52,LOCKED,36.4838,0.0000,0.0000,0.0000,0.9514,0.00,1,classical
2026-08-24T01:53:11,60.24,LOCKED,37.4077,0.0000,0.0000,0.0000,0.9501,0.00,1,classical
2026-08-24T01:53:12,58.48,LOCKED,36.8976,0.0000,0.0000,0.0000,0.9508,0.00,1,classical
2026-08-24T01:53:13,57.80,LOCKED,37.3082,0.0000,0.0000,0.0000,0.9503,0.00,1,classical
2026-08-24T01:53:14,57.47,LOCKED,37.0517,0.0000,0.0000,0.0000,0.9506,0.00,1,classical
2026-08-24T01:53:15,56.18,LOCKED,36.9391,0.0000,0.0000,0.0000,0.9507,0.00,1,classical
2026-08-24T01:53:16,54.35,LOCKED,36.3197,0.0000,0.0000,0.0000,0.9516,0.00,1,classical
2026-08-24T01:53:17,55.56,LOCKED,36.2173,0.0000,0.0000,0.0000,0.9517,0.00,1,classical
2026-08-24T01:53:18,57.80,LOCKED,36.1859,0.0000,0.0000,0.0000,0.9518,0.00,1,classical
2026-08-24T01:53:19,57.47,LOCKED,37.1203,0.0000,0.0000,0.0000,0.9505,0.00,1,classical
2026-08-24T01:53:20,52.63,LOCKED,37.5966,0.0000,0.0000,0.0000,0.9499,0.00,1,classical
2026-08-24T01:53:21,57.47,LOCKED,36.4539,0.0000,0.0000,0.0000,0.9514,0.00,1,classical
2026-08-24T01:53:22,57.80,LOCKED,36.5741,0.0000,0.0000,0.0000,0.9512,0.00,1,classical
2026-08-24T01:53:23,58.82,LOCKED,36.3164,0.0000,0.0000,0.0000,0.9516,0.00,1,classical
2026-08-24T01:53:24,59.52,LOCKED,35.4615,0.0000,0.0000,0.0000,0.9527,0.00,1,classical
2026-08-24T01:53:25,59.52,LOCKED,35.5289,0.0000,0.0000,0.0000,0.9526,0.00,1,classical
2026-08-24T01:53:26,59.52,LOCKED,36.2967,0.0000,0.0000,0.0000,0.9516,0.00,1,classical
2026-08-24T01:53:27,60.61,LOCKED,36.3784,0.0000,0.0000,0.0000,0.9515,0.00,1,classical
2026-08-24T01:53:28,60.61,LOCKED,36.4830,0.0000,0.0000,0.0000,0.9514,0.00,1,classical
2026-08-24T01:53:29,60.24,LOCKED,36.5110,0.0000,0.0000,0.0000,0.9513,0.00,1,classical
2026-08-24T01:53:30,59.17,LOCKED,36.4182,0.0000,0.0000,0.0000,0.9514,0.00,1,classical
2026-08-24T01:53:31,59.17,LOCKED,35.2594,0.0000,0.0000,0.0000,0.9530,0.00,1,classical
2026-08-24T01:53:32,60.98,LOCKED,34.9855,0.0000,0.0000,0.0000,0.9534,0.00,1,classical
2026-08-24T01:53:33,59.52,LOCKED,35.5295,0.0000,0.0000,0.0000,0.9526,0.00,1,classical
2026-08-24T01:53:34,60.98,LOCKED,35.6331,0.0000,0.0000,0.0000,0.9525,0.00,1,classical
2026-08-24T01:53:35,59.52,LOCKED,37.3071,0.0000,0.0000,0.0000,0.9503,0.00,1,classical
2026-08-24T01:53:36,58.48,LOCKED,37.4541,0.0000,0.0000,0.0000,0.9501,0.00,1,classical
2026-08-24T01:53:37,54.95,LOCKED,37.0495,0.0000,0.0000,0.0000,0.9506,0.00,1,classical
2026-08-24T01:53:38,58.14,LOCKED,36.6861,0.0000,0.0000,0.0000,0.9511,0.00,1,classical
2026-08-24T01:53:39,55.87,LOCKED,36.6223,0.0000,0.0000,0.0000,0.9512,0.00,1,classical
2026-08-24T01:53:40,56.18,LOCKED,36.1625,0.0000,0.0000,0.0000,0.9518,0.00,1,classical
2026-08-24T01:53:41,60.24,LOCKED,36.0074,0.0000,0.0000,0.0000,0.9520,0.00,1,classical
2026-08-24T01:53:42,55.25,LOCKED,37.8467,0.0000,0.0000,0.0000,0.9495,0.00,1,classical
2026-08-24T01:53:43,52.63,LOCKED,37.3909,0.0000,0.0000,0.0000,0.9501,0.00,1,classical
2026-08-24T01:53:44,58.82,LOCKED,36.7357,0.0000,0.0000,0.0000,0.9510,0.00,1,classical
2026-08-24T01:53:45,56.50,LOCKED,37.3358,0.0000,0.0000,0.0000,0.9502,0.00,1,classical
2026-08-24T01:53:46,60.61,LOCKED,35.6740,0.0000,0.0000,0.0000,0.9524,0.00,1,classical
2026-08-24T01:53:47,59.88,LOCKED,35.5998,0.0000,0.0000,0.0000,0.9525,0.00,1,classical
2026-08-24T01:53:48,60.61,LOCKED,35.4779,0.0000,0.0000,0.0000,0.9527,0.00,1,classical
2026-08-24T01:53:49,60.61,LOCKED,35.8688,0.0000,0.0000,0.0000,0.9522,0.00,1,classical
2026-08-24T01:53:50,60.24,LOCKED,36.4921,0.0000,0.0000,0.0000,0.9513,0.00,1,classical
2026-08-24T01:53:51,59.52,LOCKED,36.6119,0.0000,0.0000,0.0000,0.9512,0.00,1,classical
2026-08-24T01:53:52,61.35,LOCKED,36.4005,0.0000,0.0000,0.0000,0.9515,0.00,1,classical
2026-08-24T01:53:53,59.52,LOCKED,36.5093,0.0000,0.0000,0.0000,0.9513,0.00,1,classical
2026-08-24T01:53:54,59.88,LOCKED,35.7112,0.0000,0.0000,0.0000,0.9524,0.00,1,classical
2026-08-24T01:53:55,59.88,LOCKED,35.4027,0.0000,0.0000,0.0000,0.9528,0.00,1,classical
2026-08-24T01:53:56,60.24,LOCKED,35.3500,0.0000,0.0000,0.0000,0.9529,0.00,1,classical
2026-08-24T01:53:57,58.82,LOCKED,35.7009,0.0000,0.0000,0.0000,0.9524,0.00,1,classical
2026-08-24T01:53:58,59.88,LOCKED,36.3008,0.0000,0.0000,0.0000,0.9516,0.00,1,classical
2026-08-24T01:53:59,58.48,LOCKED,36.6093,0.0000,0.0000,0.0000,0.9512,0.00,1,classical
2026-08-24T01:54:00,57.47,LOCKED,37.2076,0.0000,0.0000,0.0000,0.9504,0.00,1,classical
2026-08-24T01:54:01,59.52,LOCKED,36.0526,0.0000,0.0000,0.0000,0.9519,0.00,1,classical
2026-08-24T01:54:02,50.76,LOCKED,38.3241,0.0000,0.0000,0.0000,0.9489,0.00,1,classical
2026-08-24T01:54:03,56.50,LOCKED,36.0603,0.0000,0.0000,0.0000,0.9519,0.00,1,classical
2026-08-24T01:54:04,57.14,LOCKED,35.1773,0.0000,0.0000,0.0000,0.9531,0.00,1,classical
2026-08-24T01:54:05,60.24,LOCKED,37.1194,0.0000,0.0000,0.0000,0.9505,0.00,1,classical
2026-08-24T01:54:06,60.98,LOCKED,36.6218,0.0000,0.0000,0.0000,0.9512,0.00,1,classical
2026-08-24T01:54:07,59.17,LOCKED,36.7769,0.0000,0.0000,0.0000,0.9510,0.00,1,classical
2026-08-24T01:54:08,56.50,LOCKED,36.2265,0.0000,0.0000,0.0000,0.9517,0.00,1,classical
2026-08-24T01:54:09,54.05,LOCKED,37.4250,0.0000,0.0000,0.0000,0.9501,0.00,1,classical
2026-08-24T01:54:10,58.48,LOCKED,35.2272,0.0000,0.0000,0.0000,0.9530,0.00,1,classical
2026-08-24T01:54:11,58.48,LOCKED,36.3266,0.0000,0.0000,0.0000,0.9516,0.00,1,classical
2026-08-24T01:54:12,58.14,LOCKED,35.1502,0.0000,0.0000,0.0000,0.9531,0.00,1,classical
2026-08-24T01:54:13,58.48,LOCKED,36.4306,0.0000,0.0000,0.0000,0.9514,0.00,1,classical
2026-08-24T01:54:14,60.98,LOCKED,36.3826,0.0000,0.0000,0.0000,0.9515,0.00,1,classical
2026-08-24T01:54:15,61.35,LOCKED,37.0234,0.0000,0.0000,0.0000,0.9506,0.00,1,classical
2026-08-24T01:54:16,59.88,LOCKED,36.4467,0.0000,0.0000,0.0000,0.9514,0.00,1,classical
2026-08-24T01:54:17,59.17,LOCKED,36.3132,0.0000,0.0000,0.0000,0.9516,0.00,1,classical
2026-08-24T01:54:19,60.61,LOCKED,35.3310,0.0000,0.0000,0.0000,0.9529,0.00,1,classical
2026-08-24T01:54:20,60.24,LOCKED,35.1582,0.0000,0.0000,0.0000,0.9531,0.00,1,classical
2026-08-24T01:54:21,59.88,LOCKED,35.7804,0.0000,0.0000,0.0000,0.9523,0.00,1,classical
2026-08-24T01:54:22,60.24,LOCKED,36.1297,0.0000,0.0000,0.0000,0.9518,0.00,1,classical
2026-08-24T01:54:23,59.52,LOCKED,37.2230,0.0000,0.0000,0.0000,0.9504,0.00,1,classical
2026-08-24T01:54:24,60.98,LOCKED,36.3675,0.0000,0.0000,0.0000,0.9515,0.00,1,classical
2026-08-24T01:54:25,59.52,LOCKED,36.0519,0.0000,0.0000,0.0000,0.9519,0.00,1,classical
2026-08-24T01:54:26,59.88,LOCKED,35.7741,0.0000,0.0000,0.0000,0.9523,0.00,1,classical
2026-08-24T01:54:27,59.52,LOCKED,35.1819,0.0000,0.0000,0.0000,0.9531,0.00,1,classical
2026-08-24T01:54:28,56.82,LOCKED,36.1419,0.0000,0.0000,0.0000,0.9518,0.00,1,classical
2026-08-24T01:54:29,55.56,LOCKED,36.3957,0.0000,0.0000,0.0000,0.9515,0.00,1,classical
2026-08-24T01:54:30,54.64,LOCKED,37.6898,0.0000,0.0000,0.0000,0.9497,0.00,1,classical
2026-08-24T01:54:31,56.18,LOCKED,36.9573,0.0000,0.0000,0.0000,0.9507,0.00,1,classical
2026-08-24T01:54:32,56.18,LOCKED,37.7021,0.0000,0.0000,0.0000,0.9497,0.00,1,classical
2026-08-24T01:54:33,57.47,LOCKED,36.7995,0.0000,0.0000,0.0000,0.9509,0.00,1,classical
2026-08-24T01:54:34,60.24,LOCKED,35.4112,0.0000,0.0000,0.0000,0.9528,0.00,1,classical
2026-08-24T01:54:35,59.88,LOCKED,35.5169,0.0000,0.0000,0.0000,0.9526,0.00,1,classical
2026-08-24T01:54:36,60.98,LOCKED,35.3525,0.0000,0.0000,0.0000,0.9529,0.00,1,classical
2026-08-24T01:54:37,59.88,LOCKED,35.9123,0.0000,0.0000,0.0000,0.9521,0.00,1,classical
2026-08-24T01:54:38,55.56,LOCKED,38.3909,0.0000,0.0000,0.0000,0.9488,0.00,1,classical
2026-08-24T01:54:39,58.14,LOCKED,36.1390,0.0000,0.0000,0.0000,0.9518,0.00,1,classical
2026-08-24T01:54:40,55.56,LOCKED,37.5225,0.0000,0.0000,0.0000,0.9500,0.00,1,classical
2026-08-24T01:54:41,60.61,LOCKED,36.0681,0.0000,0.0000,0.0000,0.9519,0.00,1,classical
2026-08-24T01:54:42,59.88,LOCKED,35.4888,0.0000,0.0000,0.0000,0.9527,0.00,1,classical
2026-08-24T01:54:43,56.18,LOCKED,35.7243,0.0000,0.0000,0.0000,0.9524,0.00,1,classical
2026-08-24T01:54:44,60.24,LOCKED,35.4658,0.0000,0.0000,0.0000,0.9527,0.00,1,classical
2026-08-24T01:54:45,59.17,LOCKED,36.3379,0.0000,0.0000,0.0000,0.9515,0.00,1,classical
2026-08-24T01:54:46,60.61,LOCKED,36.6459,0.0000,0.0000,0.0000,0.9511,0.00,1,classical
2026-08-24T01:54:47,57.47,LOCKED,36.7630,0.0000,0.0000,0.0000,0.9510,0.00,1,classical
2026-08-24T01:54:48,60.24,LOCKED,36.6190,0.0000,0.0000,0.0000,0.9512,0.00,1,classical
2026-08-24T01:54:49,59.52,LOCKED,35.9175,0.0000,0.0000,0.0000,0.9521,0.00,1,classical
2026-08-24T01:54:50,59.52,LOCKED,35.2553,0.0000,0.0000,0.0000,0.9530,0.00,1,classical
2026-08-24T01:54:51,60.98,LOCKED,35.4020,0.0000,0.0000,0.0000,0.9528,0.00,1,classical
2026-08-24T01:54:52,59.88,LOCKED,35.3480,0.0000,0.0000,0.0000,0.9529,0.00,1,classical
2026-08-24T01:54:53,60.24,LOCKED,35.8913,0.0000,0.0000,0.0000,0.9521,0.00,1,classical
2026-08-24T01:54:54,60.24,LOCKED,36.3809,0.0000,0.0000,0.0000,0.9515,0.00,1,classical
2026-08-24T01:54:55,60.24,LOCKED,37.3542,0.0000,0.0000,0.0000,0.9502,0.00,1,classical
2026-08-24T01:54:56,56.18,LOCKED,36.8958,0.0000,0.0000,0.0000,0.9508,0.00,1,classical
2026-08-24T01:54:57,56.50,LOCKED,37.4758,0.0000,0.0000,0.0000,0.9500,0.00,1,classical
2026-08-24T01:54:58,57.47,LOCKED,35.9294,0.0000,0.0000,0.0000,0.9521,0.00,1,classical
2026-08-24T01:54:59,56.50,LOCKED,36.2045,0.0000,0.0000,0.0000,0.9517,0.00,1,classical
2026-08-24T01:55:00,58.82,LOCKED,35.9911,0.0000,0.0000,0.0000,0.9520,0.00,1,classical
2026-08-24T01:55:01,60.24,LOCKED,36.3774,0.0000,0.0000,0.0000,0.9515,0.00,1,classical
2026-08-24T01:55:02,58.48,LOCKED,37.2541,0.0000,0.0000,0.0000,0.9503,0.00,1,classical
2026-08-24T01:55:03,59.17,LOCKED,36.9213,0.0000,0.0000,0.0000,0.9508,0.00,1,classical
2026-08-24T01:55:04,58.14,LOCKED,36.9191,0.0000,0.0000,0.0000,0.9508,0.00,1,classical
2026-08-24T01:55:05,58.82,LOCKED,35.9536,0.0000,0.0000,0.0000,0.9521,0.00,1,classical
2026-08-24T01:55:06,59.17,LOCKED,36.3047,0.0000,0.0000,0.0000,0.9516,0.00,1,classical
2026-08-24T01:55:07,58.14,LOCKED,35.6799,0.0000,0.0000,0.0000,0.9524,0.00,1,classical
2026-08-24T01:55:08,58.48,LOCKED,35.9242,0.0000,0.0000,0.0000,0.9521,0.00,1,classical
2026-08-24T01:55:09,59.17,LOCKED,37.2478,0.0000,0.0000,0.0000,0.9503,0.00,1,classical
2026-08-24T01:55:10,58.82,LOCKED,37.4344,0.0000,0.0000,0.0000,0.9501,0.00,1,classical
2026-08-24T01:55:11,56.50,LOCKED,37.3395,0.0000,0.0000,0.0000,0.9502,0.00,1,classical
2026-08-24T01:55:12,59.52,LOCKED,36.4591,0.0000,0.0000,0.0000,0.9514,0.00,1,classical
2026-08-24T01:55:13,60.98,LOCKED,35.7965,0.0000,0.0000,0.0000,0.9523,0.00,1,classical
2026-08-24T01:55:14,60.24,LOCKED,35.8068,0.0000,0.0000,0.0000,0.9523,0.00,1,classical
2026-08-24T01:55:15,60.61,LOCKED,35.9264,0.0000,0.0000,0.0000,0.9521,0.00,1,classical
2026-08-24T01:55:16,59.17,LOCKED,36.5663,0.0000,0.0000,0.0000,0.9512,0.00,1,classical
2026-08-24T01:55:17,60.98,LOCKED,36.6580,0.0000,0.0000,0.0000,0.9511,0.00,1,classical
2026-08-24T01:55:18,61.35,LOCKED,37.1483,0.0000,0.0000,0.0000,0.9505,0.00,1,classical
2026-08-24T01:55:19,60.98,LOCKED,36.8027,0.0000,0.0000,0.0000,0.9509,0.00,1,classical
2026-08-24T01:55:20,61.73,LOCKED,36.2611,0.0000,0.0000,0.0000,0.9517,0.00,1,classical
2026-08-24T01:55:21,59.52,LOCKED,36.2932,0.0000,0.0000,0.0000,0.9516,0.00,1,classical
2026-08-24T01:55:22,57.47,LOCKED,36.4538,0.0000,0.0000,0.0000,0.9514,0.00,1,classical
2026-08-24T01:55:23,55.87,LOCKED,36.3232,0.0000,0.0000,0.0000,0.9516,0.00,1,classical
2026-08-24T01:55:24,57.47,LOCKED,36.4002,0.0000,0.0000,0.0000,0.9515,0.00,1,classical
2026-08-24T01:55:25,59.52,LOCKED,36.8994,0.0000,0.0000,0.0000,0.9508,0.00,1,classical
2026-08-24T01:55:26,59.88,LOCKED,36.9403,0.0000,0.0000,0.0000,0.9507,0.00,1,classical
2026-08-24T01:55:27,59.17,LOCKED,36.8664,0.0000,0.0000,0.0000,0.9508,0.00,1,classical
2026-08-24T01:55:28,60.24,LOCKED,36.4943,0.0000,0.0000,0.0000,0.9513,0.00,1,classical
2026-08-24T01:55:29,55.87,LOCKED,36.3171,0.0000,0.0000,0.0000,0.9516,0.00,1,classical
2026-08-24T01:55:30,60.24,LOCKED,35.2054,0.0000,0.0000,0.0000,0.9531,0.00,1,classical
2026-08-24T01:55:31,59.88,LOCKED,35.8464,0.0000,0.0000,0.0000,0.9522,0.00,1,classical
2026-08-24T01:55:32,62.50,LOCKED,36.7698,0.0000,0.0000,0.0000,0.9510,0.00,1,classical
2026-08-24T01:55:33,57.14,LOCKED,38.0071,0.0000,0.0000,0.0000,0.9493,0.00,1,classical
2026-08-24T01:55:34,59.17,LOCKED,36.9361,0.0000,0.0000,0.0000,0.9508,0.00,1,classical
2026-08-24T01:55:35,60.98,LOCKED,36.5602,0.0000,0.0000,0.0000,0.9513,0.00,1,classical
2026-08-24T01:55:36,57.47,LOCKED,36.8064,0.0000,0.0000,0.0000,0.9509,0.00,1,classical
2026-08-24T01:55:37,59.88,LOCKED,35.8534,0.0000,0.0000,0.0000,0.9522,0.00,1,classical
2026-08-24T01:55:38,60.61,LOCKED,35.7987,0.0000,0.0000,0.0000,0.9523,0.00,1,classical
2026-08-24T01:55:39,59.88,LOCKED,36.0523,0.0000,0.0000,0.0000,0.9519,0.00,1,classical
2026-08-24T01:55:40,60.98,LOCKED,36.5099,0.0000,0.0000,0.0000,0.9513,0.00,1,classical
2026-08-24T01:55:41,56.50,LOCKED,37.2589,0.0000,0.0000,0.0000,0.9503,0.00,1,classical
2026-08-24T01:55:42,58.48,LOCKED,36.9286,0.0000,0.0000,0.0000,0.9508,0.00,1,classical
2026-08-24T01:55:43,60.24,LOCKED,36.6189,0.0000,0.0000,0.0000,0.9512,0.00,1,classical
2026-08-24T01:55:44,60.61,LOCKED,36.0033,0.0000,0.0000,0.0000,0.9520,0.00,1,classical
2026-08-24T01:55:45,60.61,LOCKED,36.3722,0.0000,0.0000,0.0000,0.9515,0.00,1,classical
2026-08-24T01:55:46,55.25,LOCKED,35.9576,0.0000,0.0000,0.0000,0.9521,0.00,1,classical
2026-08-24T01:55:47,58.82,LOCKED,35.9192,0.0000,0.0000,0.0000,0.9521,0.00,1,classical
2026-08-24T01:55:48,60.61,LOCKED,36.9178,0.0000,0.0000,0.0000,0.9508,0.00,1,classical
2026-08-24T01:55:49,59.88,LOCKED,37.4732,0.0000,0.0000,0.0000,0.9500,0.00,1,classical
2026-08-24T01:55:50,57.80,LOCKED,37.1799,0.0000,0.0000,0.0000,0.9504,0.00,1,classical
2026-08-24T01:55:51,59.88,LOCKED,36.3179,0.0000,0.0000,0.0000,0.9516,0.00,1,classical
2026-08-24T01:55:52,61.73,LOCKED,35.6764,0.0000,0.0000,0.0000,0.9524,0.00,1,classical
2026-08-24T01:55:53,60.24,LOCKED,35.6786,0.0000,0.0000,0.0000,0.9524,0.00,1,classical
2026-08-24T01:55:54,58.82,LOCKED,36.0787,0.0000,0.0000,0.0000,0.9519,0.00,1,classical
2026-08-24T01:55:55,55.87,LOCKED,36.7058,0.0000,0.0000,0.0000,0.9511,0.00,1,classical
2026-08-24T01:55:56,55.87,LOCKED,37.1838,0.0000,0.0000,0.0000,0.9504,0.00,1,classical
2026-08-24T01:55:57,57.47,LOCKED,37.0627,0.0000,0.0000,0.0000,0.9506,0.00,1,classical
2026-08-24T01:55:58,59.88,LOCKED,37.0172,0.0000,0.0000,0.0000,0.9506,0.00,1,classical
2026-08-24T01:55:59,60.24,LOCKED,36.1730,0.0000,0.0000,0.0000,0.9518,0.00,1,classical
2026-08-24T01:56:00,60.98,LOCKED,35.5135,0.0000,0.0000,0.0000,0.9526,0.00,1,classical
2026-08-24T01:56:01,60.61,LOCKED,35.2065,0.0000,0.0000,0.0000,0.9531,0.00,1,classical
2026-08-24T01:56:02,60.61,LOCKED,35.5704,0.0000,0.0000,0.0000,0.9526,0.00,1,classical
2026-08-24T01:56:03,60.61,LOCKED,36.2151,0.0000,0.0000,0.0000,0.9517,0.00,1,classical
2026-08-24T01:56:04,60.24,LOCKED,36.7353,0.0000,0.0000,0.0000,0.9510,0.00,1,classical
2026-08-24T01:56:05,57.47,LOCKED,37.2915,0.0000,0.0000,0.0000,0.9503,0.00,1,classical
2026-08-24T01:56:06,59.17,LOCKED,36.5770,0.0000,0.0000,0.0000,0.9512,0.00,1,classical
2026-08-24T01:56:07,56.18,LOCKED,36.8361,0.0000,0.0000,0.0000,0.9509,0.00,1,classical
2026-08-24T01:56:08,60.61,LOCKED,36.2915,0.0000,0.0000,0.0000,0.9516,0.00,1,classical
2026-08-24T01:56:09,57.47,LOCKED,35.2203,0.0000,0.0000,0.0000,0.9530,0.00,1,classical
2026-08-24T01:56:10,54.64,LOCKED,35.9187,0.0000,0.0000,0.0000,0.9521,0.00,1,classical
2026-08-24T01:56:11,54.64,LOCKED,36.6942,0.0000,0.0000,0.0000,0.9511,0.00,1,classical
2026-08-24T01:56:12,58.48,LOCKED,36.5432,0.0000,0.0000,0.0000,0.9513,0.00,1,classical
2026-08-24T01:56:13,50.51,LOCKED,37.5318,0.0000,0.0000,0.0000,0.9500,0.00,1,classical
2026-08-24T01:56:14,58.82,LOCKED,36.6541,0.0000,0.0000,0.0000,0.9511,0.00,1,classical
2026-08-24T01:56:15,57.47,LOCKED,36.2430,0.0000,0.0000,0.0000,0.9517,0.00,1,classical
2026-08-24T01:56:17,54.64,LOCKED,35.3805,0.0000,0.0000,0.0000,0.9528,0.00,1,classical
2026-08-24T01:56:18,60.61,LOCKED,35.1043,0.0000,0.0000,0.0000,0.9532,0.00,1,classical
2026-08-24T01:56:19,60.98,LOCKED,35.7454,0.0000,0.0000,0.0000,0.9523,0.00,1,classical
2026-08-24T01:56:20,60.24,LOCKED,36.3664,0.0000,0.0000,0.0000,0.9515,0.00,1,classical
2026-08-24T01:56:21,60.61,LOCKED,36.6215,0.0000,0.0000,0.0000,0.9512,0.00,1,classical
2026-08-24T01:56:22,58.14,LOCKED,36.8449,0.0000,0.0000,0.0000,0.9509,0.00,1,classical
2026-08-24T01:56:23,60.61,LOCKED,36.0070,0.0000,0.0000,0.0000,0.9520,0.00,1,classical
2026-08-24T01:56:24,58.14,LOCKED,36.7432,0.0000,0.0000,0.0000,0.9510,0.00,1,classical
2026-08-24T01:56:25,56.82,LOCKED,35.6965,0.0000,0.0000,0.0000,0.9524,0.00,1,classical
2026-08-24T01:56:26,58.48,LOCKED,36.4366,0.0000,0.0000,0.0000,0.9514,0.00,1,classical
2026-08-24T01:56:27,54.05,LOCKED,37.4098,0.0000,0.0000,0.0000,0.9501,0.00,1,classical
2026-08-24T01:56:28,55.56,LOCKED,37.1511,0.0000,0.0000,0.0000,0.9505,0.00,1,classical
2026-08-24T01:56:29,56.18,LOCKED,37.0876,0.0000,0.0000,0.0000,0.9505,0.00,1,classical
2026-08-24T01:56:30,56.18,LOCKED,37.2443,0.0000,0.0000,0.0000,0.9503,0.00,1,classical
2026-08-24T01:56:31,59.17,LOCKED,36.1387,0.0000,0.0000,0.0000,0.9518,0.00,1,classical
2026-08-24T01:56:32,60.61,LOCKED,35.5635,0.0000,0.0000,0.0000,0.9526,0.00,1,classical
2026-08-24T01:56:33,59.88,LOCKED,35.5618,0.0000,0.0000,0.0000,0.9526,0.00,1,classical
2026-08-24T01:56:34,58.48,LOCKED,35.6020,0.0000,0.0000,0.0000,0.9525,0.00,1,classical
2026-08-24T01:56:35,59.88,LOCKED,35.8943,0.0000,0.0000,0.0000,0.9521,0.00,1,classical
2026-08-24T01:56:36,59.88,LOCKED,36.1414,0.0000,0.0000,0.0000,0.9518,0.00,1,classical
2026-08-24T01:56:37,61.73,LOCKED,36.5055,0.0000,0.0000,0.0000,0.9513,0.00,1,classical
2026-08-24T01:56:38,58.14,LOCKED,37.4274,0.0000,0.0000,0.0000,0.9501,0.00,1,classical
2026-08-24T01:56:39,57.14,LOCKED,37.0356,0.0000,0.0000,0.0000,0.9506,0.00,1,classical
2026-08-24T01:56:40,56.18,LOCKED,36.0719,0.0000,0.0000,0.0000,0.9519,0.00,1,classical
2026-08-24T01:56:41,58.14,LOCKED,35.7414,0.0000,0.0000,0.0000,0.9523,0.00,1,classical
2026-08-24T01:56:42,52.36,LOCKED,37.6494,0.0000,0.0000,0.0000,0.9498,0.00,1,classical
2026-08-24T01:56:43,56.50,LOCKED,36.7040,0.0000,0.0000,0.0000,0.9511,0.00,1,classical
2026-08-24T01:56:44,59.17,LOCKED,37.3456,0.0000,0.0000,0.0000,0.9502,0.00,1,classical
2026-08-24T01:56:45,59.17,LOCKED,36.8277,0.0000,0.0000,0.0000,0.9509,0.00,1,classical
2026-08-24T01:56:46,60.61,LOCKED,36.7558,0.0000,0.0000,0.0000,0.9510,0.00,1,classical
2026-08-24T01:56:47,58.14,LOCKED,35.9631,0.0000,0.0000,0.0000,0.9520,0.00,1,classical
2026-08-24T01:56:48,59.52,LOCKED,35.4838,0.0000,0.0000,0.0000,0.9527,0.00,1,classical
2026-08-24T01:56:49,60.61,LOCKED,35.2447,0.0000,0.0000,0.0000,0.9530,0.00,1,classical
2026-08-24T01:56:50,59.88,LOCKED,35.8023,0.0000,0.0000,0.0000,0.9523,0.00,1,classical
2026-08-24T01:56:51,59.88,LOCKED,36.3846,0.0000,0.0000,0.0000,0.9515,0.00,1,classical
2026-08-24T01:56:52,59.17,LOCKED,37.0983,0.0000,0.0000,0.0000,0.9505,0.00,1,classical
2026-08-24T01:56:53,60.24,LOCKED,37.1025,0.0000,0.0000,0.0000,0.9505,0.00,1,classical
2026-08-24T01:56:54,60.24,LOCKED,36.5084,0.0000,0.0000,0.0000,0.9513,0.00,1,classical
2026-08-24T01:56:55,58.14,LOCKED,37.0664,0.0000,0.0000,0.0000,0.9506,0.00,1,classical
2026-08-24T01:56:56,52.36,LOCKED,36.9233,0.0000,0.0000,0.0000,0.9508,0.00,1,classical
2026-08-24T01:56:57,58.14,LOCKED,35.4157,0.0000,0.0000,0.0000,0.9528,0.00,1,classical
2026-08-24T01:56:58,61.73,LOCKED,36.1198,0.0000,0.0000,0.0000,0.9518,0.00,1,classical
2026-08-24T01:56:59,60.98,LOCKED,36.7192,0.0000,0.0000,0.0000,0.9510,0.00,1,classical
2026-08-24T01:57:00,59.52,LOCKED,36.8814,0.0000,0.0000,0.0000,0.9508,0.00,1,classical
2026-08-24T01:57:01,60.24,LOCKED,36.6126,0.0000,0.0000,0.0000,0.9512,0.00,1,classical
2026-08-24T01:57:02,60.61,LOCKED,35.9092,0.0000,0.0000,0.0000,0.9521,0.00,1,classical
2026-08-24T01:57:03,60.61,LOCKED,35.7064,0.0000,0.0000,0.0000,0.9524,0.00,1,classical
2026-08-24T01:57:04,58.48,LOCKED,35.8212,0.0000,0.0000,0.0000,0.9522,0.00,1,classical
2026-08-24T01:57:05,60.61,LOCKED,36.5415,0.0000,0.0000,0.0000,0.9513,0.00,1,classical
2026-08-24T01:57:06,58.48,LOCKED,37.0066,0.0000,0.0000,0.0000,0.9507,0.00,1,classical
2026-08-24T01:57:07,58.14,LOCKED,36.9708,0.0000,0.0000,0.0000,0.9507,0.00,1,classical
2026-08-24T01:57:08,56.18,LOCKED,37.6110,0.0000,0.0000,0.0000,0.9499,0.00,1,classical
2026-08-24T01:57:09,53.19,LOCKED,37.6926,0.0000,0.0000,0.0000,0.9497,0.00,1,classical
2026-08-24T01:57:10,59.17,LOCKED,36.0862,0.0000,0.0000,0.0000,0.9519,0.00,1,classical
2026-08-24T01:57:11,59.52,LOCKED,35.8479,0.0000,0.0000,0.0000,0.9522,0.00,1,classical
2026-08-24T01:57:12,60.98,LOCKED,35.2968,0.0000,0.0000,0.0000,0.9529,0.00,1,classical
2026-08-24T01:57:13,59.52,LOCKED,35.7008,0.0000,0.0000,0.0000,0.9524,0.00,1,classical
2026-08-24T01:57:14,60.98,LOCKED,35.9350,0.0000,0.0000,0.0000,0.9521,0.00,1,classical
2026-08-24T01:57:15,60.24,LOCKED,36.5388,0.0000,0.0000,0.0000,0.9513,0.00,1,classical
2026-08-24T01:57:16,59.52,LOCKED,36.7298,0.0000,0.0000,0.0000,0.9510,0.00,1,classical
2026-08-24T01:57:17,59.52,LOCKED,36.4954,0.0000,0.0000,0.0000,0.9513,0.00,1,classical
2026-08-24T01:57:18,55.87,LOCKED,36.8042,0.0000,0.0000,0.0000,0.9509,0.00,1,classical
2026-08-24T01:57:19,58.48,LOCKED,36.0646,0.0000,0.0000,0.0000,0.9519,0.00,1,classical
2026-08-24T01:57:20,57.14,LOCKED,36.0547,0.0000,0.0000,0.0000,0.9519,0.00,1,classical
2026-08-24T01:57:21,60.61,LOCKED,36.3066,0.0000,0.0000,0.0000,0.9516,0.00,1,classical
2026-08-24T01:57:22,60.98,LOCKED,36.7086,0.0000,0.0000,0.0000,0.9511,0.00,1,classical
2026-08-24T01:57:23,60.61,LOCKED,36.6521,0.0000,0.0000,0.0000,0.9511,0.00,1,classical
2026-08-24T01:57:24,58.82,LOCKED,37.2163,0.0000,0.0000,0.0000,0.9504,0.00,1,classical
2026-08-24T01:57:25,59.88,LOCKED,36.4964,0.0000,0.0000,0.0000,0.9513,0.00,1,classical
2026-08-24T01:57:26,60.24,LOCKED,35.7901,0.0000,0.0000,0.0000,0.9523,0.00,1,classical
2026-08-24T01:57:27,59.88,LOCKED,35.1779,0.0000,0.0000,0.0000,0.9531,0.00,1,classical
2026-08-24T01:57:28,58.48,LOCKED,35.5146,0.0000,0.0000,0.0000,0.9526,0.00,1,classical
2026-08-24T01:57:29,60.24,LOCKED,35.9088,0.0000,0.0000,0.0000,0.9521,0.00,1,classical
2026-08-24T01:57:30,59.52,LOCKED,35.9926,0.0000,0.0000,0.0000,0.9520,0.00,1,classical
2026-08-24T01:57:31,55.25,LOCKED,37.5682,0.0000,0.0000,0.0000,0.9499,0.00,1,classical
2026-08-24T01:57:32,57.14,LOCKED,38.4944,0.0000,0.0000,0.0000,0.9487,0.00,1,classical
2026-08-24T01:57:33,54.95,LOCKED,36.9152,0.0000,0.0000,0.0000,0.9508,0.00,1,classical
2026-08-24T01:57:34,58.48,LOCKED,36.0760,0.0000,0.0000,0.0000,0.9519,0.00,1,classical
2026-08-24T01:57:35,52.36,LOCKED,36.4385,0.0000,0.0000,0.0000,0.9514,0.00,1,classical
2026-08-24T01:57:36,60.61,LOCKED,35.2113,0.0000,0.0000,0.0000,0.9531,0.00,1,classical
2026-08-24T01:57:37,59.88,LOCKED,35.8559,0.0000,0.0000,0.0000,0.9522,0.00,1,classical
2026-08-24T01:57:38,60.61,LOCKED,36.5952,0.0000,0.0000,0.0000,0.9512,0.00,1,classical
2026-08-24T01:57:39,60.24,LOCKED,36.7591,0.0000,0.0000,0.0000,0.9510,0.00,1,classical
2026-08-24T01:57:40,61.35,LOCKED,36.4727,0.0000,0.0000,0.0000,0.9514,0.00,1,classical
2026-08-24T01:57:41,58.14,LOCKED,37.3171,0.0000,0.0000,0.0000,0.9502,0.00,1,classical
2026-08-24T01:57:42,61.73,LOCKED,36.1718,0.0000,0.0000,0.0000,0.9518,0.00,1,classical
2026-08-24T01:57:43,53.76,LOCKED,36.3158,0.0000,0.0000,0.0000,0.9516,0.00,1,classical
2026-08-24T01:57:44,54.64,LOCKED,36.7282,0.0000,0.0000,0.0000,0.9510,0.00,1,classical
2026-08-24T01:57:45,56.18,LOCKED,36.7605,0.0000,0.0000,0.0000,0.9510,0.00,1,classical
2026-08-24T01:57:46,57.14,LOCKED,37.5206,0.0000,0.0000,0.0000,0.9500,0.00,1,classical
2026-08-24T01:57:47,60.61,LOCKED,36.7323,0.0000,0.0000,0.0000,0.9510,0.00,1,classical
2026-08-24T01:57:48,60.61,LOCKED,36.5478,0.0000,0.0000,0.0000,0.9513,0.00,1,classical
2026-08-24T01:57:49,58.82,LOCKED,36.5223,0.0000,0.0000,0.0000,0.9513,0.00,1,classical
2026-08-24T01:57:50,60.61,LOCKED,35.5368,0.0000,0.0000,0.0000,0.9526,0.00,1,classical
2026-08-24T01:57:51,60.24,LOCKED,35.3630,0.0000,0.0000,0.0000,0.9528,0.00,1,classical
2026-08-24T01:57:52,55.56,LOCKED,35.9201,0.0000,0.0000,0.0000,0.9521,0.00,1,classical
2026-08-24T01:57:53,59.17,LOCKED,36.2191,0.0000,0.0000,0.0000,0.9517,0.00,1,classical
2026-08-24T01:57:54,60.24,LOCKED,36.4510,0.0000,0.0000,0.0000,0.9514,0.00,1,classical
2026-08-24T01:57:55,60.98,LOCKED,36.6460,0.0000,0.0000,0.0000,0.9511,0.00,1,classical
2026-08-24T01:57:56,60.98,LOCKED,36.5665,0.0000,0.0000,0.0000,0.9512,0.00,1,classical
2026-08-24T01:57:57,59.88,LOCKED,36.1598,0.0000,0.0000,0.0000,0.9518,0.00,1,classical
2026-08-24T01:57:58,60.24,LOCKED,35.4338,0.0000,0.0000,0.0000,0.9528,0.00,1,classical
2026-08-24T01:57:59,61.73,LOCKED,35.4651,0.0000,0.0000,0.0000,0.9527,0.00,1,classical
2026-08-24T01:58:00,59.88,LOCKED,35.8074,0.0000,0.0000,0.0000,0.9523,0.00,1,classical
2026-08-24T01:58:01,60.61,LOCKED,36.9587,0.0000,0.0000,0.0000,0.9507,0.00,1,classical
2026-08-24T01:58:02,58.48,LOCKED,37.1464,0.0000,0.0000,0.0000,0.9505,0.00,1,classical
2026-08-24T01:58:04,58.14,LOCKED,37.1387,0.0000,0.0000,0.0000,0.9505,0.00,1,classical
2026-08-24T01:58:05,55.87,LOCKED,36.9374,0.0000,0.0000,0.0000,0.9508,0.00,1,classical
2026-08-24T01:58:06,57.14,LOCKED,36.1659,0.0000,0.0000,0.0000,0.9518,0.00,1,classical
2026-08-24T01:58:07,60.24,LOCKED,35.5498,0.0000,0.0000,0.0000,0.9526,0.00,1,classical
2026-08-24T01:58:08,60.61,LOCKED,35.8109,0.0000,0.0000,0.0000,0.9523,0.00,1,classical
2026-08-24T01:58:09,59.17,LOCKED,36.2941,0.0000,0.0000,0.0000,0.9516,0.00,1,classical
2026-08-24T01:58:10,58.82,LOCKED,36.6093,0.0000,0.0000,0.0000,0.9512,0.00,1,classical
2026-08-24T01:58:11,59.88,LOCKED,37.3239,0.0000,0.0000,0.0000,0.9502,0.00,1,classical
2026-08-24T01:58:12,60.98,LOCKED,38.2287,0.0000,0.0000,0.0000,0.9490,0.00,1,classical
2026-08-24T01:58:13,58.48,LOCKED,36.1597,0.0000,0.0000,0.0000,0.9518,0.00,1,classical
2026-08-24T01:58:14,57.47,LOCKED,35.9255,0.0000,0.0000,0.0000,0.9521,0.00,1,classical
2026-08-24T01:58:15,60.61,LOCKED,36.4324,0.0000,0.0000,0.0000,0.9514,0.00,1,classical
2026-08-24T01:58:16,56.18,LOCKED,35.6939,0.0000,0.0000,0.0000,0.9524,0.00,1,classical
2026-08-24T01:58:17,60.61,LOCKED,34.4950,0.0000,0.0000,0.0000,0.9540,0.00,1,classical
2026-08-24T01:58:18,52.36,LOCKED,37.0192,0.0000,0.0000,0.0000,0.9506,0.00,1,classical
2026-08-24T01:58:19,59.88,LOCKED,36.1048,0.0000,0.0000,0.0000,0.9519,0.00,1,classical
2026-08-24T01:58:20,58.14,LOCKED,36.5844,0.0000,0.0000,0.0000,0.9512,0.00,1,classical
2026-08-24T01:58:21,61.73,LOCKED,35.2908,0.0000,0.0000,0.0000,0.9529,0.00,1,classical
2026-08-24T01:58:22,57.47,LOCKED,36.6283,0.0000,0.0000,0.0000,0.9512,0.00,1,classical
2026-08-24T01:58:23,59.52,LOCKED,35.5563,0.0000,0.0000,0.0000,0.9526,0.00,1,classical
2026-08-24T01:58:24,53.76,LOCKED,36.9271,0.0000,0.0000,0.0000,0.9508,0.00,1,classical
2026-08-24T01:58:25,57.80,LOCKED,37.2030,0.0000,0.0000,0.0000,0.9504,0.00,1,classical
2026-08-24T01:58:26,60.61,LOCKED,36.9454,0.0000,0.0000,0.0000,0.9507,0.00,1,classical
2026-08-24T01:58:27,54.95,LOCKED,38.4441,0.0000,0.0000,0.0000,0.9487,0.00,1,classical
2026-08-24T01:58:28,55.56,LOCKED,37.6747,0.0000,0.0000,0.0000,0.9498,0.00,1,classical
2026-08-24T01:58:29,57.47,LOCKED,36.4624,0.0000,0.0000,0.0000,0.9514,0.00,1,classical
2026-08-24T01:58:30,56.50,LOCKED,36.7030,0.0000,0.0000,0.0000,0.9511,0.00,1,classical
2026-08-24T01:58:31,54.64,LOCKED,36.4149,0.0000,0.0000,0.0000,0.9514,0.00,1,classical
2026-08-24T01:58:32,57.14,LOCKED,36.0264,0.0000,0.0000,0.0000,0.9520,0.00,1,classical
2026-08-24T01:58:33,57.47,LOCKED,36.8323,0.0000,0.0000,0.0000,0.9509,0.00,1,classical
2026-08-24T01:58:34,58.14,LOCKED,37.1700,0.0000,0.0000,0.0000,0.9504,0.00,1,classical
2026-08-24T01:58:35,59.88,LOCKED,37.4714,0.0000,0.0000,0.0000,0.9500,0.00,1,classical
2026-08-24T01:58:36,60.61,LOCKED,36.4740,0.0000,0.0000,0.0000,0.9514,0.00,1,classical
2026-08-24T01:58:37,59.52,LOCKED,35.9507,0.0000,0.0000,0.0000,0.9521,0.00,1,classical
2026-08-24T01:58:38,59.52,LOCKED,35.5576,0.0000,0.0000,0.0000,0.9526,0.00,1,classical
2026-08-24T01:58:39,60.98,LOCKED,35.2578,0.0000,0.0000,0.0000,0.9530,0.00,1,classical
2026-08-24T01:58:40,60.24,LOCKED,35.7669,0.0000,0.0000,0.0000,0.9523,0.00,1,classical
2026-08-24T01:58:41,60.24,LOCKED,36.3992,0.0000,0.0000,0.0000,0.9515,0.00,1,classical
2026-08-24T01:58:42,60.61,LOCKED,36.6828,0.0000,0.0000,0.0000,0.9511,0.00,1,classical
2026-08-24T01:58:43,59.52,LOCKED,36.8950,0.0000,0.0000,0.0000,0.9508,0.00,1,classical
2026-08-24T01:58:44,60.24,LOCKED,35.9268,0.0000,0.0000,0.0000,0.9521,0.00,1,classical
2026-08-24T01:58:45,59.52,LOCKED,35.8327,0.0000,0.0000,0.0000,0.9522,0.00,1,classical
2026-08-24T01:58:46,60.98,LOCKED,35.3003,0.0000,0.0000,0.0000,0.9529,0.00,1,classical
2026-08-24T01:58:47,60.61,LOCKED,34.6564,0.0000,0.0000,0.0000,0.9538,0.00,1,classical
2026-08-24T01:58:48,60.61,LOCKED,35.1638,0.0000,0.0000,0.0000,0.9531,0.00,1,classical
2026-08-24T01:58:49,60.61,LOCKED,36.7743,0.0000,0.0000,0.0000,0.9510,0.00,1,classical
2026-08-24T01:58:50,60.24,LOCKED,36.6661,0.0000,0.0000,0.0000,0.9511,0.00,1,classical
2026-08-24T01:58:51,59.52,LOCKED,36.9852,0.0000,0.0000,0.0000,0.9507,0.00,1,classical
2026-08-24T01:58:52,59.88,LOCKED,36.3495,0.0000,0.0000,0.0000,0.9515,0.00,1,classical
2026-08-24T01:58:53,59.88,LOCKED,35.3826,0.0000,0.0000,0.0000,0.9528,0.00,1,classical
2026-08-24T01:58:54,60.98,LOCKED,35.3743,0.0000,0.0000,0.0000,0.9528,0.00,1,classical
2026-08-24T01:58:55,60.24,LOCKED,35.7430,0.0000,0.0000,0.0000,0.9523,0.00,1,classical
2026-08-24T01:58:56,60.98,LOCKED,35.7259,0.0000,0.0000,0.0000,0.9524,0.00,1,classical
2026-08-24T01:58:57,60.24,LOCKED,36.5712,0.0000,0.0000,0.0000,0.9512,0.00,1,classical
2026-08-24T01:58:58,60.24,LOCKED,36.9248,0.0000,0.0000,0.0000,0.9508,0.00,1,classical
2026-08-24T01:58:59,59.52,LOCKED,36.6890,0.0000,0.0000,0.0000,0.9511,0.00,1,classical
2026-08-24T01:59:00,59.17,LOCKED,36.6973,0.0000,0.0000,0.0000,0.9511,0.00,1,classical
2026-08-24T01:59:01,59.88,LOCKED,36.4244,0.0000,0.0000,0.0000,0.9514,0.00,1,classical
2026-08-24T01:59:02,59.52,LOCKED,35.6487,0.0000,0.0000,0.0000,0.9525,0.00,1,classical
2026-08-24T01:59:03,59.88,LOCKED,35.4815,0.0000,0.0000,0.0000,0.9527,0.00,1,classical
2026-08-24T01:59:04,59.88,LOCKED,36.4390,0.0000,0.0000,0.0000,0.9514,0.00,1,classical
2026-08-24T01:59:05,59.17,LOCKED,37.2920,0.0000,0.0000,0.0000,0.9503,0.00,1,classical
2026-08-24T01:59:06,58.82,LOCKED,37.1554,0.0000,0.0000,0.0000,0.9505,0.00,1,classical
2026-08-24T01:59:07,58.48,LOCKED,36.8590,0.0000,0.0000,0.0000,0.9509,0.00,1,classical
2026-08-24T01:59:08,60.61,LOCKED,36.2528,0.0000,0.0000,0.0000,0.9517,0.00,1,classical
2026-08-24T01:59:09,60.98,LOCKED,35.5991,0.0000,0.0000,0.0000,0.9525,0.00,1,classical
2026-08-24T01:59:10,60.61,LOCKED,35.4724,0.0000,0.0000,0.0000,0.9527,0.00,1,classical
2026-08-24T01:59:11,58.82,LOCKED,36.3269,0.0000,0.0000,0.0000,0.9516,0.00,1,classical
2026-08-24T01:59:12,58.48,LOCKED,36.7280,0.0000,0.0000,0.0000,0.9510,0.00,1,classical
2026-08-24T01:59:13,56.50,LOCKED,37.9019,0.0000,0.0000,0.0000,0.9495,0.00,1,classical
2026-08-24T01:59:14,55.56,LOCKED,37.4906,0.0000,0.0000,0.0000,0.9500,0.00,1,classical
2026-08-24T01:59:15,59.17,LOCKED,36.5194,0.0000,0.0000,0.0000,0.9513,0.00,1,classical
2026-08-24T01:59:16,60.24,LOCKED,35.4751,0.0000,0.0000,0.0000,0.9527,0.00,1,classical
2026-08-24T01:59:17,60.61,LOCKED,35.4526,0.0000,0.0000,0.0000,0.9527,0.00,1,classical
2026-08-24T01:59:18,59.17,LOCKED,35.8849,0.0000,0.0000,0.0000,0.9522,0.00,1,classical
2026-08-24T01:59:19,53.19,LOCKED,36.9728,0.0000,0.0000,0.0000,0.9507,0.00,1,classical
2026-08-24T01:59:20,55.25,LOCKED,38.0834,0.0000,0.0000,0.0000,0.9492,0.00,1,classical
2026-08-24T01:59:21,52.91,LOCKED,37.5372,0.0000,0.0000,0.0000,0.9500,0.00,1,classical
2026-08-24T01:59:22,53.48,LOCKED,37.6887,0.0000,0.0000,0.0000,0.9497,0.00,1,classical
2026-08-24T01:59:23,59.88,LOCKED,36.0520,0.0000,0.0000,0.0000,0.9519,0.00,1,classical
2026-08-24T01:59:24,59.17,LOCKED,35.5834,0.0000,0.0000,0.0000,0.9526,0.00,1,classical
2026-08-24T01:59:25,58.82,LOCKED,35.7586,0.0000,0.0000,0.0000,0.9523,0.00,1,classical
2026-08-24T01:59:26,57.14,LOCKED,36.2205,0.0000,0.0000,0.0000,0.9517,0.00,1,classical
2026-08-24T01:59:27,55.25,LOCKED,36.5799,0.0000,0.0000,0.0000,0.9512,0.00,1,classical
2026-08-24T01:59:28,54.05,LOCKED,37.2938,0.0000,0.0000,0.0000,0.9503,0.00,1,classical
2026-08-24T01:59:29,57.47,LOCKED,36.6841,0.0000,0.0000,0.0000,0.9511,0.00,1,classical
2026-08-24T01:59:30,59.88,LOCKED,36.0329,0.0000,0.0000,0.0000,0.9520,0.00,1,classical
2026-08-24T01:59:31,59.17,LOCKED,36.0786,0.0000,0.0000,0.0000,0.9519,0.00,1,classical
2026-08-24T01:59:32,55.87,LOCKED,35.9471,0.0000,0.0000,0.0000,0.9521,0.00,1,classical
2026-08-24T01:59:33,59.52,LOCKED,35.8155,0.0000,0.0000,0.0000,0.9522,0.00,1,classical
2026-08-24T01:59:34,57.47,LOCKED,36.5503,0.0000,0.0000,0.0000,0.9513,0.00,1,classical
2026-08-24T01:59:35,56.50,LOCKED,36.1926,0.0000,0.0000,0.0000,0.9517,0.00,1,classical
2026-08-24T01:59:36,60.61,LOCKED,36.3354,0.0000,0.0000,0.0000,0.9516,0.00,1,classical
2026-08-24T01:59:37,61.35,LOCKED,36.7264,0.0000,0.0000,0.0000,0.9510,0.00,1,classical
2026-08-24T01:59:38,54.95,LOCKED,38.4041,0.0000,0.0000,0.0000,0.9488,0.00,1,classical
2026-08-24T01:59:39,56.18,LOCKED,37.1422,0.0000,0.0000,0.0000,0.9505,0.00,1,classical
2026-08-24T01:59:40,59.88,LOCKED,35.2790,0.0000,0.0000,0.0000,0.9530,0.00,1,classical
2026-08-24T01:59:41,61.35,LOCKED,35.7551,0.0000,0.0000,0.0000,0.9523,0.00,1,classical
2026-08-24T01:59:42,60.24,LOCKED,35.8553,0.0000,0.0000,0.0000,0.9522,0.00,1,classical
2026-08-24T01:59:43,55.56,LOCKED,37.3151,0.0000,0.0000,0.0000,0.9502,0.00,1,classical
2026-08-24T01:59:44,59.88,LOCKED,36.8270,0.0000,0.0000,0.0000,0.9509,0.00,1,classical
2026-08-24T01:59:45,60.61,LOCKED,36.6696,0.0000,0.0000,0.0000,0.9511,0.00,1,classical
2026-08-24T01:59:46,59.17,LOCKED,37.3248,0.0000,0.0000,0.0000,0.9502,0.00,1,classical
2026-08-24T01:59:47,58.82,LOCKED,36.0987,0.0000,0.0000,0.0000,0.9519,0.00,1,classical
2026-08-24T01:59:48,58.48,LOCKED,35.9700,0.0000,0.0000,0.0000,0.9520,0.00,1,classical
2026-08-24T01:59:49,60.98,LOCKED,35.5124,0.0000,0.0000,0.0000,0.9527,0.00,1,classical
2026-08-24T01:59:50,60.24,LOCKED,35.8366,0.0000,0.0000,0.0000,0.9522,0.00,1,classical
2026-08-24T01:59:51,58.82,LOCKED,36.7532,0.0000,0.0000,0.0000,0.9510,0.00,1,classical
2026-08-24T01:59:52,61.35,LOCKED,36.9400,0.0000,0.0000,0.0000,0.9507,0.00,1,classical
2026-08-24T01:59:53,60.61,LOCKED,37.3670,0.0000,0.0000,0.0000,0.9502,0.00,1,classical
2026-08-24T01:59:54,60.61,LOCKED,36.2995,0.0000,0.0000,0.0000,0.9516,0.00,1,classical
2026-08-24T01:59:55,59.52,LOCKED,36.3907,0.0000,0.0000,0.0000,0.9515,0.00,1,classical
2026-08-24T01:59:56,59.88,LOCKED,35.6682,0.0000,0.0000,0.0000,0.9524,0.00,1,classical
2026-08-24T01:59:58,59.17,LOCKED,35.8303,0.0000,0.0000,0.0000,0.9522,0.00,1,classical
2026-08-24T01:59:59,58.48,LOCKED,36.6993,0.0000,0.0000,0.0000,0.9511,0.00,1,classical
2026-08-24T02:00:00,59.88,LOCKED,36.8364,0.0000,0.0000,0.0000,0.9509,0.00,1,classical
2026-08-24T02:00:01,60.24,LOCKED,37.0402,0.0000,0.0000,0.0000,0.9506,0.00,1,classical
2026-08-24T02:00:02,60.61,LOCKED,36.9376,0.0000,0.0000,0.0000,0.9507,0.00,1,classical
2026-08-24T02:00:03,61.35,LOCKED,36.3362,0.0000,0.0000,0.0000,0.9516,0.00,1,classical
2026-08-24T02:00:04,60.98,LOCKED,35.8904,0.0000,0.0000,0.0000,0.9521,0.00,1,classical
2026-08-24T02:00:05,60.24,LOCKED,35.5427,0.0000,0.0000,0.0000,0.9526,0.00,1,classical
2026-08-24T02:00:06,59.52,LOCKED,36.3235,0.0000,0.0000,0.0000,0.9516,0.00,1,classical
2026-08-24T02:00:07,60.61,LOCKED,35.9560,0.0000,0.0000,0.0000,0.9521,0.00,1,classical
2026-08-24T02:00:08,59.88,LOCKED,36.7338,0.0000,0.0000,0.0000,0.9510,0.00,1,classical
2026-08-24T02:00:09,60.61,LOCKED,37.0043,0.0000,0.0000,0.0000,0.9507,0.00,1,classical
2026-08-24T02:00:10,59.88,LOCKED,37.0323,0.0000,0.0000,0.0000,0.9506,0.00,1,classical
2026-08-24T02:00:11,58.14,LOCKED,36.7611,0.0000,0.0000,0.0000,0.9510,0.00,1,classical
2026-08-24T02:00:12,59.88,LOCKED,36.1503,0.0000,0.0000,0.0000,0.9518,0.00,1,classical
2026-08-24T02:00:13,57.14,LOCKED,36.0525,0.0000,0.0000,0.0000,0.9519,0.00,1,classical
2026-08-24T02:00:14,59.88,LOCKED,35.9222,0.0000,0.0000,0.0000,0.9521,0.00,1,classical
2026-08-24T02:00:15,59.88,LOCKED,36.3967,0.0000,0.0000,0.0000,0.9515,0.00,1,classical
2026-08-24T02:00:16,59.88,LOCKED,36.6019,0.0000,0.0000,0.0000,0.9512,0.00,1,classical
2026-08-24T02:00:17,58.48,LOCKED,37.2836,0.0000,0.0000,0.0000,0.9503,0.00,1,classical
2026-08-24T02:00:18,58.82,LOCKED,37.1733,0.0000,0.0000,0.0000,0.9504,0.00,1,classical
2026-08-24T02:00:19,56.82,LOCKED,36.8485,0.0000,0.0000,0.0000,0.9509,0.00,1,classical
2026-08-24T02:00:20,60.98,LOCKED,35.5450,0.0000,0.0000,0.0000,0.9526,0.00,1,classical
2026-08-24T02:00:21,60.61,LOCKED,35.7371,0.0000,0.0000,0.0000,0.9524,0.00,1,classical
2026-08-24T02:00:22,60.61,LOCKED,36.0080,0.0000,0.0000,0.0000,0.9520,0.00,1,classical
2026-08-24T02:00:23,59.52,LOCKED,36.5298,0.0000,0.0000,0.0000,0.9513,0.00,1,classical
2026-08-24T02:00:24,60.98,LOCKED,36.8664,0.0000,0.0000,0.0000,0.9508,0.00,1,classical
2026-08-24T02:00:25,58.82,LOCKED,37.3132,0.0000,0.0000,0.0000,0.9502,0.00,1,classical
2026-08-24T02:00:26,54.95,LOCKED,37.3896,0.0000,0.0000,0.0000,0.9501,0.00,1,classical
2026-08-24T02:00:27,59.88,LOCKED,35.4655,0.0000,0.0000,0.0000,0.9527,0.00,1,classical
2026-08-24T02:00:28,53.48,LOCKED,35.8184,0.0000,0.0000,0.0000,0.9522,0.00,1,classical
2026-08-24T02:00:29,58.48,LOCKED,35.7184,0.0000,0.0000,0.0000,0.9524,0.00,1,classical
2026-08-24T02:00:30,59.88,LOCKED,35.4568,0.0000,0.0000,0.0000,0.9527,0.00,1,classical
2026-08-24T02:00:31,59.52,LOCKED,36.2213,0.0000,0.0000,0.0000,0.9517,0.00,1,classical
2026-08-24T02:00:32,58.82,LOCKED,36.5731,0.0000,0.0000,0.0000,0.9512,0.00,1,classical
2026-08-24T02:00:33,60.24,LOCKED,36.9305,0.0000,0.0000,0.0000,0.9508,0.00,1,classical
2026-08-24T02:00:34,60.24,LOCKED,36.1007,0.0000,0.0000,0.0000,0.9519,0.00,1,classical
2026-08-24T02:00:35,60.61,LOCKED,36.2146,0.0000,0.0000,0.0000,0.9517,0.00,1,classical
2026-08-24T02:00:36,59.52,LOCKED,35.7441,0.0000,0.0000,0.0000,0.9523,0.00,1,classical
2026-08-24T02:00:37,55.87,LOCKED,36.0510,0.0000,0.0000,0.0000,0.9519,0.00,1,classical
2026-08-24T02:00:38,58.14,LOCKED,36.1396,0.0000,0.0000,0.0000,0.9518,0.00,1,classical
2026-08-24T02:00:39,60.24,LOCKED,36.4258,0.0000,0.0000,0.0000,0.9514,0.00,1,classical
2026-08-24T02:00:40,61.73,LOCKED,37.4057,0.0000,0.0000,0.0000,0.9501,0.00,1,classical
2026-08-24T02:00:41,61.35,LOCKED,37.3955,0.0000,0.0000,0.0000,0.9501,0.00,1,classical
2026-08-24T02:00:42,60.98,LOCKED,35.9128,0.0000,0.0000,0.0000,0.9521,0.00,1,classical
2026-08-24T02:00:43,60.61,LOCKED,36.0594,0.0000,0.0000,0.0000,0.9519,0.00,1,classical
2026-08-24T02:00:44,59.52,LOCKED,35.8657,0.0000,0.0000,0.0000,0.9522,0.00,1,classical
2026-08-24T02:00:45,59.52,LOCKED,36.2122,0.0000,0.0000,0.0000,0.9517,0.00,1,classical
2026-08-24T02:00:46,59.52,LOCKED,36.3268,0.0000,0.0000,0.0000,0.9516,0.00,1,classical
2026-08-24T02:00:47,59.52,LOCKED,37.2918,0.0000,0.0000,0.0000,0.9503,0.00,1,classical
2026-08-24T02:00:48,59.88,LOCKED,37.2697,0.0000,0.0000,0.0000,0.9503,0.00,1,classical
2026-08-24T02:00:49,59.88,LOCKED,37.2764,0.0000,0.0000,0.0000,0.9503,0.00,1,classical
2026-08-24T02:00:50,60.98,LOCKED,36.4518,0.0000,0.0000,0.0000,0.9514,0.00,1,classical
2026-08-24T02:00:51,60.61,LOCKED,35.8545,0.0000,0.0000,0.0000,0.9522,0.00,1,classical
2026-08-24T02:00:52,59.88,LOCKED,36.1735,0.0000,0.0000,0.0000,0.9518,0.00,1,classical
2026-08-24T02:00:53,60.24,LOCKED,36.2190,0.0000,0.0000,0.0000,0.9517,0.00,1,classical
2026-08-24T02:00:54,59.52,LOCKED,36.7287,0.0000,0.0000,0.0000,0.9510,0.00,1,classical
2026-08-24T02:00:55,60.61,LOCKED,37.0452,0.0000,0.0000,0.0000,0.9506,0.00,1,classical
2026-08-24T02:00:56,60.24,LOCKED,37.0909,0.0000,0.0000,0.0000,0.9505,0.00,1,classical
2026-08-24T02:00:57,61.35,LOCKED,36.5972,0.0000,0.0000,0.0000,0.9512,0.00,1,classical
2026-08-24T02:00:58,60.24,LOCKED,36.2819,0.0000,0.0000,0.0000,0.9516,0.00,1,classical
2026-08-24T02:00:59,60.61,LOCKED,35.7674,0.0000,0.0000,0.0000,0.9523,0.00,1,classical
2026-08-24T02:01:00,59.52,LOCKED,36.3171,0.0000,0.0000,0.0000,0.9516,0.00,1,classical
2026-08-24T02:01:01,59.17,LOCKED,36.2681,0.0000,0.0000,0.0000,0.9516,0.00,1,classical
2026-08-24T02:01:02,60.24,LOCKED,36.6330,0.0000,0.0000,0.0000,0.9512,0.00,1,classical
2026-08-24T02:01:03,60.98,LOCKED,36.9193,0.0000,0.0000,0.0000,0.9508,0.00,1,classical
2026-08-24T02:01:04,60.61,LOCKED,37.2330,0.0000,0.0000,0.0000,0.9504,0.00,1,classical
2026-08-24T02:01:05,59.88,LOCKED,36.8393,0.0000,0.0000,0.0000,0.9509,0.00,1,classical
2026-08-24T02:01:06,60.61,LOCKED,36.2358,0.0000,0.0000,0.0000,0.9517,0.00,1,classical
2026-08-24T02:01:07,61.35,LOCKED,35.8724,0.0000,0.0000,0.0000,0.9522,0.00,1,classical
2026-08-24T02:01:08,60.24,LOCKED,35.9601,0.0000,0.0000,0.0000,0.9521,0.00,1,classical
2026-08-24T02:01:09,60.24,LOCKED,36.2955,0.0000,0.0000,0.0000,0.9516,0.00,1,classical
2026-08-24T02:01:10,60.98,LOCKED,36.7010,0.0000,0.0000,0.0000,0.9511,0.00,1,classical
2026-08-24T02:01:11,60.98,LOCKED,37.2975,0.0000,0.0000,0.0000,0.9503,0.00,1,classical
2026-08-24T02:01:12,60.61,LOCKED,37.2685,0.0000,0.0000,0.0000,0.9503,0.00,1,classical
2026-08-24T02:01:13,60.24,LOCKED,36.7288,0.0000,0.0000,0.0000,0.9510,0.00,1,classical
2026-08-24T02:01:14,60.61,LOCKED,36.0811,0.0000,0.0000,0.0000,0.9519,0.00,1,classical
2026-08-24T02:01:15,61.35,LOCKED,35.8031,0.0000,0.0000,0.0000,0.9523,0.00,1,classical
2026-08-24T02:01:16,60.98,LOCKED,35.8772,0.0000,0.0000,0.0000,0.9522,0.00,1,classical
2026-08-24T02:01:17,59.52,LOCKED,36.5373,0.0000,0.0000,0.0000,0.9513,0.00,1,classical
2026-08-24T02:01:18,60.98,LOCKED,36.6850,0.0000,0.0000,0.0000,0.9511,0.00,1,classical
2026-08-24T02:01:19,60.98,LOCKED,37.1946,0.0000,0.0000,0.0000,0.9504,0.00,1,classical
2026-08-24T02:01:20,59.88,LOCKED,37.0110,0.0000,0.0000,0.0000,0.9507,0.00,1,classical
2026-08-24T02:01:21,60.24,LOCKED,36.6271,0.0000,0.0000,0.0000,0.9512,0.00,1,classical
2026-08-24T02:01:22,59.52,LOCKED,36.2276,0.0000,0.0000,0.0000,0.9517,0.00,1,classical
2026-08-24T02:01:23,60.98,LOCKED,35.7308,0.0000,0.0000,0.0000,0.9524,0.00,1,classical
2026-08-24T02:01:24,60.24,LOCKED,36.0032,0.0000,0.0000,0.0000,0.9520,0.00,1,classical
2026-08-24T02:01:25,60.61,LOCKED,36.5524,0.0000,0.0000,0.0000,0.9513,0.00,1,classical
2026-08-24T02:01:26,60.98,LOCKED,37.0062,0.0000,0.0000,0.0000,0.9507,0.00,1,classical
2026-08-24T02:01:27,60.24,LOCKED,37.2210,0.0000,0.0000,0.0000,0.9504,0.00,1,classical
2026-08-24T02:01:28,61.35,LOCKED,36.8144,0.0000,0.0000,0.0000,0.9509,0.00,1,classical
2026-08-24T02:01:29,60.61,LOCKED,36.4554,0.0000,0.0000,0.0000,0.9514,0.00,1,classical
2026-08-24T02:01:30,59.88,LOCKED,35.9316,0.0000,0.0000,0.0000,0.9521,0.00,1,classical
2026-08-24T02:01:31,60.98,LOCKED,35.7984,0.0000,0.0000,0.0000,0.9523,0.00,1,classical
2026-08-24T02:01:32,60.98,LOCKED,36.1509,0.0000,0.0000,0.0000,0.9518,0.00,1,classical
2026-08-24T02:01:33,59.88,LOCKED,36.8722,0.0000,0.0000,0.0000,0.9508,0.00,1,classical
2026-08-24T02:01:34,59.52,LOCKED,37.1687,0.0000,0.0000,0.0000,0.9504,0.00,1,classical
2026-08-24T02:01:35,60.24,LOCKED,37.1294,0.0000,0.0000,0.0000,0.9505,0.00,1,classical
2026-08-24T02:01:36,60.98,LOCKED,36.7168,0.0000,0.0000,0.0000,0.9510,0.00,1,classical
2026-08-24T02:01:37,60.61,LOCKED,36.2915,0.0000,0.0000,0.0000,0.9516,0.00,1,classical
2026-08-24T02:01:38,60.24,LOCKED,35.8439,0.0000,0.0000,0.0000,0.9522,0.00,1,classical
2026-08-24T02:01:39,60.98,LOCKED,35.6744,0.0000,0.0000,0.0000,0.9524,0.00,1,classical
2026-08-24T02:01:40,59.88,LOCKED,36.1596,0.0000,0.0000,0.0000,0.9518,0.00,1,classical
2026-08-24T02:01:41,61.35,LOCKED,36.4144,0.0000,0.0000,0.0000,0.9514,0.00,1,classical
2026-08-24T02:01:42,60.98,LOCKED,36.9467,0.0000,0.0000,0.0000,0.9507,0.00,1,classical
2026-08-24T02:01:43,60.61,LOCKED,37.1939,0.0000,0.0000,0.0000,0.9504,0.00,1,classical
2026-08-24T02:01:44,61.35,LOCKED,36.5827,0.0000,0.0000,0.0000,0.9512,0.00,1,classical
2026-08-24T02:01:45,60.98,LOCKED,36.2981,0.0000,0.0000,0.0000,0.9516,0.00,1,classical
2026-08-24T02:01:47,59.88,LOCKED,35.6848,0.0000,0.0000,0.0000,0.9524,0.00,1,classical
2026-08-24T02:01:48,60.98,LOCKED,35.7638,0.0000,0.0000,0.0000,0.9523,0.00,1,classical
2026-08-24T02:01:49,60.24,LOCKED,36.3229,0.0000,0.0000,0.0000,0.9516,0.00,1,classical
2026-08-24T02:01:50,60.61,LOCKED,36.8575,0.0000,0.0000,0.0000,0.9509,0.00,1,classical
2026-08-24T02:01:51,59.88,LOCKED,37.2610,0.0000,0.0000,0.0000,0.9503,0.00,1,classical
2026-08-24T02:01:52,61.73,LOCKED,36.9196,0.0000,0.0000,0.0000,0.9508,0.00,1,classical
2026-08-24T02:01:53,60.24,LOCKED,36.6629,0.0000,0.0000,0.0000,0.9511,0.00,1,classical
2026-08-24T02:01:54,60.24,LOCKED,36.1662,0.0000,0.0000,0.0000,0.9518,0.00,1,classical
2026-08-24T02:01:55,60.98,LOCKED,35.6403,0.0000,0.0000,0.0000,0.9525,0.00,1,classical
2026-08-24T02:01:56,60.61,LOCKED,35.9840,0.0000,0.0000,0.0000,0.9520,0.00,1,classical
2026-08-24T02:01:57,60.98,LOCKED,36.4594,0.0000,0.0000,0.0000,0.9514,0.00,1,classical
2026-08-24T02:01:58,60.24,LOCKED,37.2758,0.0000,0.0000,0.0000,0.9503,0.00,1,classical
2026-08-24T02:01:59,60.61,LOCKED,37.1641,0.0000,0.0000,0.0000,0.9504,0.00,1,classical
2026-08-24T02:02:00,60.24,LOCKED,36.9601,0.0000,0.0000,0.0000,0.9507,0.00,1,classical
2026-08-24T02:02:01,60.98,LOCKED,36.4278,0.0000,0.0000,0.0000,0.9514,0.00,1,classical
2026-08-24T02:02:02,59.17,LOCKED,36.2472,0.0000,0.0000,0.0000,0.9517,0.00,1,classical
2026-08-24T02:02:03,59.88,LOCKED,35.6792,0.0000,0.0000,0.0000,0.9524,0.00,1,classical
2026-08-24T02:02:04,59.88,LOCKED,36.3618,0.0000,0.0000,0.0000,0.9515,0.00,1,classical
2026-08-24T02:02:05,60.24,LOCKED,36.5215,0.0000,0.0000,0.0000,0.9513,0.00,1,classical
2026-08-24T02:02:06,59.52,LOCKED,37.0083,0.0000,0.0000,0.0000,0.9507,0.00,1,classical
2026-08-24T02:02:07,60.24,LOCKED,37.2155,0.0000,0.0000,0.0000,0.9504,0.00,1,classical
2026-08-24T02:02:08,60.24,LOCKED,36.9634,0.0000,0.0000,0.0000,0.9507,0.00,1,classical
2026-08-24T02:02:09,59.88,LOCKED,36.6253,0.0000,0.0000,0.0000,0.9512,0.00,1,classical
2026-08-24T02:02:10,60.98,LOCKED,35.8942,0.0000,0.0000,0.0000,0.9521,0.00,1,classical
2026-08-24T02:02:11,60.98,LOCKED,35.8214,0.0000,0.0000,0.0000,0.9522,0.00,1,classical
2026-08-24T02:02:12,60.24,LOCKED,36.1362,0.0000,0.0000,0.0000,0.9518,0.00,1,classical
2026-08-24T02:02:13,60.98,LOCKED,36.6071,0.0000,0.0000,0.0000,0.9512,0.00,1,classical
2026-08-24T02:02:14,59.88,LOCKED,37.1424,0.0000,0.0000,0.0000,0.9505,0.00,1,classical
2026-08-24T02:02:15,60.98,LOCKED,37.1265,0.0000,0.0000,0.0000,0.9505,0.00,1,classical
2026-08-24T02:02:16,60.61,LOCKED,36.7278,0.0000,0.0000,0.0000,0.9510,0.00,1,classical
2026-08-24T02:02:17,61.35,LOCKED,36.2280,0.0000,0.0000,0.0000,0.9517,0.00,1,classical
2026-08-24T02:02:18,58.82,LOCKED,36.1319,0.0000,0.0000,0.0000,0.9518,0.00,1,classical
2026-08-24T02:02:19,59.88,LOCKED,36.0887,0.0000,0.0000,0.0000,0.9519,0.00,1,classical
2026-08-24T02:02:20,60.61,LOCKED,35.9686,0.0000,0.0000,0.0000,0.9520,0.00,1,classical
2026-08-24T02:02:21,60.61,LOCKED,36.8632,0.0000,0.0000,0.0000,0.9508,0.00,1,classical
2026-08-24T02:02:22,60.24,LOCKED,37.1483,0.0000,0.0000,0.0000,0.9505,0.00,1,classical
2026-08-24T02:02:23,61.35,LOCKED,36.9946,0.0000,0.0000,0.0000,0.9507,0.00,1,classical
2026-08-24T02:02:24,60.61,LOCKED,36.6750,0.0000,0.0000,0.0000,0.9511,0.00,1,classical
2026-08-24T02:02:25,60.98,LOCKED,36.1959,0.0000,0.0000,0.0000,0.9517,0.00,1,classical
2026-08-24T02:02:26,60.98,LOCKED,35.8619,0.0000,0.0000,0.0000,0.9522,0.00,1,classical
2026-08-24T02:02:27,60.24,LOCKED,35.9796,0.0000,0.0000,0.0000,0.9520,0.00,1,classical
2026-08-24T02:02:28,60.61,LOCKED,36.3409,0.0000,0.0000,0.0000,0.9515,0.00,1,classical
2026-08-24T02:02:29,59.88,LOCKED,37.0534,0.0000,0.0000,0.0000,0.9506,0.00,1,classical
2026-08-24T02:02:30,60.61,LOCKED,37.0965,0.0000,0.0000,0.0000,0.9505,0.00,1,classical
2026-08-24T02:02:31,58.82,LOCKED,37.2253,0.0000,0.0000,0.0000,0.9504,0.00,1,classical
2026-08-24T02:02:32,60.24,LOCKED,36.5693,0.0000,0.0000,0.0000,0.9512,0.00,1,classical
2026-08-24T02:02:33,60.24,LOCKED,35.9899,0.0000,0.0000,0.0000,0.9520,0.00,1,classical
2026-08-24T02:02:34,60.24,LOCKED,35.8142,0.0000,0.0000,0.0000,0.9522,0.00,1,classical
2026-08-24T02:02:35,60.24,LOCKED,35.9844,0.0000,0.0000,0.0000,0.9520,0.00,1,classical
2026-08-24T02:02:36,60.24,LOCKED,36.5980,0.0000,0.0000,0.0000,0.9512,0.00,1,classical
2026-08-24T02:02:37,60.98,LOCKED,36.7441,0.0000,0.0000,0.0000,0.9510,0.00,1,classical
2026-08-24T02:02:38,60.61,LOCKED,37.2702,0.0000,0.0000,0.0000,0.9503,0.00,1,classical
2026-08-24T02:02:39,60.24,LOCKED,37.0837,0.0000,0.0000,0.0000,0.9506,0.00,1,classical
2026-08-24T02:02:40,61.35,LOCKED,36.2649,0.0000,0.0000,0.0000,0.9516,0.00,1,classical
2026-08-24T02:02:41,60.98,LOCKED,35.7655,0.0000,0.0000,0.0000,0.9523,0.00,1,classical
2026-08-24T02:02:42,60.24,LOCKED,35.7090,0.0000,0.0000,0.0000,0.9524,0.00,1,classical
2026-08-24T02:02:43,59.52,LOCKED,36.4333,0.0000,0.0000,0.0000,0.9514,0.00,1,classical
2026-08-24T02:02:44,60.61,LOCKED,36.4347,0.0000,0.0000,0.0000,0.9514,0.00,1,classical
2026-08-24T02:02:45,61.35,LOCKED,37.0478,0.0000,0.0000,0.0000,0.9506,0.00,1,classical
2026-08-24T02:02:46,59.52,LOCKED,37.5001,0.0000,0.0000,0.0000,0.9500,0.00,1,classical
2026-08-24T02:02:47,60.24,LOCKED,36.8647,0.0000,0.0000,0.0000,0.9508,0.00,1,classical
2026-08-24T02:02:48,60.98,LOCKED,36.3371,0.0000,0.0000,0.0000,0.9516,0.00,1,classical
2026-08-24T02:02:49,59.17,LOCKED,36.0221,0.0000,0.0000,0.0000,0.9520,0.00,1,classical
2026-08-24T02:02:50,60.98,LOCKED,35.7067,0.0000,0.0000,0.0000,0.9524,0.00,1,classical
2026-08-24T02:02:51,59.52,LOCKED,36.3972,0.0000,0.0000,0.0000,0.9515,0.00,1,classical
2026-08-24T02:02:52,60.24,LOCKED,36.7540,0.0000,0.0000,0.0000,0.9510,0.00,1,classical
2026-08-24T02:02:53,59.52,LOCKED,37.1980,0.0000,0.0000,0.0000,0.9504,0.00,1,classical
2026-08-24T02:02:54,60.24,LOCKED,37.0409,0.0000,0.0000,0.0000,0.9506,0.00,1,classical
2026-08-24T02:02:55,60.98,LOCKED,36.6850,0.0000,0.0000,0.0000,0.9511,0.00,1,classical
2026-08-24T02:02:56,59.88,LOCKED,36.4785,0.0000,0.0000,0.0000,0.9514,0.00,1,classical
2026-08-24T02:02:57,60.24,LOCKED,35.7406,0.0000,0.0000,0.0000,0.9523,0.00,1,classical
2026-08-24T02:02:58,60.98,LOCKED,35.8955,0.0000,0.0000,0.0000,0.9521,0.00,1,classical
2026-08-24T02:02:59,60.61,LOCKED,36.2949,0.0000,0.0000,0.0000,0.9516,0.00,1,classical
2026-08-24T02:03:00,61.35,LOCKED,36.7718,0.0000,0.0000,0.0000,0.9510,0.00,1,classical
2026-08-24T02:03:01,60.61,LOCKED,37.2715,0.0000,0.0000,0.0000,0.9503,0.00,1,classical
2026-08-24T02:03:02,59.17,LOCKED,37.2831,0.0000,0.0000,0.0000,0.9503,0.00,1,classical
2026-08-24T02:03:03,60.61,LOCKED,36.4899,0.0000,0.0000,0.0000,0.9513,0.00,1,classical
2026-08-24T02:03:04,60.24,LOCKED,36.1140,0.0000,0.0000,0.0000,0.9518,0.00,1,classical
2026-08-24T02:03:05,60.61,LOCKED,35.7355,0.0000,0.0000,0.0000,0.9524,0.00,1,classical
2026-08-24T02:03:06,60.24,LOCKED,35.7035,0.0000,0.0000,0.0000,0.9524,0.00,1,classical
2026-08-24T02:03:07,60.61,LOCKED,36.3717,0.0000,0.0000,0.0000,0.9515,0.00,1,classical
2026-08-24T02:03:08,60.24,LOCKED,36.8405,0.0000,0.0000,0.0000,0.9509,0.00,1,classical
2026-08-24T02:03:09,60.24,LOCKED,37.0461,0.0000,0.0000,0.0000,0.9506,0.00,1,classical
2026-08-24T02:03:10,61.35,LOCKED,37.0032,0.0000,0.0000,0.0000,0.9507,0.00,1,classical
2026-08-24T02:03:11,60.24,LOCKED,36.5317,0.0000,0.0000,0.0000,0.9513,0.00,1,classical
2026-08-24T02:03:12,59.52,LOCKED,36.2148,0.0000,0.0000,0.0000,0.9517,0.00,1,classical
2026-08-24T02:03:13,60.24,LOCKED,35.8370,0.0000,0.0000,0.0000,0.9522,0.00,1,classical
2026-08-24T02:03:14,60.24,LOCKED,35.8385,0.0000,0.0000,0.0000,0.9522,0.00,1,classical
2026-08-24T02:03:15,60.24,LOCKED,36.4669,0.0000,0.0000,0.0000,0.9514,0.00,1,classical
2026-08-24T02:03:16,60.61,LOCKED,37.0176,0.0000,0.0000,0.0000,0.9506,0.00,1,classical
2026-08-24T02:03:17,59.52,LOCKED,37.1785,0.0000,0.0000,0.0000,0.9504,0.00,1,classical
2026-08-24T02:03:18,60.24,LOCKED,36.8467,0.0000,0.0000,0.0000,0.9509,0.00,1,classical
2026-08-24T02:03:19,60.98,LOCKED,36.3662,0.0000,0.0000,0.0000,0.9515,0.00,1,classical
2026-08-24T02:03:20,60.98,LOCKED,35.7871,0.0000,0.0000,0.0000,0.9523,0.00,1,classical
2026-08-24T02:03:21,60.98,LOCKED,35.7212,0.0000,0.0000,0.0000,0.9524,0.00,1,classical
2026-08-24T02:03:22,60.24,LOCKED,36.1836,0.0000,0.0000,0.0000,0.9518,0.00,1,classical
2026-08-24T02:03:23,60.98,LOCKED,36.8068,0.0000,0.0000,0.0000,0.9509,0.00,1,classical
2026-08-24T02:03:24,60.61,LOCKED,37.0097,0.0000,0.0000,0.0000,0.9507,0.00,1,classical
2026-08-24T02:03:25,60.61,LOCKED,37.1303,0.0000,0.0000,0.0000,0.9505,0.00,1,classical
2026-08-24T02:03:26,61.73,LOCKED,36.7427,0.0000,0.0000,0.0000,0.9510,0.00,1,classical
2026-08-24T02:03:27,60.61,LOCKED,36.6442,0.0000,0.0000,0.0000,0.9511,0.00,1,classical
2026-08-24T02:03:28,61.73,LOCKED,35.7060,0.0000,0.0000,0.0000,0.9524,0.00,1,classical
2026-08-24T02:03:29,60.24,LOCKED,35.8931,0.0000,0.0000,0.0000,0.9521,0.00,1,classical
2026-08-24T02:03:30,60.24,LOCKED,36.2795,0.0000,0.0000,0.0000,0.9516,0.00,1,classical
2026-08-24T02:03:31,60.98,LOCKED,36.7708,0.0000,0.0000,0.0000,0.9510,0.00,1,classical
2026-08-24T02:03:32,60.24,LOCKED,37.2407,0.0000,0.0000,0.0000,0.9503,0.00,1,classical
2026-08-24T02:03:33,60.24,LOCKED,37.1206,0.0000,0.0000,0.0000,0.9505,0.00,1,classical
2026-08-24T02:03:34,60.61,LOCKED,36.9042,0.0000,0.0000,0.0000,0.9508,0.00,1,classical
2026-08-24T02:03:36,59.88,LOCKED,36.2407,0.0000,0.0000,0.0000,0.9517,0.00,1,classical
2026-08-24T02:03:37,60.24,LOCKED,35.9421,0.0000,0.0000,0.0000,0.9521,0.00,1,classical
2026-08-24T02:03:38,59.88,LOCKED,35.9668,0.0000,0.0000,0.0000,0.9520,0.00,1,classical
2026-08-24T02:03:39,60.98,LOCKED,36.1408,0.0000,0.0000,0.0000,0.9518,0.00,1,classical
2026-08-24T02:03:40,60.61,LOCKED,36.5966,0.0000,0.0000,0.0000,0.9512,0.00,1,classical
2026-08-24T02:03:41,60.61,LOCKED,37.0951,0.0000,0.0000,0.0000,0.9505,0.00,1,classical
2026-08-24T02:03:42,60.61,LOCKED,37.1311,0.0000,0.0000,0.0000,0.9505,0.00,1,classical
2026-08-24T02:03:43,60.24,LOCKED,36.5725,0.0000,0.0000,0.0000,0.9512,0.00,1,classical
2026-08-24T02:03:44,60.98,LOCKED,35.9642,0.0000,0.0000,0.0000,0.9520,0.00,1,classical
2026-08-24T02:03:45,59.88,LOCKED,35.9285,0.0000,0.0000,0.0000,0.9521,0.00,1,classical
2026-08-24T02:03:46,59.88,LOCKED,35.9095,0.0000,0.0000,0.0000,0.9521,0.00,1,classical
2026-08-24T02:03:47,59.88,LOCKED,36.6769,0.0000,0.0000,0.0000,0.9511,0.00,1,classical
2026-08-24T02:03:48,59.88,LOCKED,36.8376,0.0000,0.0000,0.0000,0.9509,0.00,1,classical
2026-08-24T02:03:49,59.88,LOCKED,37.2227,0.0000,0.0000,0.0000,0.9504,0.00,1,classical
2026-08-24T02:03:50,59.88,LOCKED,37.0943,0.0000,0.0000,0.0000,0.9505,0.00,1,classical
2026-08-24T02:03:51,59.88,LOCKED,36.4533,0.0000,0.0000,0.0000,0.9514,0.00,1,classical
2026-08-24T02:03:52,59.52,LOCKED,36.2274,0.0000,0.0000,0.0000,0.9517,0.00,1,classical
2026-08-24T02:03:53,60.24,LOCKED,35.8211,0.0000,0.0000,0.0000,0.9522,0.00,1,classical
2026-08-24T02:03:54,60.98,LOCKED,36.2421,0.0000,0.0000,0.0000,0.9517,0.00,1,classical
2026-08-24T02:03:55,60.61,LOCKED,36.5356,0.0000,0.0000,0.0000,0.9513,0.00,1,classical
2026-08-24T02:03:56,60.61,LOCKED,37.0607,0.0000,0.0000,0.0000,0.9506,0.00,1,classical
2026-08-24T02:03:57,60.24,LOCKED,37.2135,0.0000,0.0000,0.0000,0.9504,0.00,1,classical
2026-08-24T02:03:58,60.24,LOCKED,36.9760,0.0000,0.0000,0.0000,0.9507,0.00,1,classical
2026-08-24T02:03:59,61.35,LOCKED,36.2884,0.0000,0.0000,0.0000,0.9516,0.00,1,classical
2026-08-24T02:04:00,60.61,LOCKED,35.8849,0.0000,0.0000,0.0000,0.9522,0.00,1,classical
2026-08-24T02:04:01,61.35,LOCKED,35.8488,0.0000,0.0000,0.0000,0.9522,0.00,1,classical
2026-08-24T02:04:02,60.24,LOCKED,35.8460,0.0000,0.0000,0.0000,0.9522,0.00,1,classical
2026-08-24T02:04:03,59.88,LOCKED,36.9226,0.0000,0.0000,0.0000,0.9508,0.00,1,classical
2026-08-24T02:04:04,60.61,LOCKED,37.1253,0.0000,0.0000,0.0000,0.9505,0.00,1,classical
2026-08-24T02:04:05,59.88,LOCKED,37.1152,0.0000,0.0000,0.0000,0.9505,0.00,1,classical
2026-08-24T02:04:06,60.61,LOCKED,36.6424,0.0000,0.0000,0.0000,0.9511,0.00,1,classical
2026-08-24T02:04:07,60.61,LOCKED,36.2349,0.0000,0.0000,0.0000,0.9517,0.00,1,classical
2026-08-24T02:04:08,60.24,LOCKED,35.9063,0.0000,0.0000,0.0000,0.9521,0.00,1,classical
2026-08-24T02:04:09,61.73,LOCKED,35.6204,0.0000,0.0000,0.0000,0.9525,0.00,1,classical
2026-08-24T02:04:10,60.98,LOCKED,36.2735,0.0000,0.0000,0.0000,0.9516,0.00,1,classical
2026-08-24T02:04:11,61.35,LOCKED,36.7064,0.0000,0.0000,0.0000,0.9511,0.00,1,classical
2026-08-24T02:04:12,59.52,LOCKED,37.3828,0.0000,0.0000,0.0000,0.9502,0.00,1,classical
2026-08-24T02:04:13,60.98,LOCKED,37.0241,0.0000,0.0000,0.0000,0.9506,0.00,1,classical
2026-08-24T02:04:14,60.24,LOCKED,36.7160,0.0000,0.0000,0.0000,0.9510,0.00,1,classical
2026-08-24T02:04:15,60.61,LOCKED,36.2313,0.0000,0.0000,0.0000,0.9517,0.00,1,classical
2026-08-24T02:04:16,60.98,LOCKED,35.6511,0.0000,0.0000,0.0000,0.9525,0.00,1,classical
2026-08-24T02:04:17,59.52,LOCKED,36.0539,0.0000,0.0000,0.0000,0.9519,0.00,1,classical
2026-08-24T02:04:18,61.35,LOCKED,36.1815,0.0000,0.0000,0.0000,0.9518,0.00,1,classical
2026-08-24T02:04:19,60.61,LOCKED,37.2172,0.0000,0.0000,0.0000,0.9504,0.00,1,classical
2026-08-24T02:04:20,60.98,LOCKED,37.1834,0.0000,0.0000,0.0000,0.9504,0.00,1,classical
2026-08-24T02:04:21,60.98,LOCKED,36.8105,0.0000,0.0000,0.0000,0.9509,0.00,1,classical
2026-08-24T02:04:22,60.61,LOCKED,36.5433,0.0000,0.0000,0.0000,0.9513,0.00,1,classical
2026-08-24T02:04:23,60.61,LOCKED,35.9916,0.0000,0.0000,0.0000,0.9520,0.00,1,classical
2026-08-24T02:04:24,60.61,LOCKED,35.6962,0.0000,0.0000,0.0000,0.9524,0.00,1,classical
2026-08-24T02:04:25,59.52,LOCKED,36.1807,0.0000,0.0000,0.0000,0.9518,0.00,1,classical
2026-08-24T02:04:26,60.61,LOCKED,36.4482,0.0000,0.0000,0.0000,0.9514,0.00,1,classical
2026-08-24T02:04:27,60.61,LOCKED,37.0119,0.0000,0.0000,0.0000,0.9507,0.00,1,classical
2026-08-24T02:04:28,60.98,LOCKED,37.1445,0.0000,0.0000,0.0000,0.9505,0.00,1,classical
2026-08-24T02:04:29,59.17,LOCKED,37.1787,0.0000,0.0000,0.0000,0.9504,0.00,1,classical
2026-08-24T02:04:30,60.24,LOCKED,36.4474,0.0000,0.0000,0.0000,0.9514,0.00,1,classical
2026-08-24T02:04:31,61.35,LOCKED,35.7030,0.0000,0.0000,0.0000,0.9524,0.00,1,classical
2026-08-24T02:04:32,59.88,LOCKED,36.0174,0.0000,0.0000,0.0000,0.9520,0.00,1,classical
2026-08-24T02:04:33,60.24,LOCKED,36.1894,0.0000,0.0000,0.0000,0.9517,0.00,1,classical
2026-08-24T02:04:34,60.24,LOCKED,36.5237,0.0000,0.0000,0.0000,0.9513,0.00,1,classical
2026-08-24T02:04:35,58.82,LOCKED,37.1521,0.0000,0.0000,0.0000,0.9505,0.00,1,classical
2026-08-24T02:04:36,58.82,LOCKED,37.1888,0.0000,0.0000,0.0000,0.9504,0.00,1,classical
2026-08-24T02:04:37,60.24,LOCKED,36.7438,0.0000,0.0000,0.0000,0.9510,0.00,1,classical
2026-08-24T02:04:38,61.35,LOCKED,36.0010,0.0000,0.0000,0.0000,0.9520,0.00,1,classical
2026-08-24T02:04:39,59.52,LOCKED,36.2200,0.0000,0.0000,0.0000,0.9517,0.00,1,classical
2026-08-24T02:04:40,60.24,LOCKED,35.8976,0.0000,0.0000,0.0000,0.9521,0.00,1,classical
2026-08-24T02:04:41,59.88,LOCKED,36.3290,0.0000,0.0000,0.0000,0.9516,0.00,1,classical
2026-08-24T02:04:42,59.52,LOCKED,36.9511,0.0000,0.0000,0.0000,0.9507,0.00,1,classical
2026-08-24T02:04:43,62.50,LOCKED,36.9368,0.0000,0.0000,0.0000,0.9508,0.00,1,classical
2026-08-24T02:04:44,60.24,LOCKED,37.3595,0.0000,0.0000,0.0000,0.9502,0.00,1,classical
2026-08-24T02:04:45,60.24,LOCKED,36.7391,0.0000,0.0000,0.0000,0.9510,0.00,1,classical
2026-08-24T02:04:46,60.61,LOCKED,36.1002,0.0000,0.0000,0.0000,0.9519,0.00,1,classical
2026-08-24T02:04:47,60.98,LOCKED,35.7635,0.0000,0.0000,0.0000,0.9523,0.00,1,classical
2026-08-24T02:04:48,60.24,LOCKED,35.9504,0.0000,0.0000,0.0000,0.9521,0.00,1,classical
2026-08-24T02:04:49,60.98,LOCKED,36.2630,0.0000,0.0000,0.0000,0.9516,0.00,1,classical
2026-08-24T02:04:50,60.61,LOCKED,36.9058,0.0000,0.0000,0.0000,0.9508,0.00,1,classical
2026-08-24T02:04:51,60.24,LOCKED,37.2051,0.0000,0.0000,0.0000,0.9504,0.00,1,classical
2026-08-24T02:04:52,60.24,LOCKED,36.9271,0.0000,0.0000,0.0000,0.9508,0.00,1,classical
2026-08-24T02:04:53,59.17,LOCKED,36.7501,0.0000,0.0000,0.0000,0.9510,0.00,1,classical
2026-08-24T02:04:54,59.52,LOCKED,36.0399,0.0000,0.0000,0.0000,0.9519,0.00,1,classical
2026-08-24T02:04:55,60.61,LOCKED,35.7633,0.0000,0.0000,0.0000,0.9523,0.00,1,classical
2026-08-24T02:04:56,60.98,LOCKED,36.1123,0.0000,0.0000,0.0000,0.9519,0.00,1,classical
2026-08-24T02:04:57,59.88,LOCKED,36.5173,0.0000,0.0000,0.0000,0.9513,0.00,1,classical
2026-08-24T02:04:58,62.11,LOCKED,36.4696,0.0000,0.0000,0.0000,0.9514,0.00,1,classical
2026-08-24T02:04:59,60.61,LOCKED,37.3808,0.0000,0.0000,0.0000,0.9502,0.00,1,classical
2026-08-24T02:05:00,60.24,LOCKED,37.1199,0.0000,0.0000,0.0000,0.9505,0.00,1,classical
2026-08-24T02:05:01,60.98,LOCKED,36.4852,0.0000,0.0000,0.0000,0.9514,0.00,1,classical
2026-08-24T02:05:02,60.98,LOCKED,35.9503,0.0000,0.0000,0.0000,0.9521,0.00,1,classical
2026-08-24T02:05:03,61.35,LOCKED,35.7184,0.0000,0.0000,0.0000,0.9524,0.00,1,classical
2026-08-24T02:05:04,60.98,LOCKED,35.3163,0.0000,0.0000,0.0000,0.9529,0.00,1,classical
2026-08-24T02:05:05,60.61,LOCKED,36.4277,0.0000,0.0000,0.0000,0.9514,0.00,1,classical
2026-08-24T02:05:06,59.52,LOCKED,37.1854,0.0000,0.0000,0.0000,0.9504,0.00,1,classical
2026-08-24T02:05:07,60.24,LOCKED,37.2683,0.0000,0.0000,0.0000,0.9503,0.00,1,classical
2026-08-24T02:05:08,60.61,LOCKED,36.9055,0.0000,0.0000,0.0000,0.9508,0.00,1,classical
2026-08-24T02:05:09,60.61,LOCKED,36.3196,0.0000,0.0000,0.0000,0.9516,0.00,1,classical
2026-08-24T02:05:10,60.61,LOCKED,36.0896,0.0000,0.0000,0.0000,0.9519,0.00,1,classical
2026-08-24T02:05:11,60.61,LOCKED,35.7111,0.0000,0.0000,0.0000,0.9524,0.00,1,classical
2026-08-24T02:05:12,62.11,LOCKED,35.9320,0.0000,0.0000,0.0000,0.9521,0.00,1,classical
2026-08-24T02:05:13,60.98,LOCKED,36.6934,0.0000,0.0000,0.0000,0.9511,0.00,1,classical
2026-08-24T02:05:14,59.17,LOCKED,37.4331,0.0000,0.0000,0.0000,0.9501,0.00,1,classical
2026-08-24T02:05:15,27.47,LOCKED,51.1244,0.0000,0.0000,0.0000,0.9318,0.00,1,classical
2026-08-24T02:05:16,31.25,LOCKED,26.3724,0.0000,0.0000,0.0000,0.9648,0.00,1,classical
2026-08-24T02:05:17,59.52,LOCKED,29.7307,0.0000,0.0000,0.0000,0.9604,0.00,1,classical
2026-08-24T02:05:18,59.88,LOCKED,35.4454,0.0000,0.0000,0.0000,0.9527,0.00,1,classical
2026-08-24T02:05:19,60.24,LOCKED,35.2886,0.0000,0.0000,0.0000,0.9529,0.00,1,classical
2026-08-24T02:05:20,61.35,LOCKED,35.7094,0.0000,0.0000,0.0000,0.9524,0.00,1,classical
2026-08-24T02:05:21,60.24,LOCKED,36.8127,0.0000,0.0000,0.0000,0.9509,0.00,1,classical
2026-08-24T02:05:22,59.88,LOCKED,37.2201,0.0000,0.0000,0.0000,0.9504,0.00,1,classical
2026-08-24T02:05:23,59.17,LOCKED,37.2283,0.0000,0.0000,0.0000,0.9504,0.00,1,classical
2026-08-24T02:05:24,59.88,LOCKED,36.6675,0.0000,0.0000,0.0000,0.9511,0.00,1,classical
2026-08-24T02:05:25,60.61,LOCKED,36.3927,0.0000,0.0000,0.0000,0.9515,0.00,1,classical
2026-08-24T02:05:26,60.98,LOCKED,35.6392,0.0000,0.0000,0.0000,0.9525,0.00,1,classical
2026-08-24T02:05:27,61.35,LOCKED,35.7438,0.0000,0.0000,0.0000,0.9523,0.00,1,classical
2026-08-24T02:05:29,60.61,LOCKED,36.4643,0.0000,0.0000,0.0000,0.9514,0.00,1,classical
2026-08-24T02:05:30,60.61,LOCKED,36.9355,0.0000,0.0000,0.0000,0.9508,0.00,1,classical
2026-08-24T02:05:31,60.24,LOCKED,37.1282,0.0000,0.0000,0.0000,0.9505,0.00,1,classical
2026-08-24T02:05:32,60.98,LOCKED,36.8483,0.0000,0.0000,0.0000,0.9509,0.00,1,classical
2026-08-24T02:05:33,59.88,LOCKED,36.9665,0.0000,0.0000,0.0000,0.9507,0.00,1,classical
2026-08-24T02:05:34,59.52,LOCKED,35.9598,0.0000,0.0000,0.0000,0.9521,0.00,1,classical
2026-08-24T02:05:35,59.17,LOCKED,36.0046,0.0000,0.0000,0.0000,0.9520,0.00,1,classical
2026-08-24T02:05:36,60.98,LOCKED,35.8361,0.0000,0.0000,0.0000,0.9522,0.00,1,classical
2026-08-24T02:05:37,59.88,LOCKED,36.3945,0.0000,0.0000,0.0000,0.9515,0.00,1,classical
2026-08-24T02:05:38,60.61,LOCKED,36.9000,0.0000,0.0000,0.0000,0.9508,0.00,1,classical
2026-08-24T02:05:39,61.35,LOCKED,36.9540,0.0000,0.0000,0.0000,0.9507,0.00,1,classical
2026-08-24T02:05:40,60.24,LOCKED,37.0684,0.0000,0.0000,0.0000,0.9506,0.00,1,classical
2026-08-24T02:05:41,61.35,LOCKED,36.4245,0.0000,0.0000,0.0000,0.9514,0.00,1,classical
2026-08-24T02:05:42,60.61,LOCKED,36.0142,0.0000,0.0000,0.0000,0.9520,0.00,1,classical
2026-08-24T02:05:43,61.35,LOCKED,35.7324,0.0000,0.0000,0.0000,0.9524,0.00,1,classical
2026-08-24T02:05:44,60.98,LOCKED,35.9623,0.0000,0.0000,0.0000,0.9521,0.00,1,classical
2026-08-24T02:05:45,60.98,LOCKED,36.5697,0.0000,0.0000,0.0000,0.9512,0.00,1,classical
2026-08-24T02:05:46,60.61,LOCKED,37.0462,0.0000,0.0000,0.0000,0.9506,0.00,1,classical
2026-08-24T02:05:47,60.24,LOCKED,37.2825,0.0000,0.0000,0.0000,0.9503,0.00,1,classical
2026-08-24T02:05:48,60.98,LOCKED,36.9691,0.0000,0.0000,0.0000,0.9507,0.00,1,classical
2026-08-24T02:05:49,59.52,LOCKED,36.6474,0.0000,0.0000,0.0000,0.9511,0.00,1,classical
2026-08-24T02:05:50,60.61,LOCKED,35.7204,0.0000,0.0000,0.0000,0.9524,0.00,1,classical
2026-08-24T02:05:51,59.88,LOCKED,35.7198,0.0000,0.0000,0.0000,0.9524,0.00,1,classical
2026-08-24T02:05:52,60.61,LOCKED,36.1497,0.0000,0.0000,0.0000,0.9518,0.00,1,classical
2026-08-24T02:05:53,59.52,LOCKED,36.5983,0.0000,0.0000,0.0000,0.9512,0.00,1,classical
2026-08-24T02:05:54,59.88,LOCKED,37.2330,0.0000,0.0000,0.0000,0.9504,0.00,1,classical
2026-08-24T02:05:55,60.98,LOCKED,37.1966,0.0000,0.0000,0.0000,0.9504,0.00,1,classical
2026-08-24T02:05:56,60.24,LOCKED,36.7973,0.0000,0.0000,0.0000,0.9509,0.00,1,classical
2026-08-24T02:05:57,60.24,LOCKED,36.3812,0.0000,0.0000,0.0000,0.9515,0.00,1,classical
2026-08-24T02:05:58,59.88,LOCKED,35.9703,0.0000,0.0000,0.0000,0.9520,0.00,1,classical
2026-08-24T02:05:59,59.88,LOCKED,35.9869,0.0000,0.0000,0.0000,0.9520,0.00,1,classical
2026-08-24T02:06:00,60.24,LOCKED,36.2190,0.0000,0.0000,0.0000,0.9517,0.00,1,classical
2026-08-24T02:06:01,60.61,LOCKED,36.8522,0.0000,0.0000,0.0000,0.9509,0.00,1,classical
2026-08-24T02:06:02,59.88,LOCKED,37.3974,0.0000,0.0000,0.0000,0.9501,0.00,1,classical
2026-08-24T02:06:03,60.24,LOCKED,37.0694,0.0000,0.0000,0.0000,0.9506,0.00,1,classical
2026-08-24T02:06:04,59.52,LOCKED,36.8240,0.0000,0.0000,0.0000,0.9509,0.00,1,classical
2026-08-24T02:06:05,60.24,LOCKED,35.9967,0.0000,0.0000,0.0000,0.9520,0.00,1,classical
2026-08-24T02:06:06,61.73,LOCKED,35.5486,0.0000,0.0000,0.0000,0.9526,0.00,1,classical
2026-08-24T02:06:07,60.61,LOCKED,36.1022,0.0000,0.0000,0.0000,0.9519,0.00,1,classical
