timestamp,fps,tracking_state,pixel_error,turbulence_strength,vibration_amplitude,sensor_noise_level,link_readiness_score,cumulative_lost_seconds,reacquisition_count,active_detector
2026-08-24T10:30:32,60.61,LOCKED,6.6090,0.0000,0.0000,0.0000,0.8900,0.00,1,classical
2026-08-24T10:30:33,60.24,LOCKED,24.6587,0.0000,0.0000,0.0000,0.8900,0.00,1,classical
2026-08-24T10:30:34,60.98,LOCKED,34.6009,0.0000,0.0000,0.0000,0.8900,0.00,1,classical
2026-08-24T10:30:35,62.11,LOCKED,35.4157,0.0000,0.0000,0.0000,0.8900,0.00,1,classical
2026-08-24T10:30:36,59.88,LOCKED,36.9262,0.0000,0.0000,0.0000,0.8900,0.00,1,classical
2026-08-24T10:30:37,60.61,LOCKED,37.2938,0.0000,0.0000,0.0000,0.8900,0.00,1,classical
2026-08-24T10:30:38,60.61,LOCKED,36.7840,0.0000,0.0000,0.0000,0.8900,0.00,1,classical
2026-08-24T10:30:39,60.24,LOCKED,36.4336,0.0000,0.0000,0.0000,0.8900,0.00,1,classical
2026-08-24T10:30:40,59.88,LOCKED,36.0733,0.0000,0.0000,0.0000,0.8900,0.00,1,classical
2026-08-24T10:30:41,59.52,LOCKED,35.9699,0.0000,0.0000,0.0000,0.8900,0.00,1,classical
2026-08-24T10:30:42,60.61,LOCKED,35.9796,0.0000,0.0000,0.0000,0.8900,0.00,1,classical
2026-08-24T10:30:43,60.24,LOCKED,36.7243,0.0000,0.0000,0.0000,0.8900,0.00,1,classical
2026-08-24T10:30:44,59.17,LOCKED,37.4799,0.0000,0.0000,0.0000,0.8900,0.00,1,classical
2026-08-24T10:30:45,59.88,LOCKED,37.1254,0.0000,0.0000,0.0000,0.8900,0.00,1,classical
2026-08-24T10:30:46,60.24,LOCKED,36.8686,0.0000,0.0000,0.0000,0.8900,0.00,1,classical
2026-08-24T10:30:47,60.24,LOCKED,36.1633,0.0000,0.0000,0.0000,0.8900,0.00,1,classical
2026-08-24T10:30:48,58.48,LOCKED,36.2679,0.0000,0.0000,0.0000,0.8900,0.00,1,classical
2026-08-24T10:30:49,59.88,LOCKED,35.8521,0.0000,0.0000,0.0000,0.8900,0.00,1,classical
2026-08-24T10:30:50,61.73,LOCKED,36.0722,0.0000,0.0000,0.0000,0.8900,0.00,1,classical
2026-08-24T10:30:51,58.82,LOCKED,37.1309,0.0000,0.0000,0.0000,0.8900,0.00,1,classical
2026-08-24T10:30:52,61.35,LOCKED,37.0330,0.0000,0.0000,0.0000,0.8900,0.00,1,classical
2026-08-24T10:30:53,60.98,LOCKED,37.2519,0.0000,0.0000,0.0000,0.8900,0.00,1,classical
2026-08-24T10:30:54,59.17,LOCKED,36.8693,0.0000,0.0000,0.0000,0.8900,0.00,1,classical
2026-08-24T10:30:55,60.98,LOCKED,36.1035,0.0000,0.0000,0.0000,0.8900,0.00,1,classical
2026-08-24T10:30:56,60.98,LOCKED,35.6843,0.0000,0.0000,0.0000,0.8900,0.00,1,classical
2026-08-24T10:30:57,59.88,LOCKED,35.9654,0.0000,0.0000,0.0000,0.8900,0.00,1,classical
2026-08-24T10:30:58,59.88,LOCKED,36.3144,0.0000,0.0000,0.0000,0.8900,0.00,1,classical
2026-08-24T10:30:59,60.61,LOCKED,36.8926,0.0000,0.0000,0.0000,0.8900,0.00,1,classical
2026-08-24T10:31:00,60.98,LOCKED,37.1686,0.0000,0.0000,0.0000,0.8900,0.00,1,classical
2026-08-24T10:31:01,59.52,LOCKED,37.3001,0.0000,0.0000,0.0000,0.8900,0.00,1,classical
2026-08-24T10:31:02,60.98,LOCKED,36.4509,0.0000,0.0000,0.0000,0.8900,0.00,1,classical
2026-08-24T10:31:03,61.35,LOCKED,35.9428,0.0000,0.0000,0.0000,0.8900,0.00,1,classical
2026-08-24T10:31:04,60.98,LOCKED,35.7351,0.0000,0.0000,0.0000,0.8900,0.00,1,classical
2026-08-24T10:31:05,59.88,LOCKED,35.9957,0.0000,0.0000,0.0000,0.8900,0.00,1,classical
2026-08-24T10:31:06,61.73,LOCKED,36.2989,0.0000,0.0000,0.0000,0.8900,0.00,1,classical
2026-08-24T10:31:07,61.35,LOCKED,37.0313,0.0000,0.0000,0.0000,0.8900,0.00,1,classical
2026-08-24T10:31:08,60.61,LOCKED,37.1756,0.0000,0.0000,0.0000,0.8900,0.00,1,classical
2026-08-24T10:31:09,59.17,LOCKED,37.0232,0.0000,0.0000,0.0000,0.8900,0.00,1,classical
2026-08-24T10:31:10,60.24,LOCKED,36.4005,0.0000,0.0000,0.0000,0.8900,0.00,1,classical
2026-08-24T10:31:11,60.24,LOCKED,35.9841,0.0000,0.0000,0.0000,0.8900,0.00,1,classical
2026-08-24T10:31:12,60.24,LOCKED,35.7274,0.0000,0.0000,0.0000,0.8900,0.00,1,classical
2026-08-24T10:31:13,60.24,LOCKED,36.1295,0.0000,0.0000,0.0000,0.8900,0.00,1,classical
2026-08-24T10:31:14,60.61,LOCKED,36.6917,0.0000,0.0000,0.0000,0.8900,0.00,1,classical
2026-08-24T10:31:15,60.98,LOCKED,37.0570,0.0000,0.0000,0.0000,0.8899,0.00,1,classical
2026-08-24T10:31:16,59.52,LOCKED,37.1848,0.0000,0.0000,0.0000,0.8900,0.00,1,classical
2026-08-24T10:31:17,60.61,LOCKED,36.9518,0.0000,0.0000,0.0000,0.8900,0.00,1,classical
2026-08-24T10:31:18,60.98,LOCKED,36.2768,0.0000,0.0000,0.0000,0.8900,0.00,1,classical
2026-08-24T10:31:19,60.24,LOCKED,36.0171,0.0000,0.0000,0.0000,0.8900,0.00,1,classical
2026-08-24T10:31:20,59.88,LOCKED,35.9912,0.0000,0.0000,0.0000,0.8900,0.00,1,classical
2026-08-24T10:31:21,60.24,LOCKED,36.0863,0.0000,0.0000,0.0000,0.8900,0.00,1,classical
2026-08-24T10:31:22,60.24,LOCKED,36.8094,0.0000,0.0000,0.0000,0.8900,0.00,1,classical
2026-08-24T10:31:23,60.61,LOCKED,37.1535,0.0000,0.0000,0.0000,0.8900,0.00,1,classical
2026-08-24T10:31:24,59.17,LOCKED,37.1337,0.0000,0.0000,0.0000,0.8900,0.00,1,classical
2026-08-24T10:31:25,59.88,LOCKED,36.9601,0.0000,0.0000,0.0000,0.8900,0.00,1,classical
2026-08-24T10:31:26,61.35,LOCKED,36.0998,0.0000,0.0000,0.0000,0.8900,0.00,1,classical
2026-08-24T10:31:27,59.88,LOCKED,35.7847,0.0000,0.0000,0.0000,0.8900,0.00,1,classical
2026-08-24T10:31:28,57.47,LOCKED,36.0478,0.0000,0.0000,0.0000,0.8900,0.00,1,classical
2026-08-24T10:31:29,59.88,LOCKED,36.2180,0.0000,0.0000,0.0000,0.8899,0.00,1,classical
2026-08-24T10:31:30,60.24,LOCKED,36.7686,0.0000,0.0000,0.0000,0.8900,0.00,1,classical
2026-08-24T10:31:31,59.52,LOCKED,37.2994,0.0000,0.0000,0.0000,0.8900,0.00,1,classical
2026-08-24T10:31:32,60.98,LOCKED,37.1344,0.0000,0.0000,0.0000,0.8900,0.00,1,classical
2026-08-24T10:31:33,59.88,LOCKED,36.6684,0.0000,0.0000,0.0000,0.8900,0.00,1,classical
2026-08-24T10:31:34,60.98,LOCKED,36.1297,0.0000,0.0000,0.0000,0.8899,0.00,1,classical
2026-08-24T10:31:35,61.35,LOCKED,35.5916,0.0000,0.0000,0.0000,0.8900,0.00,1,classical
2026-08-24T10:31:36,60.24,LOCKED,36.1303,0.0000,0.0000,0.0000,0.8900,0.00,1,classical
2026-08-24T10:31:37,59.52,LOCKED,36.5251,0.0000,0.0000,0.0000,0.8900,0.00,1,classical
2026-08-24T10:31:39,59.88,LOCKED,37.0448,0.0000,0.0000,0.0000,0.8899,0.00,1,classical
2026-08-24T10:31:40,59.52,LOCKED,37.1646,0.0000,0.0000,0.0000,0.8900,0.00,1,classical
2026-08-24T10:31:41,61.35,LOCKED,36.8089,0.0000,0.0000,0.0000,0.8900,0.00,1,classical
2026-08-24T10:31:42,60.98,LOCKED,36.3539,0.0000,0.0000,0.0000,0.8900,0.00,1,classical
2026-08-24T10:31:43,60.24,LOCKED,36.1584,0.0000,0.0000,0.0000,0.8900,0.00,1,classical
2026-08-24T10:31:44,59.88,LOCKED,35.7786,0.0000,0.0000,0.0000,0.8900,0.00,1,classical
2026-08-24T10:31:45,60.61,LOCKED,35.9004,0.0000,0.0000,0.0000,0.8900,0.00,1,classical
2026-08-24T10:31:46,59.88,LOCKED,36.5090,0.0000,0.0000,0.0000,0.8900,0.00,1,classical
2026-08-24T10:31:47,59.88,LOCKED,37.3092,0.0000,0.0000,0.0000,0.8899,0.00,1,classical
2026-08-24T10:31:48,60.98,LOCKED,37.0920,0.0000,0.0000,0.0000,0.8900,0.00,1,classical
2026-08-24T10:31:49,59.88,LOCKED,36.9145,0.0000,0.0000,0.0000,0.8900,0.00,1,classical
2026-08-24T10:31:50,60.24,LOCKED,36.5694,0.0000,0.0000,0.0000,0.8900,0.00,1,classical
2026-08-24T10:31:51,60.98,LOCKED,35.8745,0.0000,0.0000,0.0000,0.8900,0.00,1,classical
2026-08-24T10:31:52,60.24,LOCKED,35.9851,0.0000,0.0000,0.0000,0.8899,0.00,1,classical
2026-08-24T10:31:53,59.88,LOCKED,36.1060,0.0000,0.0000,0.0000,0.8900,0.00,1,classical
2026-08-24T10:31:54,59.88,LOCKED,36.6151,0.0000,0.0000,0.0000,0.8900,0.00,1,classical
2026-08-24T10:31:55,60.61,LOCKED,37.1055,0.0000,0.0000,0.0000,0.8900,0.00,1,classical
2026-08-24T10:31:56,60.98,LOCKED,37.2687,0.0000,0.0000,0.0000,0.8900,0.00,1,classical
2026-08-24T10:31:57,59.88,LOCKED,36.7903,0.0000,0.0000,0.0000,0.8900,0.00,1,classical
2026-08-24T10:31:58,60.61,LOCKED,36.2237,0.0000,0.0000,0.0000,0.8900,0.00,1,classical
2026-08-24T10:31:59,60.24,LOCKED,35.8968,0.0000,0.0000,0.0000,0.8899,0.00,1,classical
2026-08-24T10:32:00,61.35,LOCKED,35.6889,0.0000,0.0000,0.0000,0.8900,0.00,1,classical
2026-08-24T10:32:01,59.52,LOCKED,36.3096,0.0000,0.0000,0.0000,0.8900,0.00,1,classical
2026-08-24T10:32:02,60.61,LOCKED,36.7266,0.0000,0.0000,0.0000,0.8899,0.00,1,classical
2026-08-24T10:32:03,60.98,LOCKED,37.0487,0.0000,0.0000,0.0000,0.8900,0.00,1,classical
2026-08-24T10:32:04,60.98,LOCKED,37.0777,0.0000,0.0000,0.0000,0.8900,0.00,1,classical
2026-08-24T10:32:05,59.88,LOCKED,36.7038,0.0000,0.0000,0.0000,0.8900,0.00,1,classical
2026-08-24T10:32:06,60.61,LOCKED,36.1836,0.0000,0.0000,0.0000,0.8900,0.00,1,classical
2026-08-24T10:32:07,60.24,LOCKED,35.8144,0.0000,0.0000,0.0000,0.8900,0.00,1,classical
2026-08-24T10:32:08,60.24,LOCKED,35.8769,0.0000,0.0000,0.0000,0.8899,0.00,1,classical
2026-08-24T10:32:09,59.88,LOCKED,36.4903,0.0000,0.0000,0.0000,0.8900,0.00,1,classical
2026-08-24T10:32:10,60.24,LOCKED,36.9844,0.0000,0.0000,0.0000,0.8900,0.00,1,classical
2026-08-24T10:32:11,60.24,LOCKED,36.9992,0.0000,0.0000,0.0000,0.8900,0.00,1,classical
2026-08-24T10:32:12,60.24,LOCKED,36.9884,0.0000,0.0000,0.0000,0.8900,0.00,1,classical
2026-08-24T10:32:13,61.35,LOCKED,36.5414,0.0000,0.0000,0.0000,0.8900,0.00,1,classical
2026-08-24T10:32:14,61.35,LOCKED,35.9872,0.0000,0.0000,0.0000,0.8900,0.00,1,classical
2026-08-24T10:32:15,59.52,LOCKED,36.0165,0.0000,0.0000,0.0000,0.8900,0.00,1,classical
2026-08-24T10:32:16,59.88,LOCKED,35.9549,0.0000,0.0000,0.0000,0.8900,0.00,1,classical
2026-08-24T10:32:17,59.88,LOCKED,36.3492,0.0000,0.0000,0.0000,0.8900,0.00,1,classical
2026-08-24T10:32:18,60.61,LOCKED,37.2485,0.0000,0.0000,0.0000,0.8900,0.00,1,classical
2026-08-24T10:32:19,60.61,LOCKED,37.1395,0.0000,0.0000,0.0000,0.8900,0.00,1,classical
2026-08-24T10:32:20,60.24,LOCKED,36.9131,0.0000,0.0000,0.0000,0.8900,0.00,1,classical
2026-08-24T10:32:21,59.52,LOCKED,36.7774,0.0000,0.0000,0.0000,0.8900,0.00,1,classical
2026-08-24T10:32:22,59.52,LOCKED,35.7247,0.0000,0.0000,0.0000,0.8900,0.00,1,classical
2026-08-24T10:32:23,60.24,LOCKED,36.0326,0.0000,0.0000,0.0000,0.8900,0.00,1,classical
2026-08-24T10:32:24,60.24,LOCKED,36.2067,0.0000,0.0000,0.0000,0.8900,0.00,1,classical
2026-08-24T10:32:25,60.24,LOCKED,36.4663,0.0000,0.0000,0.0000,0.8900,0.00,1,classical
2026-08-24T10:32:26,58.82,LOCKED,37.2142,0.0000,0.0000,0.0000,0.8900,0.00,1,classical
2026-08-24T10:32:27,60.61,LOCKED,37.0574,0.0000,0.0000,0.0000,0.8900,0.00,1,classical
2026-08-24T10:32:28,59.88,LOCKED,36.9488,0.0000,0.0000,0.0000,0.8900,0.00,1,classical
2026-08-24T10:32:29,60.24,LOCKED,36.4805,0.0000,0.0000,0.0000,0.8900,0.00,1,classical
2026-08-24T10:32:30,59.88,LOCKED,35.9684,0.0000,0.0000,0.0000,0.8900,0.00,1,classical
2026-08-24T10:32:31,59.17,LOCKED,36.0128,0.0000,0.0000,0.0000,0.8900,0.00,1,classical
2026-08-24T10:32:32,60.98,LOCKED,36.1557,0.0000,0.0000,0.0000,0.8900,0.00,1,classical
2026-08-24T10:32:33,60.24,LOCKED,37.2181,0.0000,0.0000,0.0000,0.8900,0.00,1,classical
2026-08-24T10:32:34,60.98,LOCKED,37.0280,0.0000,0.0000,0.0000,0.8900,0.00,1,classical
2026-08-24T10:32:35,59.88,LOCKED,37.4175,0.0000,0.0000,0.0000,0.8900,0.00,1,classical
2026-08-24T10:32:36,60.61,LOCKED,36.8638,0.0000,0.0000,0.0000,0.8900,0.00,1,classical
2026-08-24T10:32:37,60.98,LOCKED,36.1008,0.0000,0.0000,0.0000,0.8900,0.00,1,classical
2026-08-24T10:32:38,61.73,LOCKED,35.7559,0.0000,0.0000,0.0000,0.8900,0.00,1,classical
2026-08-24T10:32:39,59.17,LOCKED,36.2201,0.0000,0.0000,0.0000,0.8900,0.00,1,classical
2026-08-24T10:32:40,59.52,LOCKED,36.4572,0.0000,0.0000,0.0000,0.8900,0.00,1,classical
2026-08-24T10:32:41,60.24,LOCKED,36.6858,0.0000,0.0000,0.0000,0.8900,0.00,1,classical
2026-08-24T10:32:42,59.52,LOCKED,37.3767,0.0000,0.0000,0.0000,0.8900,0.00,1,classical
2026-08-24T10:32:43,60.24,LOCKED,37.0037,0.0000,0.0000,0.0000,0.8900,0.00,1,classical
2026-08-24T10:32:44,61.73,LOCKED,36.5159,0.0000,0.0000,0.0000,0.8900,0.00,1,classical
2026-08-24T10:32:45,60.61,LOCKED,36.0591,0.0000,0.0000,0.0000,0.8900,0.00,1,classical
2026-08-24T10:32:46,60.61,LOCKED,35.8433,0.0000,0.0000,0.0000,0.8900,0.00,1,classical
2026-08-24T10:32:47,59.88,LOCKED,36.2495,0.0000,0.0000,0.0000,0.8900,0.00,1,classical
2026-08-24T10:32:48,59.88,LOCKED,36.5506,0.0000,0.0000,0.0000,0.8900,0.00,1,classical
2026-08-24T10:32:49,59.88,LOCKED,36.9528,0.0000,0.0000,0.0000,0.8900,0.00,1,classical
2026-08-24T10:32:50,60.24,LOCKED,37.1487,0.0000,0.0000,0.0000,0.8900,0.00,1,classical
2026-08-24T10:32:51,60.24,LOCKED,37.1815,0.0000,0.0000,0.0000,0.8900,0.00,1,classical
2026-08-24T10:32:52,60.24,LOCKED,36.5072,0.0000,0.0000,0.0000,0.8900,0.00,1,classical
2026-08-24T10:32:53,60.24,LOCKED,35.9224,0.0000,0.0000,0.0000,0.8899,0.00,1,classical
2026-08-24T10:32:54,60.61,LOCKED,35.8510,0.0000,0.0000,0.0000,0.8900,0.00,1,classical
2026-08-24T10:32:55,60.24,LOCKED,35.8658,0.0000,0.0000,0.0000,0.8900,0.00,1,classical
2026-08-24T10:32:56,60.98,LOCKED,36.5921,0.0000,0.0000,0.0000,0.8899,0.00,1,classical
2026-08-24T10:32:57,61.73,LOCKED,36.9252,0.0000,0.0000,0.0000,0.8900,0.00,1,classical
2026-08-24T10:32:58,60.98,LOCKED,37.2398,0.0000,0.0000,0.0000,0.8900,0.00,1,classical
2026-08-24T10:32:59,59.88,LOCKED,37.2998,0.0000,0.0000,0.0000,0.8900,0.00,1,classical
2026-08-24T10:33:00,61.35,LOCKED,36.3197,0.0000,0.0000,0.0000,0.8900,0.00,1,classical
2026-08-24T10:33:01,59.88,LOCKED,36.0529,0.0000,0.0000,0.0000,0.8900,0.00,1,classical
2026-08-24T10:33:02,60.24,LOCKED,36.0869,0.0000,0.0000,0.0000,0.8900,0.00,1,classical
2026-08-24T10:33:03,60.24,LOCKED,36.0755,0.0000,0.0000,0.0000,0.8900,0.00,1,classical
2026-08-24T10:33:04,60.24,LOCKED,36.7964,0.0000,0.0000,0.0000,0.8900,0.00,1,classical
2026-08-24T10:33:05,60.24,LOCKED,37.2448,0.0000,0.0000,0.0000,0.8900,0.00,1,classical
2026-08-24T10:33:06,59.52,LOCKED,37.4014,0.0000,0.0000,0.0000,0.8900,0.00,1,classical
2026-08-24T10:33:07,61.35,LOCKED,36.7531,0.0000,0.0000,0.0000,0.8900,0.00,1,classical
2026-08-24T10:33:08,59.88,LOCKED,36.5331,0.0000,0.0000,0.0000,0.8899,0.00,1,classical
2026-08-24T10:33:09,60.24,LOCKED,35.9277,0.0000,0.0000,0.0000,0.8900,0.00,1,classical
2026-08-24T10:33:10,60.24,LOCKED,35.9583,0.0000,0.0000,0.0000,0.8900,0.00,1,classical
2026-08-24T10:33:11,60.98,LOCKED,36.0425,0.0000,0.0000,0.0000,0.8900,0.00,1,classical
2026-08-24T10:33:12,60.98,LOCKED,36.7084,0.0000,0.0000,0.0000,0.8900,0.00,1,classical
2026-08-24T10:33:13,61.73,LOCKED,37.2729,0.0000,0.0000,0.0000,0.8900,0.00,1,classical
2026-08-24T10:33:14,60.61,LOCKED,37.0728,0.0000,0.0000,0.0000,0.8900,0.00,1,classical
2026-08-24T10:33:15,59.88,LOCKED,36.7781,0.0000,0.0000,0.0000,0.8900,0.00,1,classical
2026-08-24T10:33:16,59.88,LOCKED,36.2717,0.0000,0.0000,0.0000,0.8900,0.00,1,classical
2026-08-24T10:33:17,59.88,LOCKED,36.0700,0.0000,0.0000,0.0000,0.8900,0.00,1,classical
2026-08-24T10:33:18,60.61,LOCKED,35.6080,0.0000,0.0000,0.0000,0.8900,0.00,1,classical
2026-08-24T10:33:19,60.24,LOCKED,36.3331,0.0000,0.0000,0.0000,0.8900,0.00,1,classical
2026-08-24T10:33:20,60.61,LOCKED,36.9927,0.0000,0.0000,0.0000,0.8900,0.00,1,classical
2026-08-24T10:33:21,59.88,LOCKED,37.0972,0.0000,0.0000,0.0000,0.8900,0.00,1,classical
2026-08-24T10:33:22,60.61,LOCKED,37.0005,0.0000,0.0000,0.0000,0.8900,0.00,1,classical
2026-08-24T10:33:23,62.11,LOCKED,36.5748,0.0000,0.0000,0.0000,0.8900,0.00,1,classical
2026-08-24T10:33:24,60.61,LOCKED,36.1445,0.0000,0.0000,0.0000,0.8900,0.00,1,classical
2026-08-24T10:33:25,61.35,LOCKED,35.6305,0.0000,0.0000,0.0000,0.8900,0.00,1,classical
2026-08-24T10:33:26,59.88,LOCKED,35.9603,0.0000,0.0000,0.0000,0.8900,0.00,1,classical
2026-08-24T10:33:27,60.24,LOCKED,36.4879,0.0000,0.0000,0.0000,0.8900,0.00,1,classical
2026-08-24T10:33:28,59.88,LOCKED,37.1637,0.0000,0.0000,0.0000,0.8900,0.00,1,classical
2026-08-24T10:33:29,61.35,LOCKED,37.1922,0.0000,0.0000,0.0000,0.8900,0.00,1,classical
2026-08-24T10:33:31,60.24,LOCKED,37.2241,0.0000,0.0000,0.0000,0.8900,0.00,1,classical
2026-08-24T10:33:32,59.88,LOCKED,36.7629,0.0000,0.0000,0.0000,0.8900,0.00,1,classical
2026-08-24T10:33:33,59.52,LOCKED,36.2142,0.0000,0.0000,0.0000,0.8900,0.00,1,classical
2026-08-24T10:33:34,59.52,LOCKED,36.0057,0.0000,0.0000,0.0000,0.8900,0.00,1,classical
2026-08-24T10:33:35,59.52,LOCKED,36.0252,0.0000,0.0000,0.0000,0.8900,0.00,1,classical
2026-08-24T10:33:36,60.24,LOCKED,36.4151,0.0000,0.0000,0.0000,0.8900,0.00,1,classical
2026-08-24T10:33:37,60.24,LOCKED,36.7860,0.0000,0.0000,0.0000,0.8900,0.00,1,classical
2026-08-24T10:33:38,60.24,LOCKED,37.3185,0.0000,0.0000,0.0000,0.8900,0.00,1,classical
2026-08-24T10:33:39,58.48,LOCKED,36.9030,0.0000,0.0000,0.0000,0.8900,0.00,1,classical
2026-08-24T10:33:40,61.73,LOCKED,36.2152,0.0000,0.0000,0.0000,0.8900,0.00,1,classical
2026-08-24T10:33:41,60.98,LOCKED,35.8657,0.0000,0.0000,0.0000,0.8900,0.00,1,classical
2026-08-24T10:33:42,60.98,LOCKED,35.8324,0.0000,0.0000,0.0000,0.8900,0.00,1,classical
2026-08-24T10:33:43,60.98,LOCKED,36.0572,0.0000,0.0000,0.0000,0.8900,0.00,1,classical
2026-08-24T10:33:44,60.61,LOCKED,36.6715,0.0000,0.0000,0.0000,0.8899,0.00,1,classical
2026-08-24T10:33:45,59.88,LOCKED,37.3364,0.0000,0.0000,0.0000,0.8900,0.00,1,classical
2026-08-24T10:33:46,60.24,LOCKED,37.0358,0.0000,0.0000,0.0000,0.8900,0.00,1,classical
2026-08-24T10:33:47,59.88,LOCKED,36.7448,0.0000,0.0000,0.0000,0.8900,0.00,1,classical
2026-08-24T10:33:48,59.52,LOCKED,36.4978,0.0000,0.0000,0.0000,0.8900,0.00,1,classical
2026-08-24T10:33:49,60.24,LOCKED,35.8273,0.0000,0.0000,0.0000,0.8900,0.00,1,classical
2026-08-24T10:33:50,60.24,LOCKED,35.7357,0.0000,0.0000,0.0000,0.8900,0.00,1,classical
2026-08-24T10:33:51,60.98,LOCKED,36.1588,0.0000,0.0000,0.0000,0.8900,0.00,1,classical
2026-08-24T10:33:52,60.98,LOCKED,36.7241,0.0000,0.0000,0.0000,0.8900,0.00,1,classical
2026-08-24T10:33:53,60.24,LOCKED,37.2914,0.0000,0.0000,0.0000,0.8900,0.00,1,classical
2026-08-24T10:33:54,60.24,LOCKED,37.0806,0.0000,0.0000,0.0000,0.8900,0.00,1,classical
2026-08-24T10:33:55,60.24,LOCKED,36.6062,0.0000,0.0000,0.0000,0.8899,0.00,1,classical
2026-08-24T10:33:56,60.98,LOCKED,36.2156,0.0000,0.0000,0.0000,0.8899,0.00,1,classical
2026-08-24T10:33:57,60.98,LOCKED,35.9498,0.0000,0.0000,0.0000,0.8900,0.00,1,classical
2026-08-24T10:33:58,60.61,LOCKED,35.9878,0.0000,0.0000,0.0000,0.8899,0.00,1,classical
2026-08-24T10:33:59,60.98,LOCKED,36.3217,0.0000,0.0000,0.0000,0.8900,0.00,1,classical
2026-08-24T10:34:00,61.35,LOCKED,36.9297,0.0000,0.0000,0.0000,0.8900,0.00,1,classical
2026-08-24T10:34:01,60.61,LOCKED,37.1072,0.0000,0.0000,0.0000,0.8900,0.00,1,classical
2026-08-24T10:34:02,59.88,LOCKED,37.1827,0.0000,0.0000,0.0000,0.8900,0.00,1,classical
2026-08-24T10:34:03,59.88,LOCKED,36.8145,0.0000,0.0000,0.0000,0.8899,0.00,1,classical
2026-08-24T10:34:04,59.88,LOCKED,36.0957,0.0000,0.0000,0.0000,0.8900,0.00,1,classical
2026-08-24T10:34:05,59.52,LOCKED,35.9822,0.0000,0.0000,0.0000,0.8900,0.00,1,classical
2026-08-24T10:34:06,60.98,LOCKED,36.1141,0.0000,0.0000,0.0000,0.8900,0.00,1,classical
2026-08-24T10:34:07,61.73,LOCKED,36.2141,0.0000,0.0000,0.0000,0.8900,0.00,1,classical
2026-08-24T10:34:08,60.61,LOCKED,36.9967,0.0000,0.0000,0.0000,0.8900,0.00,1,classical
2026-08-24T10:34:09,61.35,LOCKED,36.7592,0.0000,0.0000,0.0000,0.8900,0.00,1,classical
2026-08-24T10:34:10,60.24,LOCKED,36.9792,0.0000,0.0000,0.0000,0.8900,0.00,1,classical
2026-08-24T10:34:11,60.61,LOCKED,36.6111,0.0000,0.0000,0.0000,0.8900,0.00,1,classical
2026-08-24T10:34:12,60.98,LOCKED,35.9956,0.0000,0.0000,0.0000,0.8900,0.00,1,classical
2026-08-24T10:34:13,60.61,LOCKED,35.7357,0.0000,0.0000,0.0000,0.8900,0.00,1,classical
2026-08-24T10:34:14,61.35,LOCKED,35.8773,0.0000,0.0000,0.0000,0.8900,0.00,1,classical
2026-08-24T10:34:15,60.61,LOCKED,36.6731,0.0000,0.0000,0.0000,0.8900,0.00,1,classical
2026-08-24T10:34:16,59.52,LOCKED,37.1429,0.0000,0.0000,0.0000,0.8900,0.00,1,classical
2026-08-24T10:34:17,59.52,LOCKED,37.5019,0.0000,0.0000,0.0000,0.8900,0.00,1,classical
2026-08-24T10:34:18,59.17,LOCKED,36.8609,0.0000,0.0000,0.0000,0.8900,0.00,1,classical
2026-08-24T10:34:19,59.17,LOCKED,36.2593,0.0000,0.0000,0.0000,0.8900,0.00,1,classical
2026-08-24T10:34:20,59.88,LOCKED,35.9429,0.0000,0.0000,0.0000,0.8899,0.00,1,classical
2026-08-24T10:34:21,60.61,LOCKED,35.7571,0.0000,0.0000,0.0000,0.8900,0.00,1,classical
2026-08-24T10:34:22,59.88,LOCKED,36.2405,0.0000,0.0000,0.0000,0.8900,0.00,1,classical
2026-08-24T10:34:23,60.61,LOCKED,37.0943,0.0000,0.0000,0.0000,0.8899,0.00,1,classical
2026-08-24T10:34:24,59.88,LOCKED,37.0743,0.0000,0.0000,0.0000,0.8900,0.00,1,classical
2026-08-24T10:34:25,60.61,LOCKED,37.1431,0.0000,0.0000,0.0000,0.8900,0.00,1,classical
2026-08-24T10:34:26,60.24,LOCKED,36.8334,0.0000,0.0000,0.0000,0.8900,0.00,1,classical
2026-08-24T10:34:27,60.61,LOCKED,36.4108,0.0000,0.0000,0.0000,0.8900,0.00,1,classical
2026-08-24T10:34:28,60.61,LOCKED,35.9001,0.0000,0.0000,0.0000,0.8900,0.00,1,classical
2026-08-24T10:34:29,59.88,LOCKED,36.1317,0.0000,0.0000,0.0000,0.8900,0.00,1,classical
2026-08-24T10:34:30,60.24,LOCKED,36.3778,0.0000,0.0000,0.0000,0.8899,0.00,1,classical
2026-08-24T10:34:31,60.24,LOCKED,36.9252,0.0000,0.0000,0.0000,0.8900,0.00,1,classical
2026-08-24T10:34:32,59.88,LOCKED,37.1364,0.0000,0.0000,0.0000,0.8900,0.00,1,classical
2026-08-24T10:34:33,59.52,LOCKED,37.1326,0.0000,0.0000,0.0000,0.8900,0.00,1,classical
2026-08-24T10:34:34,60.61,LOCKED,36.6037,0.0000,0.0000,0.0000,0.8900,0.00,1,classical
2026-08-24T10:34:35,60.24,LOCKED,36.0690,0.0000,0.0000,0.0000,0.8900,0.00,1,classical
2026-08-24T10:34:36,60.24,LOCKED,35.8669,0.0000,0.0000,0.0000,0.8900,0.00,1,classical
2026-08-24T10:34:37,60.24,LOCKED,35.9104,0.0000,0.0000,0.0000,0.8900,0.00,1,classical
2026-08-24T10:34:38,59.52,LOCKED,36.5621,0.0000,0.0000,0.0000,0.8900,0.00,1,classical
2026-08-24T10:34:39,61.73,LOCKED,36.7565,0.0000,0.0000,0.0000,0.8900,0.00,1,classical
2026-08-24T10:34:40,59.88,LOCKED,37.3762,0.0000,0.0000,0.0000,0.8900,0.00,1,classical
2026-08-24T10:34:41,59.52,LOCKED,37.0413,0.0000,0.0000,0.0000,0.8900,0.00,1,classical
2026-08-24T10:34:42,59.52,LOCKED,36.6403,0.0000,0.0000,0.0000,0.8900,0.00,1,classical
2026-08-24T10:34:43,59.88,LOCKED,36.0705,0.0000,0.0000,0.0000,0.8900,0.00,1,classical
2026-08-24T10:34:44,60.98,LOCKED,35.4980,0.0000,0.0000,0.0000,0.8900,0.00,1,classical
2026-08-24T10:34:45,59.88,LOCKED,35.9446,0.0000,0.0000,0.0000,0.8900,0.00,1,classical
2026-08-24T10:34:46,60.61,LOCKED,36.7141,0.0000,0.0000,0.0000,0.8900,0.00,1,classical
2026-08-24T10:34:47,60.24,LOCKED,37.0588,0.0000,0.0000,0.0000,0.8899,0.00,1,classical
2026-08-24T10:34:48,60.61,LOCKED,37.5936,0.0000,0.0000,0.0000,0.8900,0.00,1,classical
2026-08-24T10:34:49,60.24,LOCKED,36.6546,0.0000,0.0000,0.0000,0.8899,0.00,1,classical
2026-08-24T10:34:50,59.88,LOCKED,36.5007,0.0000,0.0000,0.0000,0.8899,0.00,1,classical
2026-08-24T10:34:51,59.88,LOCKED,35.7371,0.0000,0.0000,0.0000,0.8900,0.00,1,classical
2026-08-24T10:34:52,60.24,LOCKED,35.8283,0.0000,0.0000,0.0000,0.8900,0.00,1,classical
2026-08-24T10:34:53,60.24,LOCKED,36.1342,0.0000,0.0000,0.0000,0.8900,0.00,1,classical
2026-08-24T10:34:54,59.17,LOCKED,36.9419,0.0000,0.0000,0.0000,0.8900,0.00,1,classical
2026-08-24T10:34:55,60.98,LOCKED,36.9546,0.0000,0.0000,0.0000,0.8900,0.00,1,classical
2026-08-24T10:34:56,60.61,LOCKED,37.1080,0.0000,0.0000,0.0000,0.8900,0.00,1,classical
2026-08-24T10:34:57,60.24,LOCKED,36.9462,0.0000,0.0000,0.0000,0.8900,0.00,1,classical
2026-08-24T10:34:58,60.24,LOCKED,36.3185,0.0000,0.0000,0.0000,0.8900,0.00,1,classical
2026-08-24T10:34:59,59.88,LOCKED,35.9608,0.0000,0.0000,0.0000,0.8900,0.00,1,classical
2026-08-24T10:35:00,59.88,LOCKED,36.2716,0.0000,0.0000,0.0000,0.8900,0.00,1,classical
2026-08-24T10:35:01,60.24,LOCKED,36.0721,0.0000,0.0000,0.0000,0.8900,0.00,1,classical
2026-08-24T10:35:02,60.61,LOCKED,36.7687,0.0000,0.0000,0.0000,0.8900,0.00,1,classical
2026-08-24T10:35:03,59.52,LOCKED,37.0629,0.0000,0.0000,0.0000,0.8900,0.00,1,classical
2026-08-24T10:35:04,58.82,LOCKED,37.0745,0.0000,0.0000,0.0000,0.8900,0.00,1,classical
2026-08-24T10:35:05,60.61,LOCKED,36.5560,0.0000,0.0000,0.0000,0.8900,0.00,1,classical
2026-08-24T10:35:06,60.61,LOCKED,36.1560,0.0000,0.0000,0.0000,0.8900,0.00,1,classical
2026-08-24T10:35:07,60.24,LOCKED,35.8887,0.0000,0.0000,0.0000,0.8900,0.00,1,classical
2026-08-24T10:35:08,59.88,LOCKED,35.8812,0.0000,0.0000,0.0000,0.8900,0.00,1,classical
2026-08-24T10:35:09,61.35,LOCKED,36.1359,0.0000,0.0000,0.0000,0.8900,0.00,1,classical
2026-08-24T10:35:10,60.98,LOCKED,36.8027,0.0000,0.0000,0.0000,0.8900,0.00,1,classical
2026-08-24T10:35:11,59.52,LOCKED,37.3937,0.0000,0.0000,0.0000,0.8900,0.00,1,classical
2026-08-24T10:35:12,60.98,LOCKED,36.8376,0.0000,0.0000,0.0000,0.8900,0.00,1,classical
2026-08-24T10:35:13,59.52,LOCKED,36.7546,0.0000,0.0000,0.0000,0.8900,0.00,1,classical
2026-08-24T10:35:14,60.24,LOCKED,36.2295,0.0000,0.0000,0.0000,0.8900,0.00,1,classical
2026-08-24T10:35:15,59.88,LOCKED,35.8929,0.0000,0.0000,0.0000,0.8900,0.00,1,classical
2026-08-24T10:35:16,60.61,LOCKED,35.8527,0.0000,0.0000,0.0000,0.8900,0.00,1,classical
2026-08-24T10:35:18,60.24,LOCKED,36.6327,0.0000,0.0000,0.0000,0.8900,0.00,1,classical
2026-08-24T10:35:19,60.61,LOCKED,36.9141,0.0000,0.0000,0.0000,0.8900,0.00,1,classical
2026-08-24T10:35:20,58.48,LOCKED,37.5167,0.0000,0.0000,0.0000,0.8900,0.00,1,classical
2026-08-24T10:35:21,61.73,LOCKED,36.6661,0.0000,0.0000,0.0000,0.8900,0.00,1,classical
2026-08-24T10:35:22,60.61,LOCKED,36.5437,0.0000,0.0000,0.0000,0.8899,0.00,1,classical
2026-08-24T10:35:23,61.35,LOCKED,35.7254,0.0000,0.0000,0.0000,0.8900,0.00,1,classical
2026-08-24T10:35:24,60.24,LOCKED,35.8513,0.0000,0.0000,0.0000,0.8900,0.00,1,classical
2026-08-24T10:35:25,59.88,LOCKED,36.1783,0.0000,0.0000,0.0000,0.8900,0.00,1,classical
2026-08-24T10:35:26,60.61,LOCKED,36.7828,0.0000,0.0000,0.0000,0.8900,0.00,1,classical
2026-08-24T10:35:27,59.52,LOCKED,37.0431,0.0000,0.0000,0.0000,0.8900,0.00,1,classical
2026-08-24T10:35:28,59.17,LOCKED,37.4437,0.0000,0.0000,0.0000,0.8900,0.00,1,classical
2026-08-24T10:35:29,59.52,LOCKED,36.8822,0.0000,0.0000,0.0000,0.8900,0.00,1,classical
2026-08-24T10:35:30,60.61,LOCKED,36.4701,0.0000,0.0000,0.0000,0.8900,0.00,1,classical
2026-08-24T10:35:31,60.24,LOCKED,35.8282,0.0000,0.0000,0.0000,0.8900,0.00,1,classical
2026-08-24T10:35:32,59.52,LOCKED,35.8903,0.0000,0.0000,0.0000,0.8900,0.00,1,classical
2026-08-24T10:35:33,60.24,LOCKED,36.1732,0.0000,0.0000,0.0000,0.8900,0.00,1,classical
2026-08-24T10:35:34,60.61,LOCKED,36.7066,0.0000,0.0000,0.0000,0.8900,0.00,1,classical
2026-08-24T10:35:35,59.52,LOCKED,37.4252,0.0000,0.0000,0.0000,0.8900,0.00,1,classical
2026-08-24T10:35:36,60.24,LOCKED,37.0607,0.0000,0.0000,0.0000,0.8900,0.00,1,classical
2026-08-24T10:35:37,61.73,LOCKED,36.5140,0.0000,0.0000,0.0000,0.8900,0.00,1,classical
2026-08-24T10:35:38,60.61,LOCKED,36.3380,0.0000,0.0000,0.0000,0.8900,0.00,1,classical
2026-08-24T10:35:39,60.61,LOCKED,36.0122,0.0000,0.0000,0.0000,0.8900,0.00,1,classical
2026-08-24T10:35:40,60.98,LOCKED,35.9743,0.0000,0.0000,0.0000,0.8900,0.00,1,classical
2026-08-24T10:35:41,59.88,LOCKED,36.4040,0.0000,0.0000,0.0000,0.8900,0.00,1,classical
2026-08-24T10:35:42,59.88,LOCKED,36.8998,0.0000,0.0000,0.0000,0.8900,0.00,1,classical
2026-08-24T10:35:43,60.61,LOCKED,37.0080,0.0000,0.0000,0.0000,0.8900,0.00,1,classical
2026-08-24T10:35:44,60.24,LOCKED,37.2821,0.0000,0.0000,0.0000,0.8899,0.00,1,classical
2026-08-24T10:35:45,60.24,LOCKED,36.6531,0.0000,0.0000,0.0000,0.8900,0.00,1,classical
2026-08-24T10:35:46,59.52,LOCKED,36.2321,0.0000,0.0000,0.0000,0.8900,0.00,1,classical
2026-08-24T10:35:47,59.52,LOCKED,35.8844,0.0000,0.0000,0.0000,0.8900,0.00,1,classical
2026-08-24T10:35:48,60.98,LOCKED,35.8618,0.0000,0.0000,0.0000,0.8900,0.00,1,classical
2026-08-24T10:35:49,60.98,LOCKED,36.3604,0.0000,0.0000,0.0000,0.8900,0.00,1,classical
2026-08-24T10:35:50,60.98,LOCKED,37.0299,0.0000,0.0000,0.0000,0.8900,0.00,1,classical
2026-08-24T10:35:51,61.35,LOCKED,37.0630,0.0000,0.0000,0.0000,0.8900,0.00,1,classical
2026-08-24T10:35:52,60.24,LOCKED,37.1911,0.0000,0.0000,0.0000,0.8900,0.00,1,classical
2026-08-24T10:35:53,59.52,LOCKED,36.7371,0.0000,0.0000,0.0000,0.8899,0.00,1,classical
2026-08-24T10:35:54,60.98,LOCKED,35.9643,0.0000,0.0000,0.0000,0.8900,0.00,1,classical
2026-08-24T10:35:55,60.98,LOCKED,35.6489,0.0000,0.0000,0.0000,0.8900,0.00,1,classical
2026-08-24T10:35:56,59.88,LOCKED,35.9646,0.0000,0.0000,0.0000,0.8900,0.00,1,classical
2026-08-24T10:35:57,59.52,LOCKED,36.5388,0.0000,0.0000,0.0000,0.8900,0.00,1,classical
2026-08-24T10:35:58,61.35,LOCKED,36.7845,0.0000,0.0000,0.0000,0.8900,0.00,1,classical
2026-08-24T10:35:59,58.82,LOCKED,37.6259,0.0000,0.0000,0.0000,0.8900,0.00,1,classical
2026-08-24T10:36:00,60.61,LOCKED,36.8971,0.0000,0.0000,0.0000,0.8899,0.00,1,classical
2026-08-24T10:36:01,59.88,LOCKED,36.4857,0.0000,0.0000,0.0000,0.8900,0.00,1,classical
2026-08-24T10:36:02,60.61,LOCKED,36.0546,0.0000,0.0000,0.0000,0.8900,0.00,1,classical
2026-08-24T10:36:03,60.98,LOCKED,35.7304,0.0000,0.0000,0.0000,0.8900,0.00,1,classical
2026-08-24T10:36:04,59.52,LOCKED,36.2359,0.0000,0.0000,0.0000,0.8900,0.00,1,classical
2026-08-24T10:36:05,60.24,LOCKED,36.6548,0.0000,0.0000,0.0000,0.8899,0.00,1,classical
2026-08-24T10:36:06,61.35,LOCKED,36.9765,0.0000,0.0000,0.0000,0.8900,0.00,1,classical
2026-08-24T10:36:07,59.88,LOCKED,37.2418,0.0000,0.0000,0.0000,0.8900,0.00,1,classical
2026-08-24T10:36:08,59.88,LOCKED,37.0511,0.0000,0.0000,0.0000,0.8900,0.00,1,classical
2026-08-24T10:36:09,59.52,LOCKED,36.2479,0.0000,0.0000,0.0000,0.8900,0.00,1,classical
2026-08-24T10:36:10,60.24,LOCKED,35.6002,0.0000,0.0000,0.0000,0.8900,0.00,1,classical
2026-08-24T10:36:11,60.98,LOCKED,35.8813,0.0000,0.0000,0.0000,0.8900,0.00,1,classical
2026-08-24T10:36:12,59.52,LOCKED,36.2438,0.0000,0.0000,0.0000,0.8900,0.00,1,classical
2026-08-24T10:36:13,60.24,LOCKED,37.0239,0.0000,0.0000,0.0000,0.8900,0.00,1,classical
2026-08-24T10:36:14,60.98,LOCKED,36.9729,0.0000,0.0000,0.0000,0.8900,0.00,1,classical
2026-08-24T10:36:15,61.35,LOCKED,37.1156,0.0000,0.0000,0.0000,0.8900,0.00,1,classical
2026-08-24T10:36:16,60.98,LOCKED,36.7421,0.0000,0.0000,0.0000,0.8900,0.00,1,classical
2026-08-24T10:36:17,59.88,LOCKED,36.4826,0.0000,0.0000,0.0000,0.8900,0.00,1,classical
2026-08-24T10:36:18,59.88,LOCKED,36.0553,0.0000,0.0000,0.0000,0.8900,0.00,1,classical
2026-08-24T10:36:19,60.61,LOCKED,35.7040,0.0000,0.0000,0.0000,0.8900,0.00,1,classical
2026-08-24T10:36:20,60.98,LOCKED,36.4052,0.0000,0.0000,0.0000,0.8900,0.00,1,classical
2026-08-24T10:36:21,60.98,LOCKED,36.7240,0.0000,0.0000,0.0000,0.8900,0.00,1,classical
2026-08-24T10:36:22,60.24,LOCKED,37.1856,0.0000,0.0000,0.0000,0.8899,0.00,1,classical
2026-08-24T10:36:23,59.88,LOCKED,37.2708,0.0000,0.0000,0.0000,0.8900,0.00,1,classical
2026-08-24T10:36:24,60.61,LOCKED,36.5046,0.0000,0.0000,0.0000,0.8900,0.00,1,classical
2026-08-24T10:36:25,60.61,LOCKED,36.0774,0.0000,0.0000,0.0000,0.8899,0.00,1,classical
2026-08-24T10:36:26,59.88,LOCKED,35.9011,0.0000,0.0000,0.0000,0.8900,0.00,1,classical
2026-08-24T10:36:27,60.24,LOCKED,35.9868,0.0000,0.0000,0.0000,0.8899,0.00,1,classical
2026-08-24T10:36:28,59.52,LOCKED,36.3657,0.0000,0.0000,0.0000,0.8900,0.00,1,classical
2026-08-24T10:36:29,60.24,LOCKED,36.8303,0.0000,0.0000,0.0000,0.8900,0.00,1,classical
2026-08-24T10:36:30,60.98,LOCKED,37.1846,0.0000,0.0000,0.0000,0.8900,0.00,1,classical
2026-08-24T10:36:31,60.98,LOCKED,37.0873,0.0000,0.0000,0.0000,0.8900,0.00,1,classical
2026-08-24T10:36:32,59.88,LOCKED,36.9163,0.0000,0.0000,0.0000,0.8900,0.00,1,classical
2026-08-24T10:36:33,60.98,LOCKED,35.8277,0.0000,0.0000,0.0000,0.8900,0.00,1,classical
2026-08-24T10:36:34,60.24,LOCKED,35.8019,0.0000,0.0000,0.0000,0.8900,0.00,1,classical
2026-08-24T10:36:35,59.52,LOCKED,35.8261,0.0000,0.0000,0.0000,0.8900,0.00,1,classical
2026-08-24T10:36:36,60.61,LOCKED,36.3648,0.0000,0.0000,0.0000,0.8900,0.00,1,classical
2026-08-24T10:36:37,60.98,LOCKED,37.0531,0.0000,0.0000,0.0000,0.8899,0.00,1,classical
2026-08-24T10:36:38,60.24,LOCKED,37.1417,0.0000,0.0000,0.0000,0.8900,0.00,1,classical
2026-08-24T10:36:39,59.52,LOCKED,36.6497,0.0000,0.0000,0.0000,0.8900,0.00,1,classical
2026-08-24T10:36:40,60.24,LOCKED,36.5197,0.0000,0.0000,0.0000,0.8900,0.00,1,classical
2026-08-24T10:36:41,59.52,LOCKED,36.1097,0.0000,0.0000,0.0000,0.8900,0.00,1,classical
2026-08-24T10:36:42,61.35,LOCKED,35.5381,0.0000,0.0000,0.0000,0.8899,0.00,1,classical
2026-08-24T10:36:43,59.88,LOCKED,36.3585,0.0000,0.0000,0.0000,0.8900,0.00,1,classical
2026-08-24T10:36:44,59.52,LOCKED,36.7297,0.0000,0.0000,0.0000,0.8900,0.00,1,classical
2026-08-24T10:36:45,60.98,LOCKED,36.9746,0.0000,0.0000,0.0000,0.8900,0.00,1,classical
2026-08-24T10:36:46,60.98,LOCKED,37.3000,0.0000,0.0000,0.0000,0.8900,0.00,1,classical
2026-08-24T10:36:47,60.24,LOCKED,36.8550,0.0000,0.0000,0.0000,0.8899,0.00,1,classical
2026-08-24T10:36:48,60.98,LOCKED,36.3168,0.0000,0.0000,0.0000,0.8899,0.00,1,classical
2026-08-24T10:36:49,59.88,LOCKED,35.7837,0.0000,0.0000,0.0000,0.8900,0.00,1,classical
2026-08-24T10:36:50,60.24,LOCKED,35.9303,0.0000,0.0000,0.0000,0.8900,0.00,1,classical
2026-08-24T10:36:51,60.61,LOCKED,36.1292,0.0000,0.0000,0.0000,0.8900,0.00,1,classical
2026-08-24T10:36:52,60.98,LOCKED,36.6643,0.0000,0.0000,0.0000,0.8900,0.00,1,classical
2026-08-24T10:36:53,59.88,LOCKED,37.3919,0.0000,0.0000,0.0000,0.8900,0.00,1,classical
2026-08-24T10:36:54,59.52,LOCKED,37.4168,0.0000,0.0000,0.0000,0.8900,0.00,1,classical
2026-08-24T10:36:55,60.61,LOCKED,36.6018,0.0000,0.0000,0.0000,0.8900,0.00,1,classical
2026-08-24T10:36:56,60.61,LOCKED,36.0874,0.0000,0.0000,0.0000,0.8900,0.00,1,classical
2026-08-24T10:36:57,59.88,LOCKED,35.7412,0.0000,0.0000,0.0000,0.8900,0.00,1,classical
2026-08-24T10:36:58,60.98,LOCKED,35.6710,0.0000,0.0000,0.0000,0.8900,0.00,1,classical
2026-08-24T10:36:59,60.98,LOCKED,36.3435,0.0000,0.0000,0.0000,0.8900,0.00,1,classical
2026-08-24T10:37:00,59.88,LOCKED,36.7962,0.0000,0.0000,0.0000,0.8900,0.00,1,classical
2026-08-24T10:37:01,60.24,LOCKED,36.9595,0.0000,0.0000,0.0000,0.8900,0.00,1,classical
2026-08-24T10:37:02,60.61,LOCKED,36.9754,0.0000,0.0000,0.0000,0.8900,0.00,1,classical
2026-08-24T10:37:03,60.61,LOCKED,36.6579,0.0000,0.0000,0.0000,0.8900,0.00,1,classical
2026-08-24T10:37:04,60.98,LOCKED,36.1758,0.0000,0.0000,0.0000,0.8900,0.00,1,classical
2026-08-24T10:37:05,60.24,LOCKED,35.7218,0.0000,0.0000,0.0000,0.8900,0.00,1,classical
2026-08-24T10:37:06,60.24,LOCKED,35.9513,0.0000,0.0000,0.0000,0.8900,0.00,1,classical
2026-08-24T10:37:07,60.24,LOCKED,36.2943,0.0000,0.0000,0.0000,0.8900,0.00,1,classical
2026-08-24T10:37:08,60.61,LOCKED,36.9098,0.0000,0.0000,0.0000,0.8900,0.00,1,classical
2026-08-24T10:37:09,59.88,LOCKED,37.4070,0.0000,0.0000,0.0000,0.8899,0.00,1,classical
2026-08-24T10:37:10,60.24,LOCKED,36.8232,0.0000,0.0000,0.0000,0.8899,0.00,1,classical
2026-08-24T10:37:11,60.98,LOCKED,36.4847,0.0000,0.0000,0.0000,0.8900,0.00,1,classical
2026-08-24T10:37:12,59.88,LOCKED,36.1081,0.0000,0.0000,0.0000,0.8900,0.00,1,classical
2026-08-24T10:37:13,60.24,LOCKED,35.6523,0.0000,0.0000,0.0000,0.8900,0.00,1,classical
2026-08-24T10:37:14,61.73,LOCKED,35.8968,0.0000,0.0000,0.0000,0.8900,0.00,1,classical
2026-08-24T10:37:15,59.88,LOCKED,36.7460,0.0000,0.0000,0.0000,0.8900,0.00,1,classical
2026-08-24T10:37:17,59.52,LOCKED,37.0522,0.0000,0.0000,0.0000,0.8900,0.00,1,classical
2026-08-24T10:37:18,61.73,LOCKED,36.9039,0.0000,0.0000,0.0000,0.8900,0.00,1,classical
2026-08-24T10:37:19,61.35,LOCKED,36.9445,0.0000,0.0000,0.0000,0.8900,0.00,1,classical
2026-08-24T10:37:20,60.24,LOCKED,36.4577,0.0000,0.0000,0.0000,0.8900,0.00,1,classical
2026-08-24T10:37:21,60.61,LOCKED,35.9855,0.0000,0.0000,0.0000,0.8900,0.00,1,classical
2026-08-24T10:37:22,60.61,LOCKED,35.8431,0.0000,0.0000,0.0000,0.8900,0.00,1,classical
2026-08-24T10:37:23,59.52,LOCKED,36.1907,0.0000,0.0000,0.0000,0.8900,0.00,1,classical
2026-08-24T10:37:24,59.52,LOCKED,36.7629,0.0000,0.0000,0.0000,0.8900,0.00,1,classical
2026-08-24T10:37:25,61.35,LOCKED,36.9145,0.0000,0.0000,0.0000,0.8900,0.00,1,classical
2026-08-24T10:37:26,60.61,LOCKED,37.1393,0.0000,0.0000,0.0000,0.8900,0.00,1,classical
2026-08-24T10:37:27,59.52,LOCKED,36.9816,0.0000,0.0000,0.0000,0.8899,0.00,1,classical
2026-08-24T10:37:28,61.35,LOCKED,36.2589,0.0000,0.0000,0.0000,0.8900,0.00,1,classical
2026-08-24T10:37:29,60.61,LOCKED,35.7906,0.0000,0.0000,0.0000,0.8900,0.00,1,classical
2026-08-24T10:37:30,61.35,LOCKED,35.7607,0.0000,0.0000,0.0000,0.8899,0.00,1,classical
2026-08-24T10:37:31,59.88,LOCKED,36.1815,0.0000,0.0000,0.0000,0.8900,0.00,1,classical
2026-08-24T10:37:32,60.98,LOCKED,36.5630,0.0000,0.0000,0.0000,0.8900,0.00,1,classical
2026-08-24T10:37:33,60.61,LOCKED,37.0932,0.0000,0.0000,0.0000,0.8900,0.00,1,classical
2026-08-24T10:37:34,60.24,LOCKED,37.0315,0.0000,0.0000,0.0000,0.8900,0.00,1,classical
2026-08-24T10:37:35,60.61,LOCKED,36.7799,0.0000,0.0000,0.0000,0.8900,0.00,1,classical
2026-08-24T10:37:36,60.61,LOCKED,36.1391,0.0000,0.0000,0.0000,0.8900,0.00,1,classical
2026-08-24T10:37:37,59.88,LOCKED,35.9346,0.0000,0.0000,0.0000,0.8900,0.00,1,classical
2026-08-24T10:37:38,59.52,LOCKED,36.0410,0.0000,0.0000,0.0000,0.8900,0.00,1,classical
2026-08-24T10:37:39,60.98,LOCKED,36.2008,0.0000,0.0000,0.0000,0.8900,0.00,1,classical
2026-08-24T10:37:40,60.61,LOCKED,37.0931,0.0000,0.0000,0.0000,0.8900,0.00,1,classical
2026-08-24T10:37:41,59.88,LOCKED,37.1324,0.0000,0.0000,0.0000,0.8900,0.00,1,classical
2026-08-24T10:37:42,59.88,LOCKED,36.9013,0.0000,0.0000,0.0000,0.8900,0.00,1,classical
2026-08-24T10:37:43,61.35,LOCKED,36.3999,0.0000,0.0000,0.0000,0.8900,0.00,1,classical
2026-08-24T10:37:44,60.98,LOCKED,36.0208,0.0000,0.0000,0.0000,0.8900,0.00,1,classical
2026-08-24T10:37:45,60.98,LOCKED,35.6954,0.0000,0.0000,0.0000,0.8899,0.00,1,classical
2026-08-24T10:37:46,62.11,LOCKED,35.9693,0.0000,0.0000,0.0000,0.8900,0.00,1,classical
2026-08-24T10:37:47,59.52,LOCKED,36.4637,0.0000,0.0000,0.0000,0.8900,0.00,1,classical
2026-08-24T10:37:48,60.61,LOCKED,36.9901,0.0000,0.0000,0.0000,0.8899,0.00,1,classical
2026-08-24T10:37:49,59.52,LOCKED,37.2971,0.0000,0.0000,0.0000,0.8900,0.00,1,classical
2026-08-24T10:37:50,60.61,LOCKED,37.1072,0.0000,0.0000,0.0000,0.8900,0.00,1,classical
2026-08-24T10:37:51,59.88,LOCKED,36.4389,0.0000,0.0000,0.0000,0.8900,0.00,1,classical
2026-08-24T10:37:52,60.24,LOCKED,35.9998,0.0000,0.0000,0.0000,0.8900,0.00,1,classical
2026-08-24T10:37:53,60.24,LOCKED,35.7037,0.0000,0.0000,0.0000,0.8900,0.00,1,classical
2026-08-24T10:37:54,60.61,LOCKED,35.8707,0.0000,0.0000,0.0000,0.8900,0.00,1,classical
2026-08-24T10:37:55,59.88,LOCKED,36.5727,0.0000,0.0000,0.0000,0.8900,0.00,1,classical
2026-08-24T10:37:56,60.98,LOCKED,36.8412,0.0000,0.0000,0.0000,0.8900,0.00,1,classical
2026-08-24T10:37:57,60.98,LOCKED,36.8737,0.0000,0.0000,0.0000,0.8900,0.00,1,classical
2026-08-24T10:37:58,61.35,LOCKED,36.6277,0.0000,0.0000,0.0000,0.8900,0.00,1,classical
2026-08-24T10:37:59,60.61,LOCKED,36.2663,0.0000,0.0000,0.0000,0.8899,0.00,1,classical
2026-08-24T10:38:00,61.35,LOCKED,35.7033,0.0000,0.0000,0.0000,0.8900,0.00,1,classical
2026-08-24T10:38:01,59.88,LOCKED,35.7891,0.0000,0.0000,0.0000,0.8900,0.00,1,classical
2026-08-24T10:38:02,59.88,LOCKED,36.2422,0.0000,0.0000,0.0000,0.8899,0.00,1,classical
2026-08-24T10:38:03,60.61,LOCKED,36.5201,0.0000,0.0000,0.0000,0.8900,0.00,1,classical
2026-08-24T10:38:04,60.98,LOCKED,37.1688,0.0000,0.0000,0.0000,0.8899,0.00,1,classical
2026-08-24T10:38:05,60.24,LOCKED,37.1862,0.0000,0.0000,0.0000,0.8900,0.00,1,classical
2026-08-24T10:38:06,55.87,LOCKED,37.3259,0.0000,0.0000,0.0000,0.8900,0.00,1,classical
2026-08-24T10:38:07,59.17,LOCKED,36.0110,0.0000,0.0000,0.0000,0.8900,0.00,1,classical
2026-08-24T10:38:08,60.24,LOCKED,35.9541,0.0000,0.0000,0.0000,0.8900,0.00,1,classical
2026-08-24T10:38:09,59.88,LOCKED,35.9477,0.0000,0.0000,0.0000,0.8900,0.00,1,classical
2026-08-24T10:38:10,60.61,LOCKED,36.2706,0.0000,0.0000,0.0000,0.8900,0.00,1,classical
2026-08-24T10:38:11,60.98,LOCKED,36.6631,0.0000,0.0000,0.0000,0.8900,0.00,1,classical
2026-08-24T10:38:12,60.24,LOCKED,37.2859,0.0000,0.0000,0.0000,0.8900,0.00,1,classical
2026-08-24T10:38:13,60.61,LOCKED,36.9804,0.0000,0.0000,0.0000,0.8900,0.00,1,classical
2026-08-24T10:38:14,60.61,LOCKED,36.6302,0.0000,0.0000,0.0000,0.8900,0.00,1,classical
2026-08-24T10:38:15,59.88,LOCKED,36.2532,0.0000,0.0000,0.0000,0.8900,0.00,1,classical
2026-08-24T10:38:16,61.73,LOCKED,35.6036,0.0000,0.0000,0.0000,0.8900,0.00,1,classical
2026-08-24T10:38:17,60.24,LOCKED,36.0676,0.0000,0.0000,0.0000,0.8900,0.00,1,classical
2026-08-24T10:38:18,59.52,LOCKED,36.5058,0.0000,0.0000,0.0000,0.8900,0.00,1,classical
2026-08-24T10:38:19,60.24,LOCKED,37.0180,0.0000,0.0000,0.0000,0.8900,0.00,1,classical
2026-08-24T10:38:20,59.52,LOCKED,37.2822,0.0000,0.0000,0.0000,0.8900,0.00,1,classical
2026-08-24T10:38:21,59.88,LOCKED,37.0694,0.0000,0.0000,0.0000,0.8900,0.00,1,classical
2026-08-24T10:38:22,60.98,LOCKED,36.6636,0.0000,0.0000,0.0000,0.8900,0.00,1,classical
2026-08-24T10:38:23,60.24,LOCKED,36.1502,0.0000,0.0000,0.0000,0.8900,0.00,1,classical
2026-08-24T10:38:24,60.61,LOCKED,35.6118,0.0000,0.0000,0.0000,0.8900,0.00,1,classical
2026-08-24T10:38:25,60.61,LOCKED,35.9548,0.0000,0.0000,0.0000,0.8900,0.00,1,classical
2026-08-24T10:38:26,60.61,LOCKED,36.4420,0.0000,0.0000,0.0000,0.8900,0.00,1,classical
2026-08-24T10:38:27,60.61,LOCKED,36.9285,0.0000,0.0000,0.0000,0.8900,0.00,1,classical
2026-08-24T10:38:28,61.35,LOCKED,37.0311,0.0000,0.0000,0.0000,0.8899,0.00,1,classical
2026-08-24T10:38:29,59.88,LOCKED,37.0302,0.0000,0.0000,0.0000,0.8900,0.00,1,classical
2026-08-24T10:38:30,60.24,LOCKED,36.7397,0.0000,0.0000,0.0000,0.8900,0.00,1,classical
2026-08-24T10:38:31,61.73,LOCKED,36.0416,0.0000,0.0000,0.0000,0.8900,0.00,1,classical
2026-08-24T10:38:32,60.61,LOCKED,35.7173,0.0000,0.0000,0.0000,0.8900,0.00,1,classical
2026-08-24T10:38:33,60.24,LOCKED,36.2704,0.0000,0.0000,0.0000,0.8900,0.00,1,classical
2026-08-24T10:38:34,60.24,LOCKED,36.6474,0.0000,0.0000,0.0000,0.8900,0.00,1,classical
2026-08-24T10:38:35,60.24,LOCKED,37.0808,0.0000,0.0000,0.0000,0.8899,0.00,1,classical
2026-08-24T10:38:36,59.17,LOCKED,37.3176,0.0000,0.0000,0.0000,0.8900,0.00,1,classical
2026-08-24T10:38:37,59.88,LOCKED,36.7451,0.0000,0.0000,0.0000,0.8900,0.00,1,classical
2026-08-24T10:38:38,60.61,LOCKED,36.2859,0.0000,0.0000,0.0000,0.8900,0.00,1,classical
2026-08-24T10:38:39,60.98,LOCKED,35.5689,0.0000,0.0000,0.0000,0.8900,0.00,1,classical
2026-08-24T10:38:40,60.24,LOCKED,35.7586,0.0000,0.0000,0.0000,0.8900,0.00,1,classical
2026-08-24T10:38:41,60.24,LOCKED,36.2575,0.0000,0.0000,0.0000,0.8900,0.00,1,classical
2026-08-24T10:38:42,60.98,LOCKED,36.6757,0.0000,0.0000,0.0000,0.8900,0.00,1,classical
2026-08-24T10:38:43,60.61,LOCKED,37.1510,0.0000,0.0000,0.0000,0.8900,0.00,1,classical
2026-08-24T10:38:44,59.52,LOCKED,37.2153,0.0000,0.0000,0.0000,0.8900,0.00,1,classical
2026-08-24T10:38:45,60.24,LOCKED,36.7899,0.0000,0.0000,0.0000,0.8900,0.00,1,classical
2026-08-24T10:38:46,60.24,LOCKED,36.3446,0.0000,0.0000,0.0000,0.8900,0.00,1,classical
2026-08-24T10:38:47,59.88,LOCKED,35.7564,0.0000,0.0000,0.0000,0.8900,0.00,1,classical
2026-08-24T10:38:48,59.88,LOCKED,35.8051,0.0000,0.0000,0.0000,0.8900,0.00,1,classical
2026-08-24T10:38:49,58.82,LOCKED,36.5764,0.0000,0.0000,0.0000,0.8900,0.00,1,classical
2026-08-24T10:38:50,60.24,LOCKED,36.7694,0.0000,0.0000,0.0000,0.8900,0.00,1,classical
2026-08-24T10:38:51,60.61,LOCKED,37.2713,0.0000,0.0000,0.0000,0.8900,0.00,1,classical
2026-08-24T10:38:52,60.98,LOCKED,36.9633,0.0000,0.0000,0.0000,0.8900,0.00,1,classical
2026-08-24T10:38:53,60.61,LOCKED,36.5710,0.0000,0.0000,0.0000,0.8900,0.00,1,classical
2026-08-24T10:38:54,60.24,LOCKED,36.2387,0.0000,0.0000,0.0000,0.8900,0.00,1,classical
2026-08-24T10:38:55,60.24,LOCKED,35.7437,0.0000,0.0000,0.0000,0.8899,0.00,1,classical
2026-08-24T10:38:56,60.24,LOCKED,36.1196,0.0000,0.0000,0.0000,0.8900,0.00,1,classical
2026-08-24T10:38:57,61.73,LOCKED,36.2766,0.0000,0.0000,0.0000,0.8900,0.00,1,classical
2026-08-24T10:38:58,60.24,LOCKED,37.1047,0.0000,0.0000,0.0000,0.8899,0.00,1,classical
2026-08-24T10:38:59,60.24,LOCKED,37.1444,0.0000,0.0000,0.0000,0.8900,0.00,1,classical
2026-08-24T10:39:00,62.11,LOCKED,36.7856,0.0000,0.0000,0.0000,0.8900,0.00,1,classical
2026-08-24T10:39:01,59.88,LOCKED,36.5152,0.0000,0.0000,0.0000,0.8900,0.00,1,classical
2026-08-24T10:39:02,59.52,LOCKED,36.2014,0.0000,0.0000,0.0000,0.8900,0.00,1,classical
2026-08-24T10:39:03,59.17,LOCKED,36.0295,0.0000,0.0000,0.0000,0.8900,0.00,1,classical
2026-08-24T10:39:04,59.52,LOCKED,36.0721,0.0000,0.0000,0.0000,0.8900,0.00,1,classical
2026-08-24T10:39:05,61.35,LOCKED,36.4300,0.0000,0.0000,0.0000,0.8900,0.00,1,classical
2026-08-24T10:39:07,61.35,LOCKED,37.2759,0.0000,0.0000,0.0000,0.8899,0.00,1,classical
2026-08-24T10:39:08,60.98,LOCKED,37.2177,0.0000,0.0000,0.0000,0.8900,0.00,1,classical
2026-08-24T10:39:09,60.61,LOCKED,36.9016,0.0000,0.0000,0.0000,0.8900,0.00,1,classical
2026-08-24T10:39:10,60.98,LOCKED,36.2694,0.0000,0.0000,0.0000,0.8899,0.00,1,classical
2026-08-24T10:39:11,60.61,LOCKED,35.9629,0.0000,0.0000,0.0000,0.8900,0.00,1,classical
2026-08-24T10:39:12,60.24,LOCKED,35.9053,0.0000,0.0000,0.0000,0.8900,0.00,1,classical
2026-08-24T10:39:13,60.61,LOCKED,36.1858,0.0000,0.0000,0.0000,0.8900,0.00,1,classical
2026-08-24T10:39:14,60.61,LOCKED,36.7850,0.0000,0.0000,0.0000,0.8900,0.00,1,classical
2026-08-24T10:39:15,59.88,LOCKED,37.3080,0.0000,0.0000,0.0000,0.8900,0.00,1,classical
2026-08-24T10:39:16,60.61,LOCKED,37.0404,0.0000,0.0000,0.0000,0.8900,0.00,1,classical
2026-08-24T10:39:17,60.24,LOCKED,36.8937,0.0000,0.0000,0.0000,0.8900,0.00,1,classical
2026-08-24T10:39:18,60.98,LOCKED,36.1624,0.0000,0.0000,0.0000,0.8900,0.00,1,classical
2026-08-24T10:39:19,59.88,LOCKED,36.1763,0.0000,0.0000,0.0000,0.8900,0.00,1,classical
2026-08-24T10:39:20,60.24,LOCKED,35.9313,0.0000,0.0000,0.0000,0.8900,0.00,1,classical
2026-08-24T10:39:21,60.61,LOCKED,36.0697,0.0000,0.0000,0.0000,0.8900,0.00,1,classical
2026-08-24T10:39:22,59.88,LOCKED,37.0317,0.0000,0.0000,0.0000,0.8900,0.00,1,classical
2026-08-24T10:39:23,60.61,LOCKED,37.1682,0.0000,0.0000,0.0000,0.8900,0.00,1,classical
2026-08-24T10:39:24,60.61,LOCKED,36.9733,0.0000,0.0000,0.0000,0.8900,0.00,1,classical
2026-08-24T10:39:25,61.35,LOCKED,36.5938,0.0000,0.0000,0.0000,0.8899,0.00,1,classical
2026-08-24T10:39:26,59.52,LOCKED,36.2293,0.0000,0.0000,0.0000,0.8900,0.00,1,classical
2026-08-24T10:39:27,59.88,LOCKED,35.8796,0.0000,0.0000,0.0000,0.8900,0.00,1,classical
2026-08-24T10:39:28,60.24,LOCKED,36.0713,0.0000,0.0000,0.0000,0.8900,0.00,1,classical
2026-08-24T10:39:29,59.88,LOCKED,36.4204,0.0000,0.0000,0.0000,0.8900,0.00,1,classical
2026-08-24T10:39:30,59.52,LOCKED,37.0914,0.0000,0.0000,0.0000,0.8900,0.00,1,classical
2026-08-24T10:39:31,60.61,LOCKED,37.0846,0.0000,0.0000,0.0000,0.8900,0.00,1,classical
2026-08-24T10:39:32,60.24,LOCKED,37.1180,0.0000,0.0000,0.0000,0.8900,0.00,1,classical
2026-08-24T10:39:33,60.98,LOCKED,36.4175,0.0000,0.0000,0.0000,0.8900,0.00,1,classical
2026-08-24T10:39:34,59.88,LOCKED,35.9964,0.0000,0.0000,0.0000,0.8900,0.00,1,classical
2026-08-24T10:39:35,59.52,LOCKED,35.8795,0.0000,0.0000,0.0000,0.8900,0.00,1,classical
2026-08-24T10:39:36,60.61,LOCKED,35.8780,0.0000,0.0000,0.0000,0.8900,0.00,1,classical
2026-08-24T10:39:37,59.52,LOCKED,36.7324,0.0000,0.0000,0.0000,0.8900,0.00,1,classical
2026-08-24T10:39:38,60.98,LOCKED,37.0146,0.0000,0.0000,0.0000,0.8900,0.00,1,classical
2026-08-24T10:39:39,61.73,LOCKED,37.0534,0.0000,0.0000,0.0000,0.8900,0.00,1,classical
2026-08-24T10:39:40,60.61,LOCKED,37.0381,0.0000,0.0000,0.0000,0.8900,0.00,1,classical
2026-08-24T10:39:41,60.24,LOCKED,36.5490,0.0000,0.0000,0.0000,0.8900,0.00,1,classical
2026-08-24T10:39:42,60.61,LOCKED,35.9261,0.0000,0.0000,0.0000,0.8900,0.00,1,classical
2026-08-24T10:39:43,60.24,LOCKED,35.8878,0.0000,0.0000,0.0000,0.8900,0.00,1,classical
2026-08-24T10:39:44,60.61,LOCKED,36.0910,0.0000,0.0000,0.0000,0.8900,0.00,1,classical
2026-08-24T10:39:45,59.88,LOCKED,36.8016,0.0000,0.0000,0.0000,0.8900,0.00,1,classical
2026-08-24T10:39:46,59.88,LOCKED,37.2088,0.0000,0.0000,0.0000,0.8900,0.00,1,classical
2026-08-24T10:39:47,60.61,LOCKED,37.2436,0.0000,0.0000,0.0000,0.8900,0.00,1,classical
2026-08-24T10:39:48,60.24,LOCKED,36.7461,0.0000,0.0000,0.0000,0.8900,0.00,1,classical
2026-08-24T10:39:49,60.24,LOCKED,36.3151,0.0000,0.0000,0.0000,0.8899,0.00,1,classical
2026-08-24T10:39:50,60.98,LOCKED,35.7425,0.0000,0.0000,0.0000,0.8900,0.00,1,classical
2026-08-24T10:39:51,60.98,LOCKED,35.6934,0.0000,0.0000,0.0000,0.8900,0.00,1,classical
2026-08-24T10:39:52,60.61,LOCKED,36.2087,0.0000,0.0000,0.0000,0.8900,0.00,1,classical
2026-08-24T10:39:53,60.61,LOCKED,36.8322,0.0000,0.0000,0.0000,0.8900,0.00,1,classical
2026-08-24T10:39:54,59.88,LOCKED,37.2718,0.0000,0.0000,0.0000,0.8900,0.00,1,classical
2026-08-24T10:39:55,60.24,LOCKED,37.3055,0.0000,0.0000,0.0000,0.8900,0.00,1,classical
2026-08-24T10:39:56,60.98,LOCKED,36.6891,0.0000,0.0000,0.0000,0.8900,0.00,1,classical
2026-08-24T10:39:57,59.88,LOCKED,36.2585,0.0000,0.0000,0.0000,0.8900,0.00,1,classical
2026-08-24T10:39:58,60.24,LOCKED,35.7717,0.0000,0.0000,0.0000,0.8900,0.00,1,classical
2026-08-24T10:39:59,59.52,LOCKED,36.0032,0.0000,0.0000,0.0000,0.8899,0.00,1,classical
2026-08-24T10:40:00,60.24,LOCKED,36.1964,0.0000,0.0000,0.0000,0.8900,0.00,1,classical
2026-08-24T10:40:01,59.52,LOCKED,36.8240,0.0000,0.0000,0.0000,0.8900,0.00,1,classical
2026-08-24T10:40:02,60.24,LOCKED,37.1764,0.0000,0.0000,0.0000,0.8900,0.00,1,classical
2026-08-24T10:40:03,60.24,LOCKED,37.1180,0.0000,0.0000,0.0000,0.8900,0.00,1,classical
2026-08-24T10:40:04,60.61,LOCKED,36.6691,0.0000,0.0000,0.0000,0.8900,0.00,1,classical
2026-08-24T10:40:05,61.35,LOCKED,36.1076,0.0000,0.0000,0.0000,0.8900,0.00,1,classical
2026-08-24T10:40:06,60.98,LOCKED,35.6228,0.0000,0.0000,0.0000,0.8900,0.00,1,classical
2026-08-24T10:40:07,60.61,LOCKED,35.7753,0.0000,0.0000,0.0000,0.8900,0.00,1,classical
2026-08-24T10:40:08,61.35,LOCKED,36.3612,0.0000,0.0000,0.0000,0.8900,0.00,1,classical
2026-08-24T10:40:09,62.11,LOCKED,36.8448,0.0000,0.0000,0.0000,0.8900,0.00,1,classical
2026-08-24T10:40:10,60.98,LOCKED,37.2870,0.0000,0.0000,0.0000,0.8900,0.00,1,classical
2026-08-24T10:40:11,60.98,LOCKED,36.9722,0.0000,0.0000,0.0000,0.8900,0.00,1,classical
2026-08-24T10:40:12,60.24,LOCKED,36.7025,0.0000,0.0000,0.0000,0.8900,0.00,1,classical
2026-08-24T10:40:13,59.52,LOCKED,35.9794,0.0000,0.0000,0.0000,0.8900,0.00,1,classical
2026-08-24T10:40:14,60.24,LOCKED,35.5626,0.0000,0.0000,0.0000,0.8900,0.00,1,classical
2026-08-24T10:40:15,60.61,LOCKED,35.9942,0.0000,0.0000,0.0000,0.8900,0.00,1,classical
2026-08-24T10:40:16,60.24,LOCKED,36.5656,0.0000,0.0000,0.0000,0.8900,0.00,1,classical
2026-08-24T10:40:17,60.61,LOCKED,36.9736,0.0000,0.0000,0.0000,0.8900,0.00,1,classical
2026-08-24T10:40:18,60.98,LOCKED,37.0463,0.0000,0.0000,0.0000,0.8900,0.00,1,classical
2026-08-24T10:40:19,60.61,LOCKED,36.7145,0.0000,0.0000,0.0000,0.8900,0.00,1,classical
2026-08-24T10:40:20,59.88,LOCKED,36.2995,0.0000,0.0000,0.0000,0.8900,0.00,1,classical
2026-08-24T10:40:21,61.35,LOCKED,35.7626,0.0000,0.0000,0.0000,0.8899,0.00,1,classical
2026-08-24T10:40:22,60.98,LOCKED,35.7701,0.0000,0.0000,0.0000,0.8900,0.00,1,classical
2026-08-24T10:40:23,60.24,LOCKED,36.2517,0.0000,0.0000,0.0000,0.8900,0.00,1,classical
2026-08-24T10:40:24,60.61,LOCKED,36.7878,0.0000,0.0000,0.0000,0.8900,0.00,1,classical
2026-08-24T10:40:25,59.52,LOCKED,37.4133,0.0000,0.0000,0.0000,0.8899,0.00,1,classical
2026-08-24T10:40:26,60.24,LOCKED,37.1644,0.0000,0.0000,0.0000,0.8900,0.00,1,classical
2026-08-24T10:40:27,60.24,LOCKED,36.9006,0.0000,0.0000,0.0000,0.8900,0.00,1,classical
2026-08-24T10:40:28,60.98,LOCKED,36.2865,0.0000,0.0000,0.0000,0.8900,0.00,1,classical
2026-08-24T10:40:29,60.24,LOCKED,35.8042,0.0000,0.0000,0.0000,0.8900,0.00,1,classical
2026-08-24T10:40:30,59.88,LOCKED,35.8680,0.0000,0.0000,0.0000,0.8900,0.00,1,classical
2026-08-24T10:40:31,59.88,LOCKED,36.2006,0.0000,0.0000,0.0000,0.8900,0.00,1,classical
2026-08-24T10:40:32,60.61,LOCKED,36.7396,0.0000,0.0000,0.0000,0.8900,0.00,1,classical
2026-08-24T10:40:33,60.98,LOCKED,37.1116,0.0000,0.0000,0.0000,0.8900,0.00,1,classical
2026-08-24T10:40:34,60.98,LOCKED,37.0432,0.0000,0.0000,0.0000,0.8900,0.00,1,classical
2026-08-24T10:40:35,61.73,LOCKED,36.5624,0.0000,0.0000,0.0000,0.8900,0.00,1,classical
2026-08-24T10:40:36,60.24,LOCKED,36.3203,0.0000,0.0000,0.0000,0.8900,0.00,1,classical
2026-08-24T10:40:37,60.61,LOCKED,36.1091,0.0000,0.0000,0.0000,0.8900,0.00,1,classical
2026-08-24T10:40:38,61.73,LOCKED,35.8889,0.0000,0.0000,0.0000,0.8900,0.00,1,classical
2026-08-24T10:40:39,60.24,LOCKED,36.2864,0.0000,0.0000,0.0000,0.8900,0.00,1,classical
2026-08-24T10:40:40,60.24,LOCKED,37.0073,0.0000,0.0000,0.0000,0.8900,0.00,1,classical
2026-08-24T10:40:41,60.24,LOCKED,37.0985,0.0000,0.0000,0.0000,0.8900,0.00,1,classical
2026-08-24T10:40:42,59.52,LOCKED,37.2322,0.0000,0.0000,0.0000,0.8900,0.00,1,classical
2026-08-24T10:40:43,59.88,LOCKED,36.5398,0.0000,0.0000,0.0000,0.8900,0.00,1,classical
2026-08-24T10:40:44,60.98,LOCKED,35.8880,0.0000,0.0000,0.0000,0.8900,0.00,1,classical
2026-08-24T10:40:45,60.24,LOCKED,35.8167,0.0000,0.0000,0.0000,0.8900,0.00,1,classical
2026-08-24T10:40:46,61.35,LOCKED,35.8494,0.0000,0.0000,0.0000,0.8900,0.00,1,classical
2026-08-24T10:40:47,59.88,LOCKED,36.6205,0.0000,0.0000,0.0000,0.8900,0.00,1,classical
2026-08-24T10:40:48,59.88,LOCKED,37.0223,0.0000,0.0000,0.0000,0.8899,0.00,1,classical
2026-08-24T10:40:49,61.35,LOCKED,37.0214,0.0000,0.0000,0.0000,0.8900,0.00,1,classical
2026-08-24T10:40:50,59.88,LOCKED,37.0345,0.0000,0.0000,0.0000,0.8900,0.00,1,classical
2026-08-24T10:40:51,60.24,LOCKED,36.5722,0.0000,0.0000,0.0000,0.8899,0.00,1,classical
2026-08-24T10:40:52,60.61,LOCKED,35.9924,0.0000,0.0000,0.0000,0.8900,0.00,1,classical
2026-08-24T10:40:53,61.35,LOCKED,35.7765,0.0000,0.0000,0.0000,0.8900,0.00,1,classical
2026-08-24T10:40:54,60.24,LOCKED,36.1164,0.0000,0.0000,0.0000,0.8899,0.00,1,classical
2026-08-24T10:40:55,60.61,LOCKED,36.5660,0.0000,0.0000,0.0000,0.8899,0.00,1,classical
2026-08-24T10:40:56,60.24,LOCKED,37.1881,0.0000,0.0000,0.0000,0.8900,0.00,1,classical
2026-08-24T10:40:57,59.88,LOCKED,37.2897,0.0000,0.0000,0.0000,0.8900,0.00,1,classical
2026-08-24T10:40:58,60.24,LOCKED,36.8816,0.0000,0.0000,0.0000,0.8900,0.00,1,classical
2026-08-24T10:40:59,60.24,LOCKED,36.3689,0.0000,0.0000,0.0000,0.8900,0.00,1,classical
2026-08-24T10:41:00,60.24,LOCKED,35.9276,0.0000,0.0000,0.0000,0.8900,0.00,1,classical
2026-08-24T10:41:01,60.98,LOCKED,35.7340,0.0000,0.0000,0.0000,0.8900,0.00,1,classical
2026-08-24T10:41:02,59.88,LOCKED,36.1878,0.0000,0.0000,0.0000,0.8900,0.00,1,classical
2026-08-24T10:41:04,60.98,LOCKED,36.7827,0.0000,0.0000,0.0000,0.8900,0.00,1,classical
2026-08-24T10:41:05,61.73,LOCKED,36.7491,0.0000,0.0000,0.0000,0.8900,0.00,1,classical
2026-08-24T10:41:06,60.61,LOCKED,37.3339,0.0000,0.0000,0.0000,0.8900,0.00,1,classical
2026-08-24T10:41:07,60.98,LOCKED,36.9414,0.0000,0.0000,0.0000,0.8900,0.00,1,classical
2026-08-24T10:41:08,60.61,LOCKED,36.3177,0.0000,0.0000,0.0000,0.8900,0.00,1,classical
2026-08-24T10:41:09,60.24,LOCKED,36.0812,0.0000,0.0000,0.0000,0.8900,0.00,1,classical
2026-08-24T10:41:10,60.24,LOCKED,35.6838,0.0000,0.0000,0.0000,0.8900,0.00,1,classical
2026-08-24T10:41:11,60.61,LOCKED,36.2019,0.0000,0.0000,0.0000,0.8900,0.00,1,classical
2026-08-24T10:41:12,60.24,LOCKED,36.7380,0.0000,0.0000,0.0000,0.8900,0.00,1,classical
2026-08-24T10:41:13,59.88,LOCKED,37.2177,0.0000,0.0000,0.0000,0.8900,0.00,1,classical
2026-08-24T10:41:14,59.52,LOCKED,37.0282,0.0000,0.0000,0.0000,0.8900,0.00,1,classical
2026-08-24T10:41:15,60.61,LOCKED,36.8326,0.0000,0.0000,0.0000,0.8900,0.00,1,classical
2026-08-24T10:41:16,61.35,LOCKED,35.9886,0.0000,0.0000,0.0000,0.8900,0.00,1,classical
2026-08-24T10:41:17,60.98,LOCKED,35.8205,0.0000,0.0000,0.0000,0.8899,0.00,1,classical
2026-08-24T10:41:18,60.61,LOCKED,35.9171,0.0000,0.0000,0.0000,0.8900,0.00,1,classical
2026-08-24T10:41:19,59.88,LOCKED,36.5312,0.0000,0.0000,0.0000,0.8899,0.00,1,classical
2026-08-24T10:41:20,60.98,LOCKED,36.8047,0.0000,0.0000,0.0000,0.8900,0.00,1,classical
2026-08-24T10:41:21,60.24,LOCKED,37.2803,0.0000,0.0000,0.0000,0.8900,0.00,1,classical
2026-08-24T10:41:22,60.24,LOCKED,37.1252,0.0000,0.0000,0.0000,0.8900,0.00,1,classical
2026-08-24T10:41:23,59.88,LOCKED,36.6494,0.0000,0.0000,0.0000,0.8900,0.00,1,classical
2026-08-24T10:41:24,60.98,LOCKED,35.8680,0.0000,0.0000,0.0000,0.8900,0.00,1,classical
2026-08-24T10:41:25,59.17,LOCKED,35.9426,0.0000,0.0000,0.0000,0.8900,0.00,1,classical
2026-08-24T10:41:26,60.24,LOCKED,36.0121,0.0000,0.0000,0.0000,0.8900,0.00,1,classical
2026-08-24T10:41:27,59.17,LOCKED,36.5994,0.0000,0.0000,0.0000,0.8900,0.00,1,classical
2026-08-24T10:41:28,60.98,LOCKED,36.7200,0.0000,0.0000,0.0000,0.8900,0.00,1,classical
2026-08-24T10:41:29,60.61,LOCKED,37.2641,0.0000,0.0000,0.0000,0.8900,0.00,1,classical
2026-08-24T10:41:30,60.98,LOCKED,36.7948,0.0000,0.0000,0.0000,0.8900,0.00,1,classical
2026-08-24T10:41:31,60.61,LOCKED,36.4588,0.0000,0.0000,0.0000,0.8900,0.00,1,classical
2026-08-24T10:41:32,60.61,LOCKED,35.9211,0.0000,0.0000,0.0000,0.8900,0.00,1,classical
2026-08-24T10:41:33,60.98,LOCKED,35.6476,0.0000,0.0000,0.0000,0.8900,0.00,1,classical
2026-08-24T10:41:34,61.73,LOCKED,36.1523,0.0000,0.0000,0.0000,0.8900,0.00,1,classical
2026-08-24T10:41:35,61.35,LOCKED,36.5217,0.0000,0.0000,0.0000,0.8900,0.00,1,classical
2026-08-24T10:41:36,60.61,LOCKED,36.9992,0.0000,0.0000,0.0000,0.8900,0.00,1,classical
2026-08-24T10:41:37,59.88,LOCKED,37.4814,0.0000,0.0000,0.0000,0.8900,0.00,1,classical
2026-08-24T10:41:38,60.98,LOCKED,36.6944,0.0000,0.0000,0.0000,0.8900,0.00,1,classical
2026-08-24T10:41:39,60.61,LOCKED,36.3268,0.0000,0.0000,0.0000,0.8900,0.00,1,classical
2026-08-24T10:41:40,60.98,LOCKED,35.7265,0.0000,0.0000,0.0000,0.8900,0.00,1,classical
2026-08-24T10:41:41,60.61,LOCKED,35.7538,0.0000,0.0000,0.0000,0.8900,0.00,1,classical
2026-08-24T10:41:42,60.24,LOCKED,36.2820,0.0000,0.0000,0.0000,0.8900,0.00,1,classical
2026-08-24T10:41:43,60.61,LOCKED,36.8309,0.0000,0.0000,0.0000,0.8900,0.00,1,classical
2026-08-24T10:41:44,60.61,LOCKED,37.0387,0.0000,0.0000,0.0000,0.8900,0.00,1,classical
2026-08-24T10:41:45,60.24,LOCKED,37.1584,0.0000,0.0000,0.0000,0.8900,0.00,1,classical
2026-08-24T10:41:46,60.98,LOCKED,36.6974,0.0000,0.0000,0.0000,0.8900,0.00,1,classical
2026-08-24T10:41:47,60.98,LOCKED,36.1948,0.0000,0.0000,0.0000,0.8900,0.00,1,classical
2026-08-24T10:41:48,59.88,LOCKED,35.9779,0.0000,0.0000,0.0000,0.8899,0.00,1,classical
2026-08-24T10:41:49,60.24,LOCKED,35.9770,0.0000,0.0000,0.0000,0.8900,0.00,1,classical
2026-08-24T10:41:50,59.88,LOCKED,36.4675,0.0000,0.0000,0.0000,0.8900,0.00,1,classical
2026-08-24T10:41:51,59.88,LOCKED,36.7783,0.0000,0.0000,0.0000,0.8900,0.00,1,classical
2026-08-24T10:41:52,60.24,LOCKED,37.4014,0.0000,0.0000,0.0000,0.8900,0.00,1,classical
2026-08-24T10:41:53,59.52,LOCKED,37.2867,0.0000,0.0000,0.0000,0.8900,0.00,1,classical
2026-08-24T10:41:54,59.17,LOCKED,36.7126,0.0000,0.0000,0.0000,0.8900,0.00,1,classical
2026-08-24T10:41:55,59.52,LOCKED,35.9242,0.0000,0.0000,0.0000,0.8900,0.00,1,classical
2026-08-24T10:41:56,59.88,LOCKED,35.8483,0.0000,0.0000,0.0000,0.8900,0.00,1,classical
2026-08-24T10:41:57,60.61,LOCKED,35.8556,0.0000,0.0000,0.0000,0.8900,0.00,1,classical
2026-08-24T10:41:58,60.24,LOCKED,36.5059,0.0000,0.0000,0.0000,0.8900,0.00,1,classical
2026-08-24T10:41:59,60.61,LOCKED,36.8193,0.0000,0.0000,0.0000,0.8900,0.00,1,classical
2026-08-24T10:42:00,60.61,LOCKED,37.1630,0.0000,0.0000,0.0000,0.8900,0.00,1,classical
2026-08-24T10:42:01,60.61,LOCKED,37.0652,0.0000,0.0000,0.0000,0.8900,0.00,1,classical
2026-08-24T10:42:02,61.35,LOCKED,36.6627,0.0000,0.0000,0.0000,0.8900,0.00,1,classical
2026-08-24T10:42:03,60.24,LOCKED,36.0905,0.0000,0.0000,0.0000,0.8899,0.00,1,classical
2026-08-24T10:42:04,59.88,LOCKED,35.7770,0.0000,0.0000,0.0000,0.8899,0.00,1,classical
2026-08-24T10:42:05,61.35,LOCKED,35.9404,0.0000,0.0000,0.0000,0.8900,0.00,1,classical
2026-08-24T10:42:06,60.24,LOCKED,36.5612,0.0000,0.0000,0.0000,0.8900,0.00,1,classical
2026-08-24T10:42:07,60.61,LOCKED,36.9330,0.0000,0.0000,0.0000,0.8900,0.00,1,classical
2026-08-24T10:42:08,60.24,LOCKED,37.1791,0.0000,0.0000,0.0000,0.8900,0.00,1,classical
2026-08-24T10:42:09,60.61,LOCKED,36.8114,0.0000,0.0000,0.0000,0.8900,0.00,1,classical
2026-08-24T10:42:10,59.52,LOCKED,36.4105,0.0000,0.0000,0.0000,0.8900,0.00,1,classical
2026-08-24T10:42:11,61.35,LOCKED,35.7187,0.0000,0.0000,0.0000,0.8900,0.00,1,classical
2026-08-24T10:42:12,60.24,LOCKED,35.8552,0.0000,0.0000,0.0000,0.8900,0.00,1,classical
2026-08-24T10:42:13,60.61,LOCKED,36.1082,0.0000,0.0000,0.0000,0.8900,0.00,1,classical
2026-08-24T10:42:14,59.88,LOCKED,36.7948,0.0000,0.0000,0.0000,0.8900,0.00,1,classical
2026-08-24T10:42:15,60.61,LOCKED,37.1186,0.0000,0.0000,0.0000,0.8900,0.00,1,classical
2026-08-24T10:42:16,60.61,LOCKED,37.2544,0.0000,0.0000,0.0000,0.8900,0.00,1,classical
2026-08-24T10:42:17,60.61,LOCKED,36.9719,0.0000,0.0000,0.0000,0.8900,0.00,1,classical
2026-08-24T10:42:18,60.61,LOCKED,36.3087,0.0000,0.0000,0.0000,0.8900,0.00,1,classical
2026-08-24T10:42:19,59.88,LOCKED,35.9341,0.0000,0.0000,0.0000,0.8900,0.00,1,classical
2026-08-24T10:42:20,60.98,LOCKED,35.9117,0.0000,0.0000,0.0000,0.8900,0.00,1,classical
2026-08-24T10:42:21,60.61,LOCKED,36.1825,0.0000,0.0000,0.0000,0.8900,0.00,1,classical
2026-08-24T10:42:22,59.88,LOCKED,36.8088,0.0000,0.0000,0.0000,0.8900,0.00,1,classical
2026-08-24T10:42:23,60.61,LOCKED,37.0861,0.0000,0.0000,0.0000,0.8900,0.00,1,classical
2026-08-24T10:42:24,60.61,LOCKED,36.9662,0.0000,0.0000,0.0000,0.8900,0.00,1,classical
2026-08-24T10:42:25,60.24,LOCKED,37.0101,0.0000,0.0000,0.0000,0.8900,0.00,1,classical
2026-08-24T10:42:26,60.98,LOCKED,35.9689,0.0000,0.0000,0.0000,0.8900,0.00,1,classical
2026-08-24T10:42:27,60.98,LOCKED,35.8471,0.0000,0.0000,0.0000,0.8900,0.00,1,classical
2026-08-24T10:42:28,60.98,LOCKED,35.6523,0.0000,0.0000,0.0000,0.8900,0.00,1,classical
2026-08-24T10:42:29,60.61,LOCKED,36.5506,0.0000,0.0000,0.0000,0.8900,0.00,1,classical
2026-08-24T10:42:30,60.61,LOCKED,36.7229,0.0000,0.0000,0.0000,0.8900,0.00,1,classical
2026-08-24T10:42:31,60.98,LOCKED,37.1544,0.0000,0.0000,0.0000,0.8900,0.00,1,classical
2026-08-24T10:42:32,60.24,LOCKED,37.0812,0.0000,0.0000,0.0000,0.8900,0.00,1,classical
2026-08-24T10:42:33,60.24,LOCKED,36.5440,0.0000,0.0000,0.0000,0.8900,0.00,1,classical
2026-08-24T10:42:34,59.88,LOCKED,35.9409,0.0000,0.0000,0.0000,0.8900,0.00,1,classical
2026-08-24T10:42:35,59.88,LOCKED,35.9161,0.0000,0.0000,0.0000,0.8900,0.00,1,classical
2026-08-24T10:42:36,60.24,LOCKED,35.9348,0.0000,0.0000,0.0000,0.8900,0.00,1,classical
2026-08-24T10:42:37,60.24,LOCKED,36.4806,0.0000,0.0000,0.0000,0.8900,0.00,1,classical
2026-08-24T10:42:38,60.24,LOCKED,36.8574,0.0000,0.0000,0.0000,0.8900,0.00,1,classical
2026-08-24T10:42:39,60.24,LOCKED,37.0722,0.0000,0.0000,0.0000,0.8900,0.00,1,classical
2026-08-24T10:42:40,61.35,LOCKED,36.9828,0.0000,0.0000,0.0000,0.8900,0.00,1,classical
2026-08-24T10:42:41,60.61,LOCKED,36.3119,0.0000,0.0000,0.0000,0.8900,0.00,1,classical
2026-08-24T10:42:42,60.24,LOCKED,36.1207,0.0000,0.0000,0.0000,0.8900,0.00,1,classical
2026-08-24T10:42:43,60.24,LOCKED,35.7889,0.0000,0.0000,0.0000,0.8900,0.00,1,classical
2026-08-24T10:42:44,61.73,LOCKED,35.7889,0.0000,0.0000,0.0000,0.8900,0.00,1,classical
2026-08-24T10:42:45,60.98,LOCKED,36.6094,0.0000,0.0000,0.0000,0.8900,0.00,1,classical
2026-08-24T10:42:46,60.98,LOCKED,37.1037,0.0000,0.0000,0.0000,0.8900,0.00,1,classical
2026-08-24T10:42:47,59.52,LOCKED,37.5977,0.0000,0.0000,0.0000,0.8899,0.00,1,classical
2026-08-24T10:42:48,60.61,LOCKED,37.0846,0.0000,0.0000,0.0000,0.8900,0.00,1,classical
2026-08-24T10:42:49,59.52,LOCKED,36.5045,0.0000,0.0000,0.0000,0.8900,0.00,1,classical
2026-08-24T10:42:50,59.88,LOCKED,36.0247,0.0000,0.0000,0.0000,0.8900,0.00,1,classical
2026-08-24T10:42:51,59.17,LOCKED,35.7564,0.0000,0.0000,0.0000,0.8900,0.00,1,classical
2026-08-24T10:42:52,60.98,LOCKED,35.9279,0.0000,0.0000,0.0000,0.8900,0.00,1,classical
2026-08-24T10:42:53,60.24,LOCKED,36.7062,0.0000,0.0000,0.0000,0.8900,0.00,1,classical
2026-08-24T10:42:54,61.73,LOCKED,37.0848,0.0000,0.0000,0.0000,0.8900,0.00,1,classical
2026-08-24T10:42:55,59.52,LOCKED,37.3571,0.0000,0.0000,0.0000,0.8900,0.00,1,classical
2026-08-24T10:42:56,61.35,LOCKED,36.9434,0.0000,0.0000,0.0000,0.8900,0.00,1,classical
2026-08-24T10:42:57,61.35,LOCKED,36.1741,0.0000,0.0000,0.0000,0.8900,0.00,1,classical
2026-08-24T10:42:58,60.24,LOCKED,35.9877,0.0000,0.0000,0.0000,0.8900,0.00,1,classical
2026-08-24T10:43:00,60.98,LOCKED,35.9007,0.0000,0.0000,0.0000,0.8900,0.00,1,classical
2026-08-24T10:43:01,60.98,LOCKED,36.3178,0.0000,0.0000,0.0000,0.8900,0.00,1,classical
2026-08-24T10:43:02,60.98,LOCKED,37.0353,0.0000,0.0000,0.0000,0.8900,0.00,1,classical
2026-08-24T10:43:03,59.88,LOCKED,37.1111,0.0000,0.0000,0.0000,0.8899,0.00,1,classical
2026-08-24T10:43:04,61.35,LOCKED,36.8530,0.0000,0.0000,0.0000,0.8900,0.00,1,classical
2026-08-24T10:43:05,60.24,LOCKED,36.8232,0.0000,0.0000,0.0000,0.8899,0.00,1,classical
2026-08-24T10:43:06,61.35,LOCKED,35.9198,0.0000,0.0000,0.0000,0.8899,0.00,1,classical
2026-08-24T10:43:07,59.88,LOCKED,35.8409,0.0000,0.0000,0.0000,0.8900,0.00,1,classical
2026-08-24T10:43:08,59.88,LOCKED,35.9390,0.0000,0.0000,0.0000,0.8900,0.00,1,classical
2026-08-24T10:43:09,60.98,LOCKED,36.2924,0.0000,0.0000,0.0000,0.8899,0.00,1,classical
2026-08-24T10:43:10,60.24,LOCKED,36.7349,0.0000,0.0000,0.0000,0.8900,0.00,1,classical
2026-08-24T10:43:11,60.98,LOCKED,37.2287,0.0000,0.0000,0.0000,0.8900,0.00,1,classical
2026-08-24T10:43:12,59.52,LOCKED,37.1296,0.0000,0.0000,0.0000,0.8900,0.00,1,classical
2026-08-24T10:43:13,59.52,LOCKED,36.7256,0.0000,0.0000,0.0000,0.8900,0.00,1,classical
2026-08-24T10:43:14,59.17,LOCKED,36.1342,0.0000,0.0000,0.0000,0.8900,0.00,1,classical
2026-08-24T10:43:15,60.98,LOCKED,35.8052,0.0000,0.0000,0.0000,0.8900,0.00,1,classical
2026-08-24T10:43:16,59.88,LOCKED,35.9601,0.0000,0.0000,0.0000,0.8900,0.00,1,classical
2026-08-24T10:43:17,60.61,LOCKED,36.4573,0.0000,0.0000,0.0000,0.8900,0.00,1,classical
2026-08-24T10:43:18,60.61,LOCKED,36.9677,0.0000,0.0000,0.0000,0.8900,0.00,1,classical
2026-08-24T10:43:19,60.24,LOCKED,37.1946,0.0000,0.0000,0.0000,0.8899,0.00,1,classical
2026-08-24T10:43:20,60.24,LOCKED,37.1288,0.0000,0.0000,0.0000,0.8900,0.00,1,classical
2026-08-24T10:43:21,60.61,LOCKED,36.2741,0.0000,0.0000,0.0000,0.8900,0.00,1,classical
2026-08-24T10:43:22,60.98,LOCKED,35.9587,0.0000,0.0000,0.0000,0.8899,0.00,1,classical
2026-08-24T10:43:23,60.61,LOCKED,35.5811,0.0000,0.0000,0.0000,0.8900,0.00,1,classical
2026-08-24T10:43:24,59.88,LOCKED,36.0888,0.0000,0.0000,0.0000,0.8900,0.00,1,classical
2026-08-24T10:43:25,60.61,LOCKED,36.5514,0.0000,0.0000,0.0000,0.8900,0.00,1,classical
2026-08-24T10:43:26,60.61,LOCKED,36.9931,0.0000,0.0000,0.0000,0.8900,0.00,1,classical
2026-08-24T10:43:27,60.98,LOCKED,37.0299,0.0000,0.0000,0.0000,0.8900,0.00,1,classical
2026-08-24T10:43:28,60.61,LOCKED,36.8310,0.0000,0.0000,0.0000,0.8900,0.00,1,classical
2026-08-24T10:43:29,60.61,LOCKED,36.2962,0.0000,0.0000,0.0000,0.8900,0.00,1,classical
2026-08-24T10:43:30,60.24,LOCKED,35.9896,0.0000,0.0000,0.0000,0.8900,0.00,1,classical
2026-08-24T10:43:31,61.73,LOCKED,35.9373,0.0000,0.0000,0.0000,0.8899,0.00,1,classical
2026-08-24T10:43:32,60.24,LOCKED,36.3378,0.0000,0.0000,0.0000,0.8900,0.00,1,classical
2026-08-24T10:43:33,59.17,LOCKED,36.8348,0.0000,0.0000,0.0000,0.8900,0.00,1,classical
2026-08-24T10:43:34,60.61,LOCKED,36.8544,0.0000,0.0000,0.0000,0.8900,0.00,1,classical
2026-08-24T10:43:35,60.98,LOCKED,37.1422,0.0000,0.0000,0.0000,0.8900,0.00,1,classical
2026-08-24T10:43:36,60.24,LOCKED,36.9560,0.0000,0.0000,0.0000,0.8900,0.00,1,classical
2026-08-24T10:43:37,60.98,LOCKED,36.2349,0.0000,0.0000,0.0000,0.8900,0.00,1,classical
2026-08-24T10:43:38,59.88,LOCKED,35.9943,0.0000,0.0000,0.0000,0.8900,0.00,1,classical
2026-08-24T10:43:39,59.52,LOCKED,35.9815,0.0000,0.0000,0.0000,0.8900,0.00,1,classical
2026-08-24T10:43:40,60.61,LOCKED,36.2657,0.0000,0.0000,0.0000,0.8900,0.00,1,classical
2026-08-24T10:43:41,60.61,LOCKED,36.8048,0.0000,0.0000,0.0000,0.8900,0.00,1,classical
2026-08-24T10:43:42,60.61,LOCKED,37.0975,0.0000,0.0000,0.0000,0.8900,0.00,1,classical
2026-08-24T10:43:43,59.88,LOCKED,37.3931,0.0000,0.0000,0.0000,0.8899,0.00,1,classical
2026-08-24T10:43:44,60.24,LOCKED,36.6971,0.0000,0.0000,0.0000,0.8900,0.00,1,classical
2026-08-24T10:43:45,60.24,LOCKED,36.1106,0.0000,0.0000,0.0000,0.8899,0.00,1,classical
2026-08-24T10:43:46,59.88,LOCKED,36.0310,0.0000,0.0000,0.0000,0.8900,0.00,1,classical
2026-08-24T10:43:47,59.88,LOCKED,35.9746,0.0000,0.0000,0.0000,0.8900,0.00,1,classical
2026-08-24T10:43:48,60.98,LOCKED,36.3565,0.0000,0.0000,0.0000,0.8900,0.00,1,classical
2026-08-24T10:43:49,59.88,LOCKED,37.0164,0.0000,0.0000,0.0000,0.8900,0.00,1,classical
2026-08-24T10:43:50,60.61,LOCKED,36.9452,0.0000,0.0000,0.0000,0.8900,0.00,1,classical
2026-08-24T10:43:51,59.88,LOCKED,37.1975,0.0000,0.0000,0.0000,0.8900,0.00,1,classical
2026-08-24T10:43:52,59.88,LOCKED,36.3791,0.0000,0.0000,0.0000,0.8900,0.00,1,classical
2026-08-24T10:43:53,59.88,LOCKED,36.0330,0.0000,0.0000,0.0000,0.8900,0.00,1,classical
2026-08-24T10:43:54,60.98,LOCKED,35.7770,0.0000,0.0000,0.0000,0.8899,0.00,1,classical
2026-08-24T10:43:55,60.24,LOCKED,35.9564,0.0000,0.0000,0.0000,0.8900,0.00,1,classical
2026-08-24T10:43:56,60.61,LOCKED,36.5367,0.0000,0.0000,0.0000,0.8900,0.00,1,classical
2026-08-24T10:43:57,60.61,LOCKED,37.1234,0.0000,0.0000,0.0000,0.8900,0.00,1,classical
2026-08-24T10:43:58,60.61,LOCKED,37.1413,0.0000,0.0000,0.0000,0.8900,0.00,1,classical
2026-08-24T10:43:59,60.98,LOCKED,36.9551,0.0000,0.0000,0.0000,0.8900,0.00,1,classical
2026-08-24T10:44:00,59.88,LOCKED,36.6429,0.0000,0.0000,0.0000,0.8900,0.00,1,classical
2026-08-24T10:44:01,59.88,LOCKED,36.0851,0.0000,0.0000,0.0000,0.8900,0.00,1,classical
2026-08-24T10:44:02,60.61,LOCKED,35.7312,0.0000,0.0000,0.0000,0.8900,0.00,1,classical
2026-08-24T10:44:03,61.35,LOCKED,35.8831,0.0000,0.0000,0.0000,0.8900,0.00,1,classical
2026-08-24T10:44:04,59.52,LOCKED,36.8851,0.0000,0.0000,0.0000,0.8900,0.00,1,classical
2026-08-24T10:44:05,60.24,LOCKED,36.9732,0.0000,0.0000,0.0000,0.8900,0.00,1,classical
2026-08-24T10:44:06,60.61,LOCKED,37.0114,0.0000,0.0000,0.0000,0.8900,0.00,1,classical
2026-08-24T10:44:07,60.24,LOCKED,37.0629,0.0000,0.0000,0.0000,0.8899,0.00,1,classical
2026-08-24T10:44:08,60.61,LOCKED,36.3966,0.0000,0.0000,0.0000,0.8900,0.00,1,classical
2026-08-24T10:44:09,60.98,LOCKED,35.9300,0.0000,0.0000,0.0000,0.8900,0.00,1,classical
2026-08-24T10:44:10,60.98,LOCKED,35.6570,0.0000,0.0000,0.0000,0.8900,0.00,1,classical
2026-08-24T10:44:11,60.61,LOCKED,36.1528,0.0000,0.0000,0.0000,0.8900,0.00,1,classical
2026-08-24T10:44:12,60.61,LOCKED,36.8259,0.0000,0.0000,0.0000,0.8900,0.00,1,classical
2026-08-24T10:44:13,60.24,LOCKED,37.1057,0.0000,0.0000,0.0000,0.8900,0.00,1,classical
2026-08-24T10:44:14,60.61,LOCKED,37.2448,0.0000,0.0000,0.0000,0.8900,0.00,1,classical
2026-08-24T10:44:15,60.24,LOCKED,36.6991,0.0000,0.0000,0.0000,0.8900,0.00,1,classical
2026-08-24T10:44:16,59.52,LOCKED,36.2380,0.0000,0.0000,0.0000,0.8899,0.00,1,classical
2026-08-24T10:44:17,60.24,LOCKED,35.7471,0.0000,0.0000,0.0000,0.8900,0.00,1,classical
2026-08-24T10:44:18,59.88,LOCKED,36.0053,0.0000,0.0000,0.0000,0.8900,0.00,1,classical
2026-08-24T10:44:19,59.52,LOCKED,36.4763,0.0000,0.0000,0.0000,0.8900,0.00,1,classical
2026-08-24T10:44:20,60.61,LOCKED,36.6691,0.0000,0.0000,0.0000,0.8900,0.00,1,classical
2026-08-24T10:44:21,60.98,LOCKED,37.0752,0.0000,0.0000,0.0000,0.8900,0.00,1,classical
2026-08-24T10:44:22,60.98,LOCKED,37.2028,0.0000,0.0000,0.0000,0.8900,0.00,1,classical
2026-08-24T10:44:23,60.61,LOCKED,36.6790,0.0000,0.0000,0.0000,0.8900,0.00,1,classical
2026-08-24T10:44:24,60.98,LOCKED,36.1143,0.0000,0.0000,0.0000,0.8900,0.00,1,classical
2026-08-24T10:44:25,60.61,LOCKED,35.8361,0.0000,0.0000,0.0000,0.8900,0.00,1,classical
2026-08-24T10:44:26,61.35,LOCKED,35.7476,0.0000,0.0000,0.0000,0.8900,0.00,1,classical
2026-08-24T10:44:27,60.61,LOCKED,36.5021,0.0000,0.0000,0.0000,0.8900,0.00,1,classical
2026-08-24T10:44:28,59.88,LOCKED,37.2357,0.0000,0.0000,0.0000,0.8900,0.00,1,classical
2026-08-24T10:44:29,59.88,LOCKED,37.2536,0.0000,0.0000,0.0000,0.8900,0.00,1,classical
2026-08-24T10:44:30,61.35,LOCKED,36.9018,0.0000,0.0000,0.0000,0.8900,0.00,1,classical
2026-08-24T10:44:31,60.61,LOCKED,36.6086,0.0000,0.0000,0.0000,0.8900,0.00,1,classical
2026-08-24T10:44:32,59.52,LOCKED,36.0584,0.0000,0.0000,0.0000,0.8900,0.00,1,classical
2026-08-24T10:44:33,58.82,LOCKED,35.9099,0.0000,0.0000,0.0000,0.8900,0.00,1,classical
2026-08-24T10:44:34,59.88,LOCKED,36.2883,0.0000,0.0000,0.0000,0.8900,0.00,1,classical
2026-08-24T10:44:35,60.61,LOCKED,36.6062,0.0000,0.0000,0.0000,0.8900,0.00,1,classical
2026-08-24T10:44:36,60.24,LOCKED,36.9291,0.0000,0.0000,0.0000,0.8900,0.00,1,classical
2026-08-24T10:44:37,60.98,LOCKED,37.2006,0.0000,0.0000,0.0000,0.8900,0.00,1,classical
2026-08-24T10:44:38,60.98,LOCKED,37.0145,0.0000,0.0000,0.0000,0.8900,0.00,1,classical
2026-08-24T10:44:39,60.24,LOCKED,36.4273,0.0000,0.0000,0.0000,0.8899,0.00,1,classical
2026-08-24T10:44:40,61.35,LOCKED,35.8786,0.0000,0.0000,0.0000,0.8900,0.00,1,classical
2026-08-24T10:44:41,60.61,LOCKED,35.8200,0.0000,0.0000,0.0000,0.8900,0.00,1,classical
2026-08-24T10:44:42,60.61,LOCKED,36.2528,0.0000,0.0000,0.0000,0.8900,0.00,1,classical
2026-08-24T10:44:43,60.98,LOCKED,36.6102,0.0000,0.0000,0.0000,0.8900,0.00,1,classical
2026-08-24T10:44:44,59.88,LOCKED,37.2911,0.0000,0.0000,0.0000,0.8900,0.00,1,classical
2026-08-24T10:44:45,59.52,LOCKED,37.3621,0.0000,0.0000,0.0000,0.8900,0.00,1,classical
2026-08-24T10:44:46,60.98,LOCKED,36.7624,0.0000,0.0000,0.0000,0.8900,0.00,1,classical
2026-08-24T10:44:47,59.88,LOCKED,36.3601,0.0000,0.0000,0.0000,0.8900,0.00,1,classical
2026-08-24T10:44:48,60.24,LOCKED,35.9269,0.0000,0.0000,0.0000,0.8900,0.00,1,classical
2026-08-24T10:44:49,60.24,LOCKED,35.7752,0.0000,0.0000,0.0000,0.8900,0.00,1,classical
2026-08-24T10:44:50,60.98,LOCKED,36.0196,0.0000,0.0000,0.0000,0.8900,0.00,1,classical
2026-08-24T10:44:51,60.24,LOCKED,36.7969,0.0000,0.0000,0.0000,0.8900,0.00,1,classical
2026-08-24T10:44:52,60.61,LOCKED,37.0005,0.0000,0.0000,0.0000,0.8900,0.00,1,classical
2026-08-24T10:44:53,59.88,LOCKED,37.2150,0.0000,0.0000,0.0000,0.8900,0.00,1,classical
2026-08-24T10:44:54,61.73,LOCKED,36.6210,0.0000,0.0000,0.0000,0.8900,0.00,1,classical
2026-08-24T10:44:55,60.98,LOCKED,36.2104,0.0000,0.0000,0.0000,0.8899,0.00,1,classical
2026-08-24T10:44:56,60.61,LOCKED,35.7676,0.0000,0.0000,0.0000,0.8900,0.00,1,classical
2026-08-24T10:44:57,60.24,LOCKED,35.9167,0.0000,0.0000,0.0000,0.8900,0.00,1,classical
2026-08-24T10:44:58,59.52,LOCKED,36.5813,0.0000,0.0000,0.0000,0.8900,0.00,1,classical
2026-08-24T10:44:59,59.88,LOCKED,36.8693,0.0000,0.0000,0.0000,0.8900,0.00,1,classical
2026-08-24T10:45:00,59.88,LOCKED,37.1555,0.0000,0.0000,0.0000,0.8899,0.00,1,classical
2026-08-24T10:45:01,60.61,LOCKED,37.0494,0.0000,0.0000,0.0000,0.8900,0.00,1,classical
2026-08-24T10:45:02,59.88,LOCKED,36.6562,0.0000,0.0000,0.0000,0.8900,0.00,1,classical
2026-08-24T10:45:04,61.73,LOCKED,35.9096,0.0000,0.0000,0.0000,0.8900,0.00,1,classical
2026-08-24T10:45:05,59.52,LOCKED,35.9699,0.0000,0.0000,0.0000,0.8899,0.00,1,classical
2026-08-24T10:45:06,60.98,LOCKED,35.7005,0.0000,0.0000,0.0000,0.8900,0.00,1,classical
2026-08-24T10:45:07,59.88,LOCKED,36.5593,0.0000,0.0000,0.0000,0.8900,0.00,1,classical
2026-08-24T10:45:08,60.61,LOCKED,37.0114,0.0000,0.0000,0.0000,0.8900,0.00,1,classical
2026-08-24T10:45:09,60.98,LOCKED,37.1976,0.0000,0.0000,0.0000,0.8900,0.00,1,classical
2026-08-24T10:45:10,60.24,LOCKED,37.1573,0.0000,0.0000,0.0000,0.8899,0.00,1,classical
2026-08-24T10:45:11,61.73,LOCKED,36.2517,0.0000,0.0000,0.0000,0.8900,0.00,1,classical
2026-08-24T10:45:12,60.61,LOCKED,36.1578,0.0000,0.0000,0.0000,0.8900,0.00,1,classical
2026-08-24T10:45:13,60.24,LOCKED,35.7462,0.0000,0.0000,0.0000,0.8900,0.00,1,classical
2026-08-24T10:45:14,60.61,LOCKED,35.9720,0.0000,0.0000,0.0000,0.8900,0.00,1,classical
2026-08-24T10:45:15,61.73,LOCKED,36.4288,0.0000,0.0000,0.0000,0.8900,0.00,1,classical
2026-08-24T10:45:16,60.61,LOCKED,37.0549,0.0000,0.0000,0.0000,0.8900,0.00,1,classical
2026-08-24T10:45:17,61.73,LOCKED,36.9356,0.0000,0.0000,0.0000,0.8900,0.00,1,classical
2026-08-24T10:45:18,59.88,LOCKED,36.8271,0.0000,0.0000,0.0000,0.8900,0.00,1,classical
2026-08-24T10:45:19,60.24,LOCKED,36.4480,0.0000,0.0000,0.0000,0.8900,0.00,1,classical
2026-08-24T10:45:20,60.61,LOCKED,36.0232,0.0000,0.0000,0.0000,0.8900,0.00,1,classical
2026-08-24T10:45:21,60.61,LOCKED,35.8804,0.0000,0.0000,0.0000,0.8900,0.00,1,classical
2026-08-24T10:45:22,60.61,LOCKED,35.9661,0.0000,0.0000,0.0000,0.8900,0.00,1,classical
2026-08-24T10:45:23,60.98,LOCKED,36.7085,0.0000,0.0000,0.0000,0.8900,0.00,1,classical
2026-08-24T10:45:24,60.24,LOCKED,37.2137,0.0000,0.0000,0.0000,0.8900,0.00,1,classical
2026-08-24T10:45:25,59.52,LOCKED,37.4231,0.0000,0.0000,0.0000,0.8900,0.00,1,classical
2026-08-24T10:45:26,59.17,LOCKED,36.8953,0.0000,0.0000,0.0000,0.8899,0.00,1,classical
2026-08-24T10:45:27,59.17,LOCKED,36.3682,0.0000,0.0000,0.0000,0.8900,0.00,1,classical
2026-08-24T10:45:28,59.88,LOCKED,35.8373,0.0000,0.0000,0.0000,0.8900,0.00,1,classical
2026-08-24T10:45:29,60.24,LOCKED,35.8701,0.0000,0.0000,0.0000,0.8899,0.00,1,classical
2026-08-24T10:45:30,59.88,LOCKED,36.1324,0.0000,0.0000,0.0000,0.8900,0.00,1,classical
2026-08-24T10:45:31,60.98,LOCKED,36.6989,0.0000,0.0000,0.0000,0.8900,0.00,1,classical
2026-08-24T10:45:32,59.88,LOCKED,37.2796,0.0000,0.0000,0.0000,0.8899,0.00,1,classical
2026-08-24T10:45:33,61.35,LOCKED,36.9154,0.0000,0.0000,0.0000,0.8900,0.00,1,classical
2026-08-24T10:45:34,60.61,LOCKED,36.8143,0.0000,0.0000,0.0000,0.8900,0.00,1,classical
2026-08-24T10:45:35,60.98,LOCKED,36.2314,0.0000,0.0000,0.0000,0.8900,0.00,1,classical
2026-08-24T10:45:36,60.24,LOCKED,35.9720,0.0000,0.0000,0.0000,0.8900,0.00,1,classical
2026-08-24T10:45:37,59.88,LOCKED,36.1058,0.0000,0.0000,0.0000,0.8900,0.00,1,classical
2026-08-24T10:45:38,60.61,LOCKED,36.2496,0.0000,0.0000,0.0000,0.8900,0.00,1,classical
2026-08-24T10:45:39,59.88,LOCKED,37.2963,0.0000,0.0000,0.0000,0.8900,0.00,1,classical
2026-08-24T10:45:40,59.52,LOCKED,37.2286,0.0000,0.0000,0.0000,0.8899,0.00,1,classical
2026-08-24T10:45:41,59.52,LOCKED,37.1011,0.0000,0.0000,0.0000,0.8900,0.00,1,classical
2026-08-24T10:45:42,59.88,LOCKED,36.4277,0.0000,0.0000,0.0000,0.8900,0.00,1,classical
2026-08-24T10:45:43,59.17,LOCKED,36.1259,0.0000,0.0000,0.0000,0.8900,0.00,1,classical
2026-08-24T10:45:44,60.98,LOCKED,35.5763,0.0000,0.0000,0.0000,0.8900,0.00,1,classical
2026-08-24T10:45:45,59.88,LOCKED,35.9654,0.0000,0.0000,0.0000,0.8900,0.00,1,classical
2026-08-24T10:45:46,60.98,LOCKED,36.3414,0.0000,0.0000,0.0000,0.8900,0.00,1,classical
2026-08-24T10:45:47,59.88,LOCKED,37.0430,0.0000,0.0000,0.0000,0.8900,0.00,1,classical
2026-08-24T10:45:48,60.61,LOCKED,37.1571,0.0000,0.0000,0.0000,0.8900,0.00,1,classical
2026-08-24T10:45:49,60.61,LOCKED,37.0954,0.0000,0.0000,0.0000,0.8899,0.00,1,classical
2026-08-24T10:45:50,60.24,LOCKED,36.5964,0.0000,0.0000,0.0000,0.8900,0.00,1,classical
2026-08-24T10:45:51,60.61,LOCKED,35.9612,0.0000,0.0000,0.0000,0.8900,0.00,1,classical
2026-08-24T10:45:52,60.24,LOCKED,36.1344,0.0000,0.0000,0.0000,0.8899,0.00,1,classical
2026-08-24T10:45:53,60.24,LOCKED,35.9944,0.0000,0.0000,0.0000,0.8900,0.00,1,classical
2026-08-24T10:45:54,59.88,LOCKED,36.8253,0.0000,0.0000,0.0000,0.8900,0.00,1,classical
2026-08-24T10:45:55,59.52,LOCKED,37.0991,0.0000,0.0000,0.0000,0.8900,0.00,1,classical
2026-08-24T10:45:56,60.24,LOCKED,37.1237,0.0000,0.0000,0.0000,0.8900,0.00,1,classical
2026-08-24T10:45:57,60.98,LOCKED,36.7249,0.0000,0.0000,0.0000,0.8900,0.00,1,classical
2026-08-24T10:45:58,60.24,LOCKED,36.2905,0.0000,0.0000,0.0000,0.8900,0.00,1,classical
2026-08-24T10:45:59,59.88,LOCKED,35.9094,0.0000,0.0000,0.0000,0.8900,0.00,1,classical
2026-08-24T10:46:00,61.35,LOCKED,35.7293,0.0000,0.0000,0.0000,0.8900,0.00,1,classical
2026-08-24T10:46:01,60.61,LOCKED,36.2786,0.0000,0.0000,0.0000,0.8900,0.00,1,classical
2026-08-24T10:46:02,59.88,LOCKED,36.7914,0.0000,0.0000,0.0000,0.8900,0.00,1,classical
2026-08-24T10:46:03,59.88,LOCKED,37.3082,0.0000,0.0000,0.0000,0.8900,0.00,1,classical
2026-08-24T10:46:04,61.35,LOCKED,37.0555,0.0000,0.0000,0.0000,0.8900,0.00,1,classical
2026-08-24T10:46:05,61.35,LOCKED,36.6382,0.0000,0.0000,0.0000,0.8900,0.00,1,classical
2026-08-24T10:46:06,60.24,LOCKED,36.3378,0.0000,0.0000,0.0000,0.8900,0.00,1,classical
2026-08-24T10:46:07,59.88,LOCKED,35.7538,0.0000,0.0000,0.0000,0.8900,0.00,1,classical
2026-08-24T10:46:08,60.61,LOCKED,35.9647,0.0000,0.0000,0.0000,0.8900,0.00,1,classical
2026-08-24T10:46:09,60.24,LOCKED,36.3427,0.0000,0.0000,0.0000,0.8900,0.00,1,classical
2026-08-24T10:46:10,60.98,LOCKED,36.7442,0.0000,0.0000,0.0000,0.8900,0.00,1,classical
2026-08-24T10:46:11,59.88,LOCKED,37.2305,0.0000,0.0000,0.0000,0.8900,0.00,1,classical
2026-08-24T10:46:12,60.61,LOCKED,36.9801,0.0000,0.0000,0.0000,0.8900,0.00,1,classical
2026-08-24T10:46:13,61.35,LOCKED,36.5892,0.0000,0.0000,0.0000,0.8900,0.00,1,classical
2026-08-24T10:46:14,60.24,LOCKED,36.1869,0.0000,0.0000,0.0000,0.8900,0.00,1,classical
2026-08-24T10:46:15,61.35,LOCKED,35.5018,0.0000,0.0000,0.0000,0.8900,0.00,1,classical
2026-08-24T10:46:16,61.73,LOCKED,36.0177,0.0000,0.0000,0.0000,0.8900,0.00,1,classical
2026-08-24T10:46:17,60.61,LOCKED,36.4771,0.0000,0.0000,0.0000,0.8900,0.00,1,classical
2026-08-24T10:46:18,62.11,LOCKED,36.7759,0.0000,0.0000,0.0000,0.8899,0.00,1,classical
2026-08-24T10:46:19,60.61,LOCKED,37.2397,0.0000,0.0000,0.0000,0.8899,0.00,1,classical
2026-08-24T10:46:20,60.24,LOCKED,37.0256,0.0000,0.0000,0.0000,0.8900,0.00,1,classical
2026-08-24T10:46:21,60.24,LOCKED,36.7174,0.0000,0.0000,0.0000,0.8900,0.00,1,classical
2026-08-24T10:46:22,60.24,LOCKED,36.1317,0.0000,0.0000,0.0000,0.8900,0.00,1,classical
2026-08-24T10:46:23,60.24,LOCKED,35.8511,0.0000,0.0000,0.0000,0.8900,0.00,1,classical
2026-08-24T10:46:24,60.61,LOCKED,36.0661,0.0000,0.0000,0.0000,0.8900,0.00,1,classical
2026-08-24T10:46:25,59.17,LOCKED,36.6284,0.0000,0.0000,0.0000,0.8899,0.00,1,classical
2026-08-24T10:46:26,59.17,LOCKED,37.0693,0.0000,0.0000,0.0000,0.8900,0.00,1,classical
2026-08-24T10:46:27,59.88,LOCKED,37.1553,0.0000,0.0000,0.0000,0.8900,0.00,1,classical
2026-08-24T10:46:28,60.24,LOCKED,36.9496,0.0000,0.0000,0.0000,0.8900,0.00,1,classical
2026-08-24T10:46:29,60.61,LOCKED,36.2872,0.0000,0.0000,0.0000,0.8900,0.00,1,classical
2026-08-24T10:46:30,60.61,LOCKED,36.0486,0.0000,0.0000,0.0000,0.8900,0.00,1,classical
2026-08-24T10:46:31,59.88,LOCKED,35.9708,0.0000,0.0000,0.0000,0.8900,0.00,1,classical
2026-08-24T10:46:32,61.35,LOCKED,36.0104,0.0000,0.0000,0.0000,0.8899,0.00,1,classical
2026-08-24T10:46:33,60.61,LOCKED,36.5400,0.0000,0.0000,0.0000,0.8900,0.00,1,classical
2026-08-24T10:46:34,60.61,LOCKED,37.1120,0.0000,0.0000,0.0000,0.8900,0.00,1,classical
2026-08-24T10:46:35,61.35,LOCKED,37.1042,0.0000,0.0000,0.0000,0.8900,0.00,1,classical
2026-08-24T10:46:36,60.24,LOCKED,37.0287,0.0000,0.0000,0.0000,0.8900,0.00,1,classical
2026-08-24T10:46:37,60.98,LOCKED,36.3109,0.0000,0.0000,0.0000,0.8900,0.00,1,classical
2026-08-24T10:46:38,60.24,LOCKED,35.9668,0.0000,0.0000,0.0000,0.8900,0.00,1,classical
2026-08-24T10:46:39,59.88,LOCKED,36.0398,0.0000,0.0000,0.0000,0.8900,0.00,1,classical
2026-08-24T10:46:40,60.24,LOCKED,36.2141,0.0000,0.0000,0.0000,0.8900,0.00,1,classical
2026-08-24T10:46:41,60.61,LOCKED,36.5454,0.0000,0.0000,0.0000,0.8900,0.00,1,classical
2026-08-24T10:46:42,60.61,LOCKED,37.1252,0.0000,0.0000,0.0000,0.8900,0.00,1,classical
2026-08-24T10:46:43,60.24,LOCKED,37.2350,0.0000,0.0000,0.0000,0.8900,0.00,1,classical
2026-08-24T10:46:44,60.24,LOCKED,36.6386,0.0000,0.0000,0.0000,0.8900,0.00,1,classical
2026-08-24T10:46:45,59.52,LOCKED,36.5699,0.0000,0.0000,0.0000,0.8899,0.00,1,classical
2026-08-24T10:46:46,60.98,LOCKED,35.6571,0.0000,0.0000,0.0000,0.8900,0.00,1,classical
2026-08-24T10:46:47,60.61,LOCKED,35.9842,0.0000,0.0000,0.0000,0.8900,0.00,1,classical
2026-08-24T10:46:48,59.88,LOCKED,36.3923,0.0000,0.0000,0.0000,0.8899,0.00,1,classical
2026-08-24T10:46:49,61.35,LOCKED,36.8304,0.0000,0.0000,0.0000,0.8900,0.00,1,classical
2026-08-24T10:46:50,60.98,LOCKED,37.2245,0.0000,0.0000,0.0000,0.8900,0.00,1,classical
2026-08-24T10:46:51,59.52,LOCKED,37.1936,0.0000,0.0000,0.0000,0.8900,0.00,1,classical
2026-08-24T10:46:52,59.88,LOCKED,36.9155,0.0000,0.0000,0.0000,0.8900,0.00,1,classical
2026-08-24T10:46:53,60.61,LOCKED,36.0288,0.0000,0.0000,0.0000,0.8900,0.00,1,classical
2026-08-24T10:46:54,60.61,LOCKED,35.8278,0.0000,0.0000,0.0000,0.8899,0.00,1,classical
2026-08-24T10:46:55,60.61,LOCKED,35.8752,0.0000,0.0000,0.0000,0.8900,0.00,1,classical
2026-08-24T10:46:56,60.24,LOCKED,36.4769,0.0000,0.0000,0.0000,0.8899,0.00,1,classical
2026-08-24T10:46:57,60.24,LOCKED,36.7315,0.0000,0.0000,0.0000,0.8900,0.00,1,classical
2026-08-24T10:46:58,59.88,LOCKED,37.3577,0.0000,0.0000,0.0000,0.8899,0.00,1,classical
2026-08-24T10:46:59,60.24,LOCKED,36.9185,0.0000,0.0000,0.0000,0.8900,0.00,1,classical
2026-08-24T10:47:00,60.61,LOCKED,36.5830,0.0000,0.0000,0.0000,0.8900,0.00,1,classical
2026-08-24T10:47:01,60.61,LOCKED,36.0226,0.0000,0.0000,0.0000,0.8899,0.00,1,classical
2026-08-24T10:47:02,60.24,LOCKED,35.8628,0.0000,0.0000,0.0000,0.8900,0.00,1,classical
2026-08-24T10:47:03,59.88,LOCKED,36.2569,0.0000,0.0000,0.0000,0.8900,0.00,1,classical
2026-08-24T10:47:04,60.24,LOCKED,36.4106,0.0000,0.0000,0.0000,0.8900,0.00,1,classical
2026-08-24T10:47:06,60.98,LOCKED,36.8138,0.0000,0.0000,0.0000,0.8900,0.00,1,classical
2026-08-24T10:47:07,60.24,LOCKED,37.1906,0.0000,0.0000,0.0000,0.8900,0.00,1,classical
2026-08-24T10:47:08,59.17,LOCKED,37.2374,0.0000,0.0000,0.0000,0.8900,0.00,1,classical
2026-08-24T10:47:09,59.88,LOCKED,36.4074,0.0000,0.0000,0.0000,0.8900,0.00,1,classical
2026-08-24T10:47:10,60.61,LOCKED,36.0789,0.0000,0.0000,0.0000,0.8900,0.00,1,classical
2026-08-24T10:47:11,59.88,LOCKED,35.9834,0.0000,0.0000,0.0000,0.8900,0.00,1,classical
2026-08-24T10:47:12,60.98,LOCKED,35.6901,0.0000,0.0000,0.0000,0.8900,0.00,1,classical
2026-08-24T10:47:13,60.61,LOCKED,36.7163,0.0000,0.0000,0.0000,0.8900,0.00,1,classical
2026-08-24T10:47:14,60.98,LOCKED,37.0459,0.0000,0.0000,0.0000,0.8900,0.00,1,classical
2026-08-24T10:47:15,59.88,LOCKED,37.4191,0.0000,0.0000,0.0000,0.8900,0.00,1,classical
2026-08-24T10:47:16,60.61,LOCKED,36.8560,0.0000,0.0000,0.0000,0.8900,0.00,1,classical
2026-08-24T10:47:17,61.35,LOCKED,36.1392,0.0000,0.0000,0.0000,0.8900,0.00,1,classical
2026-08-24T10:47:18,60.24,LOCKED,35.8046,0.0000,0.0000,0.0000,0.8900,0.00,1,classical
2026-08-24T10:47:19,59.52,LOCKED,36.0899,0.0000,0.0000,0.0000,0.8900,0.00,1,classical
2026-08-24T10:47:20,60.24,LOCKED,36.1408,0.0000,0.0000,0.0000,0.8900,0.00,1,classical
2026-08-24T10:47:21,60.24,LOCKED,36.9538,0.0000,0.0000,0.0000,0.8899,0.00,1,classical
2026-08-24T10:47:22,59.88,LOCKED,37.1978,0.0000,0.0000,0.0000,0.8900,0.00,1,classical
2026-08-24T10:47:23,60.61,LOCKED,37.0840,0.0000,0.0000,0.0000,0.8900,0.00,1,classical
2026-08-24T10:47:24,60.98,LOCKED,36.6568,0.0000,0.0000,0.0000,0.8900,0.00,1,classical
2026-08-24T10:47:25,60.24,LOCKED,36.3084,0.0000,0.0000,0.0000,0.8899,0.00,1,classical
2026-08-24T10:47:26,60.24,LOCKED,35.8648,0.0000,0.0000,0.0000,0.8900,0.00,1,classical
2026-08-24T10:47:27,60.24,LOCKED,35.8128,0.0000,0.0000,0.0000,0.8900,0.00,1,classical
2026-08-24T10:47:28,60.98,LOCKED,36.1871,0.0000,0.0000,0.0000,0.8900,0.00,1,classical
2026-08-24T10:47:29,60.24,LOCKED,37.2128,0.0000,0.0000,0.0000,0.8900,0.00,1,classical
2026-08-24T10:47:30,60.98,LOCKED,37.1326,0.0000,0.0000,0.0000,0.8900,0.00,1,classical
2026-08-24T10:47:31,60.24,LOCKED,37.1427,0.0000,0.0000,0.0000,0.8900,0.00,1,classical
2026-08-24T10:47:32,59.88,LOCKED,36.5304,0.0000,0.0000,0.0000,0.8900,0.00,1,classical
2026-08-24T10:47:33,60.98,LOCKED,35.8836,0.0000,0.0000,0.0000,0.8900,0.00,1,classical
2026-08-24T10:47:34,60.98,LOCKED,35.8084,0.0000,0.0000,0.0000,0.8900,0.00,1,classical
2026-08-24T10:47:35,59.88,LOCKED,35.9232,0.0000,0.0000,0.0000,0.8900,0.00,1,classical
2026-08-24T10:47:36,59.88,LOCKED,36.3874,0.0000,0.0000,0.0000,0.8900,0.00,1,classical
2026-08-24T10:47:37,60.24,LOCKED,36.8822,0.0000,0.0000,0.0000,0.8900,0.00,1,classical
2026-08-24T10:47:38,59.52,LOCKED,37.3136,0.0000,0.0000,0.0000,0.8900,0.00,1,classical
2026-08-24T10:47:39,60.24,LOCKED,36.9132,0.0000,0.0000,0.0000,0.8900,0.00,1,classical
2026-08-24T10:47:40,59.88,LOCKED,36.5908,0.0000,0.0000,0.0000,0.8900,0.00,1,classical
2026-08-24T10:47:41,60.98,LOCKED,35.9549,0.0000,0.0000,0.0000,0.8900,0.00,1,classical
2026-08-24T10:47:42,59.52,LOCKED,35.8275,0.0000,0.0000,0.0000,0.8900,0.00,1,classical
2026-08-24T10:47:43,61.35,LOCKED,35.7930,0.0000,0.0000,0.0000,0.8900,0.00,1,classical
2026-08-24T10:47:44,60.24,LOCKED,36.6634,0.0000,0.0000,0.0000,0.8900,0.00,1,classical
2026-08-24T10:47:45,60.61,LOCKED,37.1363,0.0000,0.0000,0.0000,0.8900,0.00,1,classical
2026-08-24T10:47:46,60.61,LOCKED,37.2235,0.0000,0.0000,0.0000,0.8900,0.00,1,classical
2026-08-24T10:47:47,60.61,LOCKED,36.8747,0.0000,0.0000,0.0000,0.8900,0.00,1,classical
2026-08-24T10:47:48,59.52,LOCKED,36.4660,0.0000,0.0000,0.0000,0.8900,0.00,1,classical
2026-08-24T10:47:49,59.52,LOCKED,36.0201,0.0000,0.0000,0.0000,0.8900,0.00,1,classical
2026-08-24T10:47:50,59.88,LOCKED,35.9002,0.0000,0.0000,0.0000,0.8899,0.00,1,classical
2026-08-24T10:47:51,61.35,LOCKED,36.0222,0.0000,0.0000,0.0000,0.8900,0.00,1,classical
2026-08-24T10:47:52,60.98,LOCKED,36.7471,0.0000,0.0000,0.0000,0.8900,0.00,1,classical
2026-08-24T10:47:53,59.52,LOCKED,37.2717,0.0000,0.0000,0.0000,0.8899,0.00,1,classical
2026-08-24T10:47:54,60.61,LOCKED,37.0329,0.0000,0.0000,0.0000,0.8900,0.00,1,classical
2026-08-24T10:47:55,60.24,LOCKED,37.0003,0.0000,0.0000,0.0000,0.8900,0.00,1,classical
2026-08-24T10:47:56,60.98,LOCKED,36.2016,0.0000,0.0000,0.0000,0.8900,0.00,1,classical
2026-08-24T10:47:57,60.98,LOCKED,35.7790,0.0000,0.0000,0.0000,0.8900,0.00,1,classical
2026-08-24T10:47:58,61.73,LOCKED,35.8443,0.0000,0.0000,0.0000,0.8900,0.00,1,classical
2026-08-24T10:47:59,60.24,LOCKED,36.2114,0.0000,0.0000,0.0000,0.8900,0.00,1,classical
2026-08-24T10:48:00,60.61,LOCKED,36.8301,0.0000,0.0000,0.0000,0.8900,0.00,1,classical
2026-08-24T10:48:01,60.24,LOCKED,37.1167,0.0000,0.0000,0.0000,0.8900,0.00,1,classical
2026-08-24T10:48:02,60.61,LOCKED,37.2761,0.0000,0.0000,0.0000,0.8900,0.00,1,classical
2026-08-24T10:48:03,59.88,LOCKED,36.8651,0.0000,0.0000,0.0000,0.8900,0.00,1,classical
2026-08-24T10:48:04,59.52,LOCKED,36.4787,0.0000,0.0000,0.0000,0.8900,0.00,1,classical
2026-08-24T10:48:05,60.98,LOCKED,35.5338,0.0000,0.0000,0.0000,0.8900,0.00,1,classical
2026-08-24T10:48:06,60.98,LOCKED,35.9719,0.0000,0.0000,0.0000,0.8900,0.00,1,classical
2026-08-24T10:48:07,59.88,LOCKED,36.6639,0.0000,0.0000,0.0000,0.8900,0.00,1,classical
2026-08-24T10:48:08,59.52,LOCKED,37.0809,0.0000,0.0000,0.0000,0.8900,0.00,1,classical
2026-08-24T10:48:09,61.73,LOCKED,37.2645,0.0000,0.0000,0.0000,0.8900,0.00,1,classical
2026-08-24T10:48:10,59.88,LOCKED,37.1421,0.0000,0.0000,0.0000,0.8900,0.00,1,classical
2026-08-24T10:48:11,60.24,LOCKED,36.3996,0.0000,0.0000,0.0000,0.8900,0.00,1,classical
2026-08-24T10:48:12,61.35,LOCKED,36.0987,0.0000,0.0000,0.0000,0.8900,0.00,1,classical
2026-08-24T10:48:13,60.24,LOCKED,35.7189,0.0000,0.0000,0.0000,0.8900,0.00,1,classical
2026-08-24T10:48:14,61.35,LOCKED,35.8892,0.0000,0.0000,0.0000,0.8900,0.00,1,classical
2026-08-24T10:48:15,60.98,LOCKED,36.4140,0.0000,0.0000,0.0000,0.8900,0.00,1,classical
2026-08-24T10:48:16,61.35,LOCKED,37.0522,0.0000,0.0000,0.0000,0.8900,0.00,1,classical
2026-08-24T10:48:17,61.73,LOCKED,37.1046,0.0000,0.0000,0.0000,0.8899,0.00,1,classical
2026-08-24T10:48:18,60.98,LOCKED,37.1650,0.0000,0.0000,0.0000,0.8899,0.00,1,classical
2026-08-24T10:48:19,59.88,LOCKED,36.3489,0.0000,0.0000,0.0000,0.8900,0.00,1,classical
2026-08-24T10:48:20,59.88,LOCKED,35.8860,0.0000,0.0000,0.0000,0.8900,0.00,1,classical
2026-08-24T10:48:21,60.98,LOCKED,35.8609,0.0000,0.0000,0.0000,0.8899,0.00,1,classical
2026-08-24T10:48:22,60.98,LOCKED,36.2200,0.0000,0.0000,0.0000,0.8900,0.00,1,classical
2026-08-24T10:48:23,61.73,LOCKED,36.3100,0.0000,0.0000,0.0000,0.8900,0.00,1,classical
2026-08-24T10:48:24,60.24,LOCKED,37.2703,0.0000,0.0000,0.0000,0.8900,0.00,1,classical
2026-08-24T10:48:25,62.11,LOCKED,36.9948,0.0000,0.0000,0.0000,0.8900,0.00,1,classical
2026-08-24T10:48:26,60.24,LOCKED,37.1308,0.0000,0.0000,0.0000,0.8899,0.00,1,classical
2026-08-24T10:48:27,60.61,LOCKED,36.5812,0.0000,0.0000,0.0000,0.8900,0.00,1,classical
2026-08-24T10:48:28,60.98,LOCKED,35.8311,0.0000,0.0000,0.0000,0.8900,0.00,1,classical
2026-08-24T10:48:29,60.61,LOCKED,35.8926,0.0000,0.0000,0.0000,0.8900,0.00,1,classical
2026-08-24T10:48:30,58.82,LOCKED,36.3383,0.0000,0.0000,0.0000,0.8899,0.00,1,classical
2026-08-24T10:48:31,59.52,LOCKED,37.1140,0.0000,0.0000,0.0000,0.8900,0.00,1,classical
2026-08-24T10:48:32,59.88,LOCKED,36.9394,0.0000,0.0000,0.0000,0.8900,0.00,1,classical
2026-08-24T10:48:33,59.52,LOCKED,37.2666,0.0000,0.0000,0.0000,0.8900,0.00,1,classical
2026-08-24T10:48:34,59.88,LOCKED,36.7032,0.0000,0.0000,0.0000,0.8900,0.00,1,classical
2026-08-24T10:48:35,59.88,LOCKED,36.1770,0.0000,0.0000,0.0000,0.8900,0.00,1,classical
2026-08-24T10:48:36,60.24,LOCKED,35.9542,0.0000,0.0000,0.0000,0.8900,0.00,1,classical
2026-08-24T10:48:37,60.98,LOCKED,35.6172,0.0000,0.0000,0.0000,0.8900,0.00,1,classical
2026-08-24T10:48:38,59.88,LOCKED,36.4579,0.0000,0.0000,0.0000,0.8900,0.00,1,classical
2026-08-24T10:48:39,60.24,LOCKED,36.8735,0.0000,0.0000,0.0000,0.8900,0.00,1,classical
2026-08-24T10:48:40,60.98,LOCKED,37.2392,0.0000,0.0000,0.0000,0.8900,0.00,1,classical
2026-08-24T10:48:41,60.98,LOCKED,37.1826,0.0000,0.0000,0.0000,0.8900,0.00,1,classical
2026-08-24T10:48:42,61.73,LOCKED,36.5978,0.0000,0.0000,0.0000,0.8900,0.00,1,classical
2026-08-24T10:48:43,60.24,LOCKED,36.2168,0.0000,0.0000,0.0000,0.8900,0.00,1,classical
2026-08-24T10:48:44,58.82,LOCKED,36.1070,0.0000,0.0000,0.0000,0.8900,0.00,1,classical
2026-08-24T10:48:45,60.61,LOCKED,35.8041,0.0000,0.0000,0.0000,0.8900,0.00,1,classical
2026-08-24T10:48:46,60.24,LOCKED,36.2580,0.0000,0.0000,0.0000,0.8900,0.00,1,classical
2026-08-24T10:48:47,61.35,LOCKED,36.7338,0.0000,0.0000,0.0000,0.8900,0.00,1,classical
2026-08-24T10:48:48,60.61,LOCKED,37.2658,0.0000,0.0000,0.0000,0.8900,0.00,1,classical
2026-08-24T10:48:49,59.52,LOCKED,37.2304,0.0000,0.0000,0.0000,0.8900,0.00,1,classical
2026-08-24T10:48:50,59.52,LOCKED,36.6324,0.0000,0.0000,0.0000,0.8900,0.00,1,classical
2026-08-24T10:48:51,60.98,LOCKED,36.0059,0.0000,0.0000,0.0000,0.8900,0.00,1,classical
2026-08-24T10:48:52,60.24,LOCKED,35.9315,0.0000,0.0000,0.0000,0.8900,0.00,1,classical
2026-08-24T10:48:53,60.98,LOCKED,35.8170,0.0000,0.0000,0.0000,0.8900,0.00,1,classical
2026-08-24T10:48:54,59.17,LOCKED,36.7360,0.0000,0.0000,0.0000,0.8900,0.00,1,classical
2026-08-24T10:48:55,60.61,LOCKED,36.8116,0.0000,0.0000,0.0000,0.8900,0.00,1,classical
2026-08-24T10:48:56,59.17,LOCKED,37.6790,0.0000,0.0000,0.0000,0.8900,0.00,1,classical
2026-08-24T10:48:57,59.17,LOCKED,37.2741,0.0000,0.0000,0.0000,0.8900,0.00,1,classical
2026-08-24T10:48:58,61.35,LOCKED,36.3843,0.0000,0.0000,0.0000,0.8899,0.00,1,classical
2026-08-24T10:48:59,60.24,LOCKED,35.9947,0.0000,0.0000,0.0000,0.8900,0.00,1,classical
2026-08-24T10:49:00,61.73,LOCKED,35.5973,0.0000,0.0000,0.0000,0.8900,0.00,1,classical
2026-08-24T10:49:01,60.61,LOCKED,36.3246,0.0000,0.0000,0.0000,0.8900,0.00,1,classical
2026-08-24T10:49:02,59.17,LOCKED,36.7490,0.0000,0.0000,0.0000,0.8900,0.00,1,classical
2026-08-24T10:49:03,60.61,LOCKED,37.1067,0.0000,0.0000,0.0000,0.8899,0.00,1,classical
2026-08-24T10:49:04,60.98,LOCKED,37.2645,0.0000,0.0000,0.0000,0.8900,0.00,1,classical
2026-08-24T10:49:05,61.35,LOCKED,36.5577,0.0000,0.0000,0.0000,0.8900,0.00,1,classical
2026-08-24T10:49:06,59.52,LOCKED,36.3127,0.0000,0.0000,0.0000,0.8900,0.00,1,classical
2026-08-24T10:49:07,61.35,LOCKED,35.6249,0.0000,0.0000,0.0000,0.8900,0.00,1,classical
2026-08-24T10:49:08,60.98,LOCKED,35.9166,0.0000,0.0000,0.0000,0.8900,0.00,1,classical
2026-08-24T10:49:09,60.98,LOCKED,36.1390,0.0000,0.0000,0.0000,0.8900,0.00,1,classical
2026-08-24T10:49:10,59.88,LOCKED,36.9142,0.0000,0.0000,0.0000,0.8900,0.00,1,classical
2026-08-24T10:49:11,60.24,LOCKED,37.1493,0.0000,0.0000,0.0000,0.8900,0.00,1,classical
2026-08-24T10:49:12,60.98,LOCKED,37.0443,0.0000,0.0000,0.0000,0.8900,0.00,1,classical
2026-08-24T10:49:13,60.61,LOCKED,36.7586,0.0000,0.0000,0.0000,0.8900,0.00,1,classical
2026-08-24T10:49:14,60.61,LOCKED,36.2431,0.0000,0.0000,0.0000,0.8900,0.00,1,classical
2026-08-24T10:49:15,60.24,LOCKED,35.8190,0.0000,0.0000,0.0000,0.8900,0.00,1,classical
2026-08-24T10:49:16,59.88,LOCKED,35.9835,0.0000,0.0000,0.0000,0.8900,0.00,1,classical
2026-08-24T10:49:17,61.35,LOCKED,35.9350,0.0000,0.0000,0.0000,0.8900,0.00,1,classical
2026-08-24T10:49:19,59.88,LOCKED,36.9112,0.0000,0.0000,0.0000,0.8899,0.00,1,classical
2026-08-24T10:49:20,59.52,LOCKED,37.3435,0.0000,0.0000,0.0000,0.8900,0.00,1,classical
2026-08-24T10:49:21,60.61,LOCKED,36.7637,0.0000,0.0000,0.0000,0.8900,0.00,1,classical
2026-08-24T10:49:22,60.24,LOCKED,36.6998,0.0000,0.0000,0.0000,0.8900,0.00,1,classical
2026-08-24T10:49:23,61.35,LOCKED,36.0874,0.0000,0.0000,0.0000,0.8900,0.00,1,classical
2026-08-24T10:49:24,60.24,LOCKED,35.9217,0.0000,0.0000,0.0000,0.8899,0.00,1,classical
2026-08-24T10:49:25,60.61,LOCKED,35.9017,0.0000,0.0000,0.0000,0.8900,0.00,1,classical
2026-08-24T10:49:26,60.24,LOCKED,36.3685,0.0000,0.0000,0.0000,0.8900,0.00,1,classical
2026-08-24T10:49:27,60.24,LOCKED,37.1157,0.0000,0.0000,0.0000,0.8900,0.00,1,classical
2026-08-24T10:49:28,60.24,LOCKED,37.3354,0.0000,0.0000,0.0000,0.8900,0.00,1,classical
2026-08-24T10:49:29,60.24,LOCKED,37.2480,0.0000,0.0000,0.0000,0.8900,0.00,1,classical
2026-08-24T10:49:30,59.88,LOCKED,36.5420,0.0000,0.0000,0.0000,0.8900,0.00,1,classical
2026-08-24T10:49:31,60.61,LOCKED,35.9392,0.0000,0.0000,0.0000,0.8899,0.00,1,classical
2026-08-24T10:49:32,61.35,LOCKED,35.4832,0.0000,0.0000,0.0000,0.8900,0.00,1,classical
2026-08-24T10:49:33,59.88,LOCKED,35.9496,0.0000,0.0000,0.0000,0.8900,0.00,1,classical
2026-08-24T10:49:34,60.24,LOCKED,36.4813,0.0000,0.0000,0.0000,0.8899,0.00,1,classical
2026-08-24T10:49:35,59.88,LOCKED,37.1191,0.0000,0.0000,0.0000,0.8900,0.00,1,classical
2026-08-24T10:49:36,60.24,LOCKED,37.2603,0.0000,0.0000,0.0000,0.8899,0.00,1,classical
2026-08-24T10:49:37,61.73,LOCKED,36.7447,0.0000,0.0000,0.0000,0.8900,0.00,1,classical
2026-08-24T10:49:38,60.61,LOCKED,36.6003,0.0000,0.0000,0.0000,0.8900,0.00,1,classical
2026-08-24T10:49:39,60.98,LOCKED,35.8672,0.0000,0.0000,0.0000,0.8900,0.00,1,classical
2026-08-24T10:49:40,60.61,LOCKED,36.0928,0.0000,0.0000,0.0000,0.8899,0.00,1,classical
2026-08-24T10:49:41,60.61,LOCKED,35.9487,0.0000,0.0000,0.0000,0.8900,0.00,1,classical
2026-08-24T10:49:42,60.24,LOCKED,36.4514,0.0000,0.0000,0.0000,0.8900,0.00,1,classical
2026-08-24T10:49:43,60.98,LOCKED,37.0153,0.0000,0.0000,0.0000,0.8899,0.00,1,classical
2026-08-24T10:49:44,59.88,LOCKED,37.2154,0.0000,0.0000,0.0000,0.8900,0.00,1,classical
2026-08-24T10:49:45,61.35,LOCKED,36.7692,0.0000,0.0000,0.0000,0.8900,0.00,1,classical
2026-08-24T10:49:46,59.52,LOCKED,36.6401,0.0000,0.0000,0.0000,0.8899,0.00,1,classical
2026-08-24T10:49:47,60.24,LOCKED,35.9623,0.0000,0.0000,0.0000,0.8900,0.00,1,classical
2026-08-24T10:49:48,61.35,LOCKED,35.6055,0.0000,0.0000,0.0000,0.8900,0.00,1,classical
2026-08-24T10:49:49,60.61,LOCKED,36.3151,0.0000,0.0000,0.0000,0.8900,0.00,1,classical
2026-08-24T10:49:50,62.11,LOCKED,36.5445,0.0000,0.0000,0.0000,0.8900,0.00,1,classical
2026-08-24T10:49:51,60.24,LOCKED,37.0913,0.0000,0.0000,0.0000,0.8900,0.00,1,classical
2026-08-24T10:49:52,61.35,LOCKED,36.9725,0.0000,0.0000,0.0000,0.8900,0.00,1,classical
2026-08-24T10:49:53,60.24,LOCKED,36.9862,0.0000,0.0000,0.0000,0.8900,0.00,1,classical
2026-08-24T10:49:54,60.98,LOCKED,36.1180,0.0000,0.0000,0.0000,0.8900,0.00,1,classical
2026-08-24T10:49:55,59.52,LOCKED,36.0078,0.0000,0.0000,0.0000,0.8900,0.00,1,classical
2026-08-24T10:49:56,59.88,LOCKED,35.8887,0.0000,0.0000,0.0000,0.8900,0.00,1,classical
2026-08-24T10:49:57,60.24,LOCKED,36.0586,0.0000,0.0000,0.0000,0.8900,0.00,1,classical
2026-08-24T10:49:58,60.24,LOCKED,36.7963,0.0000,0.0000,0.0000,0.8900,0.00,1,classical
2026-08-24T10:49:59,61.35,LOCKED,37.0876,0.0000,0.0000,0.0000,0.8900,0.00,1,classical
2026-08-24T10:50:00,60.61,LOCKED,37.2018,0.0000,0.0000,0.0000,0.8900,0.00,1,classical
2026-08-24T10:50:01,59.52,LOCKED,36.8577,0.0000,0.0000,0.0000,0.8900,0.00,1,classical
2026-08-24T10:50:02,60.61,LOCKED,36.0175,0.0000,0.0000,0.0000,0.8900,0.00,1,classical
2026-08-24T10:50:03,60.24,LOCKED,35.7041,0.0000,0.0000,0.0000,0.8900,0.00,1,classical
2026-08-24T10:50:04,59.52,LOCKED,36.0242,0.0000,0.0000,0.0000,0.8900,0.00,1,classical
2026-08-24T10:50:05,60.24,LOCKED,36.3020,0.0000,0.0000,0.0000,0.8900,0.00,1,classical
2026-08-24T10:50:06,60.24,LOCKED,36.9775,0.0000,0.0000,0.0000,0.8900,0.00,1,classical
2026-08-24T10:50:07,60.98,LOCKED,37.1236,0.0000,0.0000,0.0000,0.8900,0.00,1,classical
2026-08-24T10:50:08,60.98,LOCKED,36.8101,0.0000,0.0000,0.0000,0.8900,0.00,1,classical
2026-08-24T10:50:09,61.35,LOCKED,36.4638,0.0000,0.0000,0.0000,0.8900,0.00,1,classical
2026-08-24T10:50:10,60.24,LOCKED,36.1366,0.0000,0.0000,0.0000,0.8900,0.00,1,classical
2026-08-24T10:50:11,59.52,LOCKED,35.9084,0.0000,0.0000,0.0000,0.8900,0.00,1,classical
2026-08-24T10:50:12,59.52,LOCKED,36.0813,0.0000,0.0000,0.0000,0.8899,0.00,1,classical
2026-08-24T10:50:13,59.52,LOCKED,36.5354,0.0000,0.0000,0.0000,0.8900,0.00,1,classical
2026-08-24T10:50:14,60.61,LOCKED,37.2087,0.0000,0.0000,0.0000,0.8899,0.00,1,classical
2026-08-24T10:50:15,58.14,LOCKED,37.5287,0.0000,0.0000,0.0000,0.8900,0.00,1,classical
2026-08-24T10:50:16,59.52,LOCKED,36.6438,0.0000,0.0000,0.0000,0.8900,0.00,1,classical
2026-08-24T10:50:17,59.52,LOCKED,36.6095,0.0000,0.0000,0.0000,0.8900,0.00,1,classical
2026-08-24T10:50:18,60.61,LOCKED,36.0849,0.0000,0.0000,0.0000,0.8900,0.00,1,classical
2026-08-24T10:50:19,60.24,LOCKED,35.5335,0.0000,0.0000,0.0000,0.8900,0.00,1,classical
2026-08-24T10:50:20,60.98,LOCKED,35.9345,0.0000,0.0000,0.0000,0.8900,0.00,1,classical
2026-08-24T10:50:21,59.52,LOCKED,36.7785,0.0000,0.0000,0.0000,0.8900,0.00,1,classical
2026-08-24T10:50:22,59.17,LOCKED,37.2475,0.0000,0.0000,0.0000,0.8900,0.00,1,classical
2026-08-24T10:50:23,60.61,LOCKED,37.1251,0.0000,0.0000,0.0000,0.8899,0.00,1,classical
2026-08-24T10:50:24,59.52,LOCKED,36.8510,0.0000,0.0000,0.0000,0.8900,0.00,1,classical
2026-08-24T10:50:25,60.24,LOCKED,36.4560,0.0000,0.0000,0.0000,0.8900,0.00,1,classical
2026-08-24T10:50:26,60.98,LOCKED,35.8765,0.0000,0.0000,0.0000,0.8900,0.00,1,classical
2026-08-24T10:50:27,59.88,LOCKED,35.8836,0.0000,0.0000,0.0000,0.8899,0.00,1,classical
2026-08-24T10:50:28,59.88,LOCKED,36.1255,0.0000,0.0000,0.0000,0.8900,0.00,1,classical
2026-08-24T10:50:29,60.61,LOCKED,36.6981,0.0000,0.0000,0.0000,0.8900,0.00,1,classical
2026-08-24T10:50:30,61.35,LOCKED,37.0057,0.0000,0.0000,0.0000,0.8899,0.00,1,classical
2026-08-24T10:50:31,60.98,LOCKED,37.1705,0.0000,0.0000,0.0000,0.8900,0.00,1,classical
2026-08-24T10:50:32,60.24,LOCKED,36.6568,0.0000,0.0000,0.0000,0.8899,0.00,1,classical
2026-08-24T10:50:33,61.35,LOCKED,35.9095,0.0000,0.0000,0.0000,0.8900,0.00,1,classical
2026-08-24T10:50:34,60.98,LOCKED,35.8539,0.0000,0.0000,0.0000,0.8900,0.00,1,classical
2026-08-24T10:50:35,60.24,LOCKED,35.9764,0.0000,0.0000,0.0000,0.8900,0.00,1,classical
2026-08-24T10:50:36,61.35,LOCKED,36.1597,0.0000,0.0000,0.0000,0.8900,0.00,1,classical
2026-08-24T10:50:37,60.98,LOCKED,36.8549,0.0000,0.0000,0.0000,0.8900,0.00,1,classical
2026-08-24T10:50:38,59.88,LOCKED,37.3313,0.0000,0.0000,0.0000,0.8900,0.00,1,classical
2026-08-24T10:50:39,58.82,LOCKED,37.2364,0.0000,0.0000,0.0000,0.8900,0.00,1,classical
2026-08-24T10:50:40,59.88,LOCKED,36.7946,0.0000,0.0000,0.0000,0.8899,0.00,1,classical
2026-08-24T10:50:41,59.88,LOCKED,35.9323,0.0000,0.0000,0.0000,0.8899,0.00,1,classical
2026-08-24T10:50:42,59.88,LOCKED,35.8902,0.0000,0.0000,0.0000,0.8899,0.00,1,classical
2026-08-24T10:50:43,59.88,LOCKED,36.1463,0.0000,0.0000,0.0000,0.8900,0.00,1,classical
2026-08-24T10:50:44,61.35,LOCKED,36.2560,0.0000,0.0000,0.0000,0.8900,0.00,1,classical
2026-08-24T10:50:45,60.98,LOCKED,36.8909,0.0000,0.0000,0.0000,0.8900,0.00,1,classical
2026-08-24T10:50:46,60.98,LOCKED,37.0061,0.0000,0.0000,0.0000,0.8900,0.00,1,classical
2026-08-24T10:50:47,59.88,LOCKED,37.2371,0.0000,0.0000,0.0000,0.8900,0.00,1,classical
2026-08-24T10:50:48,60.61,LOCKED,36.4250,0.0000,0.0000,0.0000,0.8899,0.00,1,classical
2026-08-24T10:50:49,59.88,LOCKED,36.2842,0.0000,0.0000,0.0000,0.8900,0.00,1,classical
2026-08-24T10:50:50,60.61,LOCKED,35.8696,0.0000,0.0000,0.0000,0.8900,0.00,1,classical
2026-08-24T10:50:51,60.61,LOCKED,35.9715,0.0000,0.0000,0.0000,0.8900,0.00,1,classical
2026-08-24T10:50:52,60.61,LOCKED,36.4570,0.0000,0.0000,0.0000,0.8900,0.00,1,classical
2026-08-24T10:50:53,60.24,LOCKED,36.9855,0.0000,0.0000,0.0000,0.8900,0.00,1,classical
2026-08-24T10:50:54,60.24,LOCKED,37.1622,0.0000,0.0000,0.0000,0.8900,0.00,1,classical
2026-08-24T10:50:55,59.52,LOCKED,37.1411,0.0000,0.0000,0.0000,0.8900,0.00,1,classical
2026-08-24T10:50:56,61.35,LOCKED,36.5790,0.0000,0.0000,0.0000,0.8900,0.00,1,classical
2026-08-24T10:50:57,60.61,LOCKED,35.7272,0.0000,0.0000,0.0000,0.8900,0.00,1,classical
2026-08-24T10:50:58,59.88,LOCKED,35.9619,0.0000,0.0000,0.0000,0.8900,0.00,1,classical
2026-08-24T10:51:00,61.35,LOCKED,76.4741,0.0000,0.0000,0.0000,0.8667,0.00,1,classical
