timestamp,fps,tracking_state,pixel_error,turbulence_strength,vibration_amplitude,sensor_noise_level,link_readiness_score,cumulative_lost_seconds,reacquisition_count,active_detector
2026-08-24T10:29:03,61.35,LOCKED,6.6020,0.0000,0.0000,0.0000,0.8900,0.00,1,classical
2026-08-24T10:29:04,59.88,LOCKED,24.6882,0.0000,0.0000,0.0000,0.8900,0.00,1,classical
2026-08-24T10:29:05,60.24,LOCKED,34.7791,0.0000,0.0000,0.0000,0.8899,0.00,1,classical
2026-08-24T10:29:06,61.35,LOCKED,35.5642,0.0000,0.0000,0.0000,0.8900,0.00,1,classical
2026-08-24T10:29:07,59.88,LOCKED,36.7760,0.0000,0.0000,0.0000,0.8900,0.00,1,classical
2026-08-24T10:29:08,60.98,LOCKED,37.1891,0.0000,0.0000,0.0000,0.8900,0.00,1,classical
2026-08-24T10:29:09,61.35,LOCKED,36.7331,0.0000,0.0000,0.0000,0.8899,0.00,1,classical
2026-08-24T10:29:10,60.61,LOCKED,36.5283,0.0000,0.0000,0.0000,0.8900,0.00,1,classical
2026-08-24T10:29:11,59.52,LOCKED,36.0705,0.0000,0.0000,0.0000,0.8900,0.00,1,classical
2026-08-24T10:29:12,60.24,LOCKED,35.7895,0.0000,0.0000,0.0000,0.8900,0.00,1,classical
2026-08-24T10:29:13,59.52,LOCKED,36.3133,0.0000,0.0000,0.0000,0.8900,0.00,1,classical
2026-08-24T10:29:14,60.61,LOCKED,36.7376,0.0000,0.0000,0.0000,0.8899,0.00,1,classical
2026-08-24T10:29:15,60.98,LOCKED,37.0238,0.0000,0.0000,0.0000,0.8900,0.00,1,classical
2026-08-24T10:29:16,59.88,LOCKED,37.4525,0.0000,0.0000,0.0000,0.8900,0.00,1,classical
2026-08-24T10:29:17,60.24,LOCKED,36.7069,0.0000,0.0000,0.0000,0.8900,0.00,1,classical
2026-08-24T10:29:18,60.98,LOCKED,36.3686,0.0000,0.0000,0.0000,0.8899,0.00,1,classical
2026-08-24T10:29:19,59.52,LOCKED,35.9000,0.0000,0.0000,0.0000,0.8900,0.00,1,classical
2026-08-24T10:29:20,61.73,LOCKED,35.5823,0.0000,0.0000,0.0000,0.8900,0.00,1,classical
2026-08-24T10:29:21,60.24,LOCKED,36.3217,0.0000,0.0000,0.0000,0.8900,0.00,1,classical
2026-08-24T10:29:22,60.61,LOCKED,36.8164,0.0000,0.0000,0.0000,0.8900,0.00,1,classical
2026-08-24T10:29:23,62.11,LOCKED,36.9160,0.0000,0.0000,0.0000,0.8900,0.00,1,classical
2026-08-24T10:29:24,60.61,LOCKED,37.1555,0.0000,0.0000,0.0000,0.8900,0.00,1,classical
2026-08-24T10:29:26,61.35,LOCKED,36.5976,0.0000,0.0000,0.0000,0.8900,0.00,1,classical
2026-08-24T10:29:27,60.24,LOCKED,36.3882,0.0000,0.0000,0.0000,0.8899,0.00,1,classical
2026-08-24T10:29:28,59.52,LOCKED,35.7477,0.0000,0.0000,0.0000,0.8900,0.00,1,classical
2026-08-24T10:29:29,60.24,LOCKED,35.8277,0.0000,0.0000,0.0000,0.8900,0.00,1,classical
2026-08-24T10:29:30,59.88,LOCKED,36.5375,0.0000,0.0000,0.0000,0.8900,0.00,1,classical
2026-08-24T10:29:31,61.35,LOCKED,36.6865,0.0000,0.0000,0.0000,0.8900,0.00,1,classical
2026-08-24T10:29:32,59.52,LOCKED,37.5019,0.0000,0.0000,0.0000,0.8900,0.00,1,classical
2026-08-24T10:29:33,59.88,LOCKED,37.1050,0.0000,0.0000,0.0000,0.8900,0.00,1,classical
2026-08-24T10:29:34,59.88,LOCKED,36.5549,0.0000,0.0000,0.0000,0.8900,0.00,1,classical
2026-08-24T10:29:35,60.24,LOCKED,35.9824,0.0000,0.0000,0.0000,0.8900,0.00,1,classical
2026-08-24T10:29:36,60.24,LOCKED,35.5999,0.0000,0.0000,0.0000,0.8900,0.00,1,classical
2026-08-24T10:29:37,59.52,LOCKED,36.2753,0.0000,0.0000,0.0000,0.8899,0.00,1,classical
2026-08-24T10:29:38,60.24,LOCKED,36.3607,0.0000,0.0000,0.0000,0.8900,0.00,1,classical
2026-08-24T10:29:39,61.35,LOCKED,37.1239,0.0000,0.0000,0.0000,0.8900,0.00,1,classical
2026-08-24T10:29:40,59.52,LOCKED,37.1841,0.0000,0.0000,0.0000,0.8900,0.00,1,classical
2026-08-24T10:29:41,60.61,LOCKED,36.9877,0.0000,0.0000,0.0000,0.8900,0.00,1,classical
2026-08-24T10:29:42,61.35,LOCKED,36.3550,0.0000,0.0000,0.0000,0.8900,0.00,1,classical
2026-08-24T10:29:43,60.98,LOCKED,36.1539,0.0000,0.0000,0.0000,0.8900,0.00,1,classical
2026-08-24T10:29:44,59.88,LOCKED,36.0607,0.0000,0.0000,0.0000,0.8900,0.00,1,classical
2026-08-24T10:29:45,60.24,LOCKED,35.9819,0.0000,0.0000,0.0000,0.8900,0.00,1,classical
2026-08-24T10:29:46,59.52,LOCKED,36.7013,0.0000,0.0000,0.0000,0.8900,0.00,1,classical
2026-08-24T10:29:47,61.35,LOCKED,36.8442,0.0000,0.0000,0.0000,0.8899,0.00,1,classical
2026-08-24T10:29:48,60.98,LOCKED,37.0268,0.0000,0.0000,0.0000,0.8900,0.00,1,classical
2026-08-24T10:29:49,60.61,LOCKED,36.8756,0.0000,0.0000,0.0000,0.8900,0.00,1,classical
2026-08-24T10:29:50,60.24,LOCKED,36.1677,0.0000,0.0000,0.0000,0.8900,0.00,1,classical
2026-08-24T10:29:51,59.88,LOCKED,35.7891,0.0000,0.0000,0.0000,0.8900,0.00,1,classical
2026-08-24T10:29:52,60.24,LOCKED,35.7472,0.0000,0.0000,0.0000,0.8900,0.00,1,classical
2026-08-24T10:29:53,59.88,LOCKED,36.0149,0.0000,0.0000,0.0000,0.8900,0.00,1,classical
2026-08-24T10:29:54,60.61,LOCKED,36.7450,0.0000,0.0000,0.0000,0.8900,0.00,1,classical
2026-08-24T10:29:55,59.52,LOCKED,37.1634,0.0000,0.0000,0.0000,0.8900,0.00,1,classical
2026-08-24T10:29:56,60.24,LOCKED,37.2660,0.0000,0.0000,0.0000,0.8900,0.00,1,classical
2026-08-24T10:29:57,60.61,LOCKED,36.7974,0.0000,0.0000,0.0000,0.8900,0.00,1,classical
2026-08-24T10:29:58,60.61,LOCKED,36.1739,0.0000,0.0000,0.0000,0.8900,0.00,1,classical
2026-08-24T10:29:59,59.88,LOCKED,35.8950,0.0000,0.0000,0.0000,0.8900,0.00,1,classical
2026-08-24T10:30:00,61.35,LOCKED,35.7792,0.0000,0.0000,0.0000,0.8900,0.00,1,classical
2026-08-24T10:30:01,60.24,LOCKED,36.4237,0.0000,0.0000,0.0000,0.8900,0.00,1,classical
2026-08-24T10:30:02,61.35,LOCKED,36.5487,0.0000,0.0000,0.0000,0.8899,0.00,1,classical
2026-08-24T10:30:03,60.24,LOCKED,37.3048,0.0000,0.0000,0.0000,0.8900,0.00,1,classical
2026-08-24T10:30:04,60.61,LOCKED,37.0808,0.0000,0.0000,0.0000,0.8900,0.00,1,classical
2026-08-24T10:30:05,61.35,LOCKED,36.6069,0.0000,0.0000,0.0000,0.8900,0.00,1,classical
2026-08-24T10:30:06,60.24,LOCKED,36.1593,0.0000,0.0000,0.0000,0.8900,0.00,1,classical
2026-08-24T10:30:07,59.88,LOCKED,35.9656,0.0000,0.0000,0.0000,0.8900,0.00,1,classical
2026-08-24T10:30:08,60.98,LOCKED,35.7051,0.0000,0.0000,0.0000,0.8900,0.00,1,classical
2026-08-24T10:30:09,60.98,LOCKED,36.4912,0.0000,0.0000,0.0000,0.8900,0.00,1,classical
2026-08-24T10:30:10,61.73,LOCKED,36.9565,0.0000,0.0000,0.0000,0.8900,0.00,1,classical
2026-08-24T10:30:11,59.52,LOCKED,37.2241,0.0000,0.0000,0.0000,0.8900,0.00,1,classical
2026-08-24T10:30:12,59.52,LOCKED,37.1256,0.0000,0.0000,0.0000,0.8900,0.00,1,classical
2026-08-24T10:30:13,60.61,LOCKED,36.5061,0.0000,0.0000,0.0000,0.8900,0.00,1,classical
2026-08-24T10:30:14,61.35,LOCKED,36.0078,0.0000,0.0000,0.0000,0.8900,0.00,1,classical
2026-08-24T10:30:15,59.88,LOCKED,36.0280,0.0000,0.0000,0.0000,0.8900,0.00,1,classical
2026-08-24T10:30:16,60.61,LOCKED,35.8481,0.0000,0.0000,0.0000,0.8899,0.00,1,classical
2026-08-24T10:30:17,61.35,LOCKED,36.5173,0.0000,0.0000,0.0000,0.8900,0.00,1,classical
2026-08-24T10:30:18,60.24,LOCKED,37.0811,0.0000,0.0000,0.0000,0.8900,0.00,1,classical
2026-08-24T10:30:19,60.61,LOCKED,37.3871,0.0000,0.0000,0.0000,0.8900,0.00,1,classical
2026-08-24T10:30:20,60.61,LOCKED,36.8766,0.0000,0.0000,0.0000,0.8900,0.00,1,classical
2026-08-24T10:30:21,60.98,LOCKED,36.3947,0.0000,0.0000,0.0000,0.8900,0.00,1,classical
2026-08-24T10:30:22,60.24,LOCKED,35.9809,0.0000,0.0000,0.0000,0.8900,0.00,1,classical
2026-08-24T10:30:23,60.61,LOCKED,35.7853,0.0000,0.0000,0.0000,0.8900,0.00,1,classical
2026-08-24T10:30:24,60.24,LOCKED,36.1921,0.0000,0.0000,0.0000,0.8900,0.00,1,classical
2026-08-24T10:30:25,60.61,LOCKED,36.8233,0.0000,0.0000,0.0000,0.8899,0.00,1,classical
2026-08-24T10:30:26,61.35,LOCKED,37.2255,0.0000,0.0000,0.0000,0.8900,0.00,1,classical
2026-08-24T10:30:27,61.35,LOCKED,37.2754,0.0000,0.0000,0.0000,0.8900,0.00,1,classical
2026-08-24T10:30:28,60.24,LOCKED,37.0479,0.0000,0.0000,0.0000,0.8900,0.00,1,classical
2026-08-24T10:30:29,60.61,LOCKED,36.2860,0.0000,0.0000,0.0000,0.8900,0.00,1,classical
2026-08-24T10:30:30,59.17,LOCKED,36.0493,0.0000,0.0000,0.0000,0.8900,0.00,1,classical
2026-08-24T10:30:31,59.88,LOCKED,35.6713,0.0000,0.0000,0.0000,0.8900,0.00,1,classical
2026-08-24T10:30:32,60.61,LOCKED,36.0884,0.0000,0.0000,0.0000,0.8900,0.00,1,classical
2026-08-24T10:30:33,60.24,LOCKED,36.9417,0.0000,0.0000,0.0000,0.8900,0.00,1,classical
2026-08-24T10:30:34,60.61,LOCKED,37.0396,0.0000,0.0000,0.0000,0.8900,0.00,1,classical
2026-08-24T10:30:35,61.35,LOCKED,37.0019,0.0000,0.0000,0.0000,0.8900,0.00,1,classical
2026-08-24T10:30:36,62.11,LOCKED,36.7615,0.0000,0.0000,0.0000,0.8900,0.00,1,classical
2026-08-24T10:30:37,61.35,LOCKED,36.0800,0.0000,0.0000,0.0000,0.8900,0.00,1,classical
2026-08-24T10:30:38,59.88,LOCKED,36.0032,0.0000,0.0000,0.0000,0.8900,0.00,1,classical
2026-08-24T10:30:39,60.61,LOCKED,35.7325,0.0000,0.0000,0.0000,0.8900,0.00,1,classical
2026-08-24T10:30:40,59.52,LOCKED,36.5251,0.0000,0.0000,0.0000,0.8900,0.00,1,classical
2026-08-24T10:30:41,60.61,LOCKED,36.8989,0.0000,0.0000,0.0000,0.8900,0.00,1,classical
2026-08-24T10:30:42,60.98,LOCKED,37.1979,0.0000,0.0000,0.0000,0.8900,0.00,1,classical
2026-08-24T10:30:43,60.24,LOCKED,37.0758,0.0000,0.0000,0.0000,0.8900,0.00,1,classical
2026-08-24T10:30:44,60.24,LOCKED,36.6349,0.0000,0.0000,0.0000,0.8900,0.00,1,classical
2026-08-24T10:30:45,59.52,LOCKED,36.0232,0.0000,0.0000,0.0000,0.8900,0.00,1,classical
2026-08-24T10:30:46,59.52,LOCKED,35.8705,0.0000,0.0000,0.0000,0.8900,0.00,1,classical
2026-08-24T10:30:47,60.24,LOCKED,35.8280,0.0000,0.0000,0.0000,0.8900,0.00,1,classical
2026-08-24T10:30:48,59.88,LOCKED,36.4802,0.0000,0.0000,0.0000,0.8899,0.00,1,classical
2026-08-24T10:30:49,60.61,LOCKED,36.8323,0.0000,0.0000,0.0000,0.8900,0.00,1,classical
2026-08-24T10:30:50,60.98,LOCKED,37.0739,0.0000,0.0000,0.0000,0.8900,0.00,1,classical
2026-08-24T10:30:51,60.98,LOCKED,37.2302,0.0000,0.0000,0.0000,0.8900,0.00,1,classical
2026-08-24T10:30:52,60.98,LOCKED,36.3387,0.0000,0.0000,0.0000,0.8900,0.00,1,classical
2026-08-24T10:30:53,60.98,LOCKED,35.9965,0.0000,0.0000,0.0000,0.8900,0.00,1,classical
2026-08-24T10:30:54,60.24,LOCKED,35.9681,0.0000,0.0000,0.0000,0.8900,0.00,1,classical
2026-08-24T10:30:55,60.24,LOCKED,36.1913,0.0000,0.0000,0.0000,0.8900,0.00,1,classical
2026-08-24T10:30:56,60.61,LOCKED,36.5876,0.0000,0.0000,0.0000,0.8899,0.00,1,classical
2026-08-24T10:30:57,60.61,LOCKED,36.9502,0.0000,0.0000,0.0000,0.8899,0.00,1,classical
2026-08-24T10:30:58,60.98,LOCKED,37.0932,0.0000,0.0000,0.0000,0.8900,0.00,1,classical
2026-08-24T10:30:59,60.61,LOCKED,36.6422,0.0000,0.0000,0.0000,0.8899,0.00,1,classical
2026-08-24T10:31:00,60.24,LOCKED,36.2146,0.0000,0.0000,0.0000,0.8899,0.00,1,classical
2026-08-24T10:31:01,60.61,LOCKED,36.1966,0.0000,0.0000,0.0000,0.8899,0.00,1,classical
2026-08-24T10:31:02,60.61,LOCKED,35.7812,0.0000,0.0000,0.0000,0.8900,0.00,1,classical
2026-08-24T10:31:03,61.35,LOCKED,35.7838,0.0000,0.0000,0.0000,0.8900,0.00,1,classical
2026-08-24T10:31:04,60.24,LOCKED,36.9780,0.0000,0.0000,0.0000,0.8900,0.00,1,classical
2026-08-24T10:31:05,60.98,LOCKED,36.8090,0.0000,0.0000,0.0000,0.8900,0.00,1,classical
2026-08-24T10:31:06,60.24,LOCKED,37.1503,0.0000,0.0000,0.0000,0.8900,0.00,1,classical
2026-08-24T10:31:07,62.11,LOCKED,36.7255,0.0000,0.0000,0.0000,0.8900,0.00,1,classical
2026-08-24T10:31:08,60.24,LOCKED,36.4894,0.0000,0.0000,0.0000,0.8900,0.00,1,classical
2026-08-24T10:31:09,59.52,LOCKED,35.7997,0.0000,0.0000,0.0000,0.8900,0.00,1,classical
2026-08-24T10:31:10,60.24,LOCKED,35.9543,0.0000,0.0000,0.0000,0.8900,0.00,1,classical
2026-08-24T10:31:11,59.52,LOCKED,36.4052,0.0000,0.0000,0.0000,0.8900,0.00,1,classical
2026-08-24T10:31:12,59.88,LOCKED,36.9435,0.0000,0.0000,0.0000,0.8900,0.00,1,classical
2026-08-24T10:31:13,59.88,LOCKED,37.1361,0.0000,0.0000,0.0000,0.8900,0.00,1,classical
2026-08-24T10:31:14,61.35,LOCKED,36.9672,0.0000,0.0000,0.0000,0.8900,0.00,1,classical
2026-08-24T10:31:15,59.17,LOCKED,36.7898,0.0000,0.0000,0.0000,0.8900,0.00,1,classical
2026-08-24T10:31:16,60.98,LOCKED,36.0181,0.0000,0.0000,0.0000,0.8900,0.00,1,classical
2026-08-24T10:31:17,60.98,LOCKED,35.6485,0.0000,0.0000,0.0000,0.8900,0.00,1,classical
2026-08-24T10:31:19,59.88,LOCKED,36.0635,0.0000,0.0000,0.0000,0.8899,0.00,1,classical
2026-08-24T10:31:20,60.61,LOCKED,36.3027,0.0000,0.0000,0.0000,0.8900,0.00,1,classical
2026-08-24T10:31:21,60.98,LOCKED,36.9832,0.0000,0.0000,0.0000,0.8900,0.00,1,classical
2026-08-24T10:31:22,59.52,LOCKED,37.5623,0.0000,0.0000,0.0000,0.8900,0.00,1,classical
2026-08-24T10:31:23,60.98,LOCKED,37.0830,0.0000,0.0000,0.0000,0.8900,0.00,1,classical
2026-08-24T10:31:24,59.52,LOCKED,36.6041,0.0000,0.0000,0.0000,0.8900,0.00,1,classical
2026-08-24T10:31:25,60.24,LOCKED,36.0670,0.0000,0.0000,0.0000,0.8900,0.00,1,classical
2026-08-24T10:31:26,61.35,LOCKED,35.4909,0.0000,0.0000,0.0000,0.8900,0.00,1,classical
2026-08-24T10:31:27,59.88,LOCKED,36.1084,0.0000,0.0000,0.0000,0.8899,0.00,1,classical
2026-08-24T10:31:28,60.61,LOCKED,36.4993,0.0000,0.0000,0.0000,0.8900,0.00,1,classical
2026-08-24T10:31:29,60.98,LOCKED,36.8998,0.0000,0.0000,0.0000,0.8900,0.00,1,classical
2026-08-24T10:31:30,60.24,LOCKED,37.2625,0.0000,0.0000,0.0000,0.8899,0.00,1,classical
2026-08-24T10:31:31,59.88,LOCKED,36.9578,0.0000,0.0000,0.0000,0.8900,0.00,1,classical
2026-08-24T10:31:32,61.73,LOCKED,36.4804,0.0000,0.0000,0.0000,0.8900,0.00,1,classical
2026-08-24T10:31:33,59.88,LOCKED,36.0743,0.0000,0.0000,0.0000,0.8900,0.00,1,classical
2026-08-24T10:31:34,60.61,LOCKED,35.7855,0.0000,0.0000,0.0000,0.8899,0.00,1,classical
2026-08-24T10:31:35,60.61,LOCKED,36.2089,0.0000,0.0000,0.0000,0.8900,0.00,1,classical
2026-08-24T10:31:36,60.24,LOCKED,36.7076,0.0000,0.0000,0.0000,0.8900,0.00,1,classical
2026-08-24T10:31:37,58.14,LOCKED,37.5193,0.0000,0.0000,0.0000,0.8900,0.00,1,classical
2026-08-24T10:31:38,59.88,LOCKED,37.1576,0.0000,0.0000,0.0000,0.8900,0.00,1,classical
2026-08-24T10:31:39,61.35,LOCKED,36.6776,0.0000,0.0000,0.0000,0.8900,0.00,1,classical
2026-08-24T10:31:40,59.88,LOCKED,36.2099,0.0000,0.0000,0.0000,0.8900,0.00,1,classical
2026-08-24T10:31:41,59.88,LOCKED,35.8565,0.0000,0.0000,0.0000,0.8900,0.00,1,classical
2026-08-24T10:31:42,60.24,LOCKED,36.0261,0.0000,0.0000,0.0000,0.8900,0.00,1,classical
2026-08-24T10:31:43,60.24,LOCKED,36.3616,0.0000,0.0000,0.0000,0.8900,0.00,1,classical
2026-08-24T10:31:44,60.61,LOCKED,36.5748,0.0000,0.0000,0.0000,0.8900,0.00,1,classical
2026-08-24T10:31:45,59.52,LOCKED,37.3615,0.0000,0.0000,0.0000,0.8900,0.00,1,classical
2026-08-24T10:31:46,60.98,LOCKED,36.9900,0.0000,0.0000,0.0000,0.8900,0.00,1,classical
2026-08-24T10:31:47,60.24,LOCKED,36.8185,0.0000,0.0000,0.0000,0.8900,0.00,1,classical
2026-08-24T10:31:48,62.11,LOCKED,35.9871,0.0000,0.0000,0.0000,0.8900,0.00,1,classical
2026-08-24T10:31:49,60.98,LOCKED,35.6960,0.0000,0.0000,0.0000,0.8900,0.00,1,classical
2026-08-24T10:31:50,59.88,LOCKED,35.9109,0.0000,0.0000,0.0000,0.8900,0.00,1,classical
2026-08-24T10:31:51,60.98,LOCKED,36.3670,0.0000,0.0000,0.0000,0.8900,0.00,1,classical
2026-08-24T10:31:52,59.52,LOCKED,37.0130,0.0000,0.0000,0.0000,0.8900,0.00,1,classical
2026-08-24T10:31:53,59.88,LOCKED,37.1448,0.0000,0.0000,0.0000,0.8900,0.00,1,classical
2026-08-24T10:31:54,59.88,LOCKED,36.9709,0.0000,0.0000,0.0000,0.8899,0.00,1,classical
2026-08-24T10:31:55,61.35,LOCKED,36.7888,0.0000,0.0000,0.0000,0.8900,0.00,1,classical
2026-08-24T10:31:56,59.88,LOCKED,36.0630,0.0000,0.0000,0.0000,0.8900,0.00,1,classical
2026-08-24T10:31:57,60.24,LOCKED,35.9045,0.0000,0.0000,0.0000,0.8900,0.00,1,classical
2026-08-24T10:31:58,60.24,LOCKED,36.0092,0.0000,0.0000,0.0000,0.8900,0.00,1,classical
2026-08-24T10:31:59,60.98,LOCKED,36.3316,0.0000,0.0000,0.0000,0.8900,0.00,1,classical
2026-08-24T10:32:00,60.24,LOCKED,37.1047,0.0000,0.0000,0.0000,0.8900,0.00,1,classical
2026-08-24T10:32:01,60.98,LOCKED,37.2367,0.0000,0.0000,0.0000,0.8900,0.00,1,classical
2026-08-24T10:32:02,60.61,LOCKED,37.0512,0.0000,0.0000,0.0000,0.8900,0.00,1,classical
2026-08-24T10:32:03,60.24,LOCKED,36.5425,0.0000,0.0000,0.0000,0.8900,0.00,1,classical
2026-08-24T10:32:04,60.61,LOCKED,35.9742,0.0000,0.0000,0.0000,0.8900,0.00,1,classical
2026-08-24T10:32:05,60.24,LOCKED,35.9460,0.0000,0.0000,0.0000,0.8899,0.00,1,classical
2026-08-24T10:32:06,60.98,LOCKED,35.8516,0.0000,0.0000,0.0000,0.8900,0.00,1,classical
2026-08-24T10:32:07,59.52,LOCKED,36.7836,0.0000,0.0000,0.0000,0.8900,0.00,1,classical
2026-08-24T10:32:08,59.88,LOCKED,37.2060,0.0000,0.0000,0.0000,0.8900,0.00,1,classical
2026-08-24T10:32:09,59.88,LOCKED,37.2919,0.0000,0.0000,0.0000,0.8900,0.00,1,classical
2026-08-24T10:32:10,60.61,LOCKED,36.6864,0.0000,0.0000,0.0000,0.8900,0.00,1,classical
2026-08-24T10:32:11,60.61,LOCKED,36.2961,0.0000,0.0000,0.0000,0.8900,0.00,1,classical
2026-08-24T10:32:12,59.52,LOCKED,35.8722,0.0000,0.0000,0.0000,0.8899,0.00,1,classical
2026-08-24T10:32:13,60.24,LOCKED,35.9538,0.0000,0.0000,0.0000,0.8900,0.00,1,classical
2026-08-24T10:32:14,60.98,LOCKED,35.9778,0.0000,0.0000,0.0000,0.8900,0.00,1,classical
2026-08-24T10:32:15,59.88,LOCKED,36.9016,0.0000,0.0000,0.0000,0.8900,0.00,1,classical
2026-08-24T10:32:16,60.98,LOCKED,37.0258,0.0000,0.0000,0.0000,0.8900,0.00,1,classical
2026-08-24T10:32:17,60.98,LOCKED,37.2679,0.0000,0.0000,0.0000,0.8900,0.00,1,classical
2026-08-24T10:32:18,60.24,LOCKED,36.8280,0.0000,0.0000,0.0000,0.8900,0.00,1,classical
2026-08-24T10:32:19,60.61,LOCKED,36.2468,0.0000,0.0000,0.0000,0.8900,0.00,1,classical
2026-08-24T10:32:20,59.88,LOCKED,36.0484,0.0000,0.0000,0.0000,0.8900,0.00,1,classical
2026-08-24T10:32:21,60.24,LOCKED,35.7576,0.0000,0.0000,0.0000,0.8900,0.00,1,classical
2026-08-24T10:32:22,59.52,LOCKED,36.3150,0.0000,0.0000,0.0000,0.8899,0.00,1,classical
2026-08-24T10:32:23,60.61,LOCKED,36.8102,0.0000,0.0000,0.0000,0.8900,0.00,1,classical
2026-08-24T10:32:24,60.98,LOCKED,37.0912,0.0000,0.0000,0.0000,0.8900,0.00,1,classical
2026-08-24T10:32:25,60.24,LOCKED,37.1966,0.0000,0.0000,0.0000,0.8900,0.00,1,classical
2026-08-24T10:32:26,60.24,LOCKED,36.6560,0.0000,0.0000,0.0000,0.8900,0.00,1,classical
2026-08-24T10:32:27,59.17,LOCKED,36.2182,0.0000,0.0000,0.0000,0.8899,0.00,1,classical
2026-08-24T10:32:28,60.24,LOCKED,35.8551,0.0000,0.0000,0.0000,0.8900,0.00,1,classical
2026-08-24T10:32:29,60.24,LOCKED,35.8302,0.0000,0.0000,0.0000,0.8900,0.00,1,classical
2026-08-24T10:32:30,59.17,LOCKED,36.4879,0.0000,0.0000,0.0000,0.8900,0.00,1,classical
2026-08-24T10:32:31,60.24,LOCKED,37.0174,0.0000,0.0000,0.0000,0.8900,0.00,1,classical
2026-08-24T10:32:32,60.24,LOCKED,37.1913,0.0000,0.0000,0.0000,0.8900,0.00,1,classical
2026-08-24T10:32:33,60.61,LOCKED,37.1718,0.0000,0.0000,0.0000,0.8900,0.00,1,classical
2026-08-24T10:32:34,60.61,LOCKED,36.6028,0.0000,0.0000,0.0000,0.8900,0.00,1,classical
2026-08-24T10:32:35,59.88,LOCKED,36.0015,0.0000,0.0000,0.0000,0.8900,0.00,1,classical
2026-08-24T10:32:36,60.61,LOCKED,35.8148,0.0000,0.0000,0.0000,0.8900,0.00,1,classical
2026-08-24T10:32:37,60.61,LOCKED,36.1045,0.0000,0.0000,0.0000,0.8900,0.00,1,classical
2026-08-24T10:32:38,60.24,LOCKED,36.7011,0.0000,0.0000,0.0000,0.8900,0.00,1,classical
2026-08-24T10:32:39,59.52,LOCKED,37.0309,0.0000,0.0000,0.0000,0.8900,0.00,1,classical
2026-08-24T10:32:40,60.61,LOCKED,37.0329,0.0000,0.0000,0.0000,0.8900,0.00,1,classical
2026-08-24T10:32:41,59.52,LOCKED,37.0451,0.0000,0.0000,0.0000,0.8900,0.00,1,classical
2026-08-24T10:32:42,59.52,LOCKED,36.2887,0.0000,0.0000,0.0000,0.8900,0.00,1,classical
2026-08-24T10:32:43,60.24,LOCKED,35.9176,0.0000,0.0000,0.0000,0.8900,0.00,1,classical
2026-08-24T10:32:44,60.61,LOCKED,35.9024,0.0000,0.0000,0.0000,0.8900,0.00,1,classical
2026-08-24T10:32:45,59.52,LOCKED,36.1773,0.0000,0.0000,0.0000,0.8900,0.00,1,classical
2026-08-24T10:32:46,61.35,LOCKED,36.6346,0.0000,0.0000,0.0000,0.8900,0.00,1,classical
2026-08-24T10:32:47,59.88,LOCKED,37.1751,0.0000,0.0000,0.0000,0.8900,0.00,1,classical
2026-08-24T10:32:48,59.88,LOCKED,37.2711,0.0000,0.0000,0.0000,0.8900,0.00,1,classical
2026-08-24T10:32:49,60.61,LOCKED,36.7275,0.0000,0.0000,0.0000,0.8900,0.00,1,classical
2026-08-24T10:32:50,59.52,LOCKED,36.3993,0.0000,0.0000,0.0000,0.8900,0.00,1,classical
2026-08-24T10:32:51,59.52,LOCKED,35.9773,0.0000,0.0000,0.0000,0.8900,0.00,1,classical
2026-08-24T10:32:52,61.35,LOCKED,35.7998,0.0000,0.0000,0.0000,0.8900,0.00,1,classical
2026-08-24T10:32:53,59.88,LOCKED,36.3549,0.0000,0.0000,0.0000,0.8900,0.00,1,classical
2026-08-24T10:32:54,59.52,LOCKED,36.9206,0.0000,0.0000,0.0000,0.8900,0.00,1,classical
2026-08-24T10:32:55,60.24,LOCKED,37.1966,0.0000,0.0000,0.0000,0.8899,0.00,1,classical
2026-08-24T10:32:56,60.98,LOCKED,36.9998,0.0000,0.0000,0.0000,0.8900,0.00,1,classical
2026-08-24T10:32:57,61.35,LOCKED,36.7685,0.0000,0.0000,0.0000,0.8900,0.00,1,classical
2026-08-24T10:32:58,60.61,LOCKED,36.1717,0.0000,0.0000,0.0000,0.8899,0.00,1,classical
2026-08-24T10:32:59,61.73,LOCKED,35.7279,0.0000,0.0000,0.0000,0.8900,0.00,1,classical
2026-08-24T10:33:00,60.24,LOCKED,36.0917,0.0000,0.0000,0.0000,0.8900,0.00,1,classical
2026-08-24T10:33:01,60.24,LOCKED,36.3476,0.0000,0.0000,0.0000,0.8900,0.00,1,classical
2026-08-24T10:33:02,60.61,LOCKED,36.9625,0.0000,0.0000,0.0000,0.8900,0.00,1,classical
2026-08-24T10:33:04,58.14,LOCKED,37.8688,0.0000,0.0000,0.0000,0.8900,0.00,1,classical
2026-08-24T10:33:05,59.52,LOCKED,37.1173,0.0000,0.0000,0.0000,0.8900,0.00,1,classical
2026-08-24T10:33:06,59.88,LOCKED,36.4640,0.0000,0.0000,0.0000,0.8900,0.00,1,classical
2026-08-24T10:33:07,60.61,LOCKED,35.9104,0.0000,0.0000,0.0000,0.8900,0.00,1,classical
2026-08-24T10:33:08,60.98,LOCKED,35.8980,0.0000,0.0000,0.0000,0.8900,0.00,1,classical
2026-08-24T10:33:09,60.61,LOCKED,35.9143,0.0000,0.0000,0.0000,0.8899,0.00,1,classical
2026-08-24T10:33:10,60.61,LOCKED,36.5778,0.0000,0.0000,0.0000,0.8900,0.00,1,classical
2026-08-24T10:33:11,61.35,LOCKED,36.8435,0.0000,0.0000,0.0000,0.8900,0.00,1,classical
2026-08-24T10:33:12,60.24,LOCKED,37.3359,0.0000,0.0000,0.0000,0.8900,0.00,1,classical
2026-08-24T10:33:13,60.24,LOCKED,37.0025,0.0000,0.0000,0.0000,0.8899,0.00,1,classical
2026-08-24T10:33:14,59.88,LOCKED,36.6234,0.0000,0.0000,0.0000,0.8900,0.00,1,classical
2026-08-24T10:33:15,60.98,LOCKED,35.9096,0.0000,0.0000,0.0000,0.8900,0.00,1,classical
2026-08-24T10:33:16,60.61,LOCKED,35.6724,0.0000,0.0000,0.0000,0.8900,0.00,1,classical
2026-08-24T10:33:17,60.24,LOCKED,36.0620,0.0000,0.0000,0.0000,0.8899,0.00,1,classical
2026-08-24T10:33:18,60.24,LOCKED,36.5278,0.0000,0.0000,0.0000,0.8900,0.00,1,classical
2026-08-24T10:33:19,60.61,LOCKED,37.0730,0.0000,0.0000,0.0000,0.8900,0.00,1,classical
2026-08-24T10:33:20,60.24,LOCKED,36.9995,0.0000,0.0000,0.0000,0.8900,0.00,1,classical
2026-08-24T10:33:21,59.88,LOCKED,37.2026,0.0000,0.0000,0.0000,0.8900,0.00,1,classical
2026-08-24T10:33:22,60.24,LOCKED,36.0854,0.0000,0.0000,0.0000,0.8900,0.00,1,classical
2026-08-24T10:33:23,59.88,LOCKED,35.9711,0.0000,0.0000,0.0000,0.8900,0.00,1,classical
2026-08-24T10:33:24,60.61,LOCKED,35.7180,0.0000,0.0000,0.0000,0.8899,0.00,1,classical
2026-08-24T10:33:25,60.61,LOCKED,36.0464,0.0000,0.0000,0.0000,0.8900,0.00,1,classical
2026-08-24T10:33:26,60.98,LOCKED,36.6436,0.0000,0.0000,0.0000,0.8900,0.00,1,classical
2026-08-24T10:33:27,60.24,LOCKED,37.1534,0.0000,0.0000,0.0000,0.8900,0.00,1,classical
2026-08-24T10:33:28,60.61,LOCKED,37.2559,0.0000,0.0000,0.0000,0.8900,0.00,1,classical
2026-08-24T10:33:29,60.24,LOCKED,36.7376,0.0000,0.0000,0.0000,0.8900,0.00,1,classical
2026-08-24T10:33:30,60.98,LOCKED,36.3672,0.0000,0.0000,0.0000,0.8900,0.00,1,classical
2026-08-24T10:33:31,60.61,LOCKED,35.8987,0.0000,0.0000,0.0000,0.8900,0.00,1,classical
2026-08-24T10:33:32,59.88,LOCKED,36.0641,0.0000,0.0000,0.0000,0.8899,0.00,1,classical
2026-08-24T10:33:33,60.98,LOCKED,36.2078,0.0000,0.0000,0.0000,0.8900,0.00,1,classical
2026-08-24T10:33:34,59.52,LOCKED,36.9899,0.0000,0.0000,0.0000,0.8899,0.00,1,classical
2026-08-24T10:33:35,60.98,LOCKED,37.0568,0.0000,0.0000,0.0000,0.8900,0.00,1,classical
2026-08-24T10:33:36,60.24,LOCKED,36.9658,0.0000,0.0000,0.0000,0.8900,0.00,1,classical
2026-08-24T10:33:37,61.35,LOCKED,36.5170,0.0000,0.0000,0.0000,0.8900,0.00,1,classical
2026-08-24T10:33:38,60.24,LOCKED,35.9372,0.0000,0.0000,0.0000,0.8900,0.00,1,classical
2026-08-24T10:33:39,60.61,LOCKED,35.6370,0.0000,0.0000,0.0000,0.8900,0.00,1,classical
2026-08-24T10:33:40,60.24,LOCKED,35.7906,0.0000,0.0000,0.0000,0.8900,0.00,1,classical
2026-08-24T10:33:41,60.98,LOCKED,36.2638,0.0000,0.0000,0.0000,0.8900,0.00,1,classical
2026-08-24T10:33:42,61.73,LOCKED,36.8848,0.0000,0.0000,0.0000,0.8900,0.00,1,classical
2026-08-24T10:33:43,60.61,LOCKED,37.2834,0.0000,0.0000,0.0000,0.8900,0.00,1,classical
2026-08-24T10:33:44,59.88,LOCKED,37.0205,0.0000,0.0000,0.0000,0.8900,0.00,1,classical
2026-08-24T10:33:45,59.88,LOCKED,36.5759,0.0000,0.0000,0.0000,0.8900,0.00,1,classical
2026-08-24T10:33:46,60.61,LOCKED,36.0537,0.0000,0.0000,0.0000,0.8900,0.00,1,classical
2026-08-24T10:33:47,60.24,LOCKED,35.8512,0.0000,0.0000,0.0000,0.8900,0.00,1,classical
2026-08-24T10:33:48,60.24,LOCKED,35.9395,0.0000,0.0000,0.0000,0.8900,0.00,1,classical
2026-08-24T10:33:49,59.52,LOCKED,36.5256,0.0000,0.0000,0.0000,0.8900,0.00,1,classical
2026-08-24T10:33:50,60.24,LOCKED,36.8088,0.0000,0.0000,0.0000,0.8900,0.00,1,classical
2026-08-24T10:33:51,59.52,LOCKED,37.2589,0.0000,0.0000,0.0000,0.8900,0.00,1,classical
2026-08-24T10:33:52,59.17,LOCKED,37.2501,0.0000,0.0000,0.0000,0.8900,0.00,1,classical
2026-08-24T10:33:53,59.52,LOCKED,36.5871,0.0000,0.0000,0.0000,0.8900,0.00,1,classical
2026-08-24T10:33:54,60.98,LOCKED,36.5291,0.0000,0.0000,0.0000,0.8899,0.00,1,classical
2026-08-24T10:33:55,61.73,LOCKED,35.4336,0.0000,0.0000,0.0000,0.8900,0.00,1,classical
2026-08-24T10:33:56,59.52,LOCKED,36.2553,0.0000,0.0000,0.0000,0.8900,0.00,1,classical
2026-08-24T10:33:57,60.24,LOCKED,36.6438,0.0000,0.0000,0.0000,0.8900,0.00,1,classical
2026-08-24T10:33:58,60.61,LOCKED,36.9353,0.0000,0.0000,0.0000,0.8900,0.00,1,classical
2026-08-24T10:33:59,61.35,LOCKED,37.2390,0.0000,0.0000,0.0000,0.8900,0.00,1,classical
2026-08-24T10:34:00,60.24,LOCKED,36.7027,0.0000,0.0000,0.0000,0.8900,0.00,1,classical
2026-08-24T10:34:01,60.61,LOCKED,36.1591,0.0000,0.0000,0.0000,0.8900,0.00,1,classical
2026-08-24T10:34:02,59.88,LOCKED,35.9282,0.0000,0.0000,0.0000,0.8900,0.00,1,classical
2026-08-24T10:34:03,59.17,LOCKED,36.0035,0.0000,0.0000,0.0000,0.8900,0.00,1,classical
2026-08-24T10:34:04,61.35,LOCKED,35.9168,0.0000,0.0000,0.0000,0.8900,0.00,1,classical
2026-08-24T10:34:05,60.24,LOCKED,36.6345,0.0000,0.0000,0.0000,0.8900,0.00,1,classical
2026-08-24T10:34:06,60.24,LOCKED,37.2945,0.0000,0.0000,0.0000,0.8900,0.00,1,classical
2026-08-24T10:34:07,59.88,LOCKED,37.2207,0.0000,0.0000,0.0000,0.8900,0.00,1,classical
2026-08-24T10:34:08,59.88,LOCKED,36.7449,0.0000,0.0000,0.0000,0.8900,0.00,1,classical
2026-08-24T10:34:09,60.61,LOCKED,36.1128,0.0000,0.0000,0.0000,0.8900,0.00,1,classical
2026-08-24T10:34:10,61.73,LOCKED,35.8093,0.0000,0.0000,0.0000,0.8900,0.00,1,classical
2026-08-24T10:34:11,59.88,LOCKED,35.9544,0.0000,0.0000,0.0000,0.8900,0.00,1,classical
2026-08-24T10:34:12,60.61,LOCKED,36.3000,0.0000,0.0000,0.0000,0.8899,0.00,1,classical
2026-08-24T10:34:13,60.61,LOCKED,36.6766,0.0000,0.0000,0.0000,0.8900,0.00,1,classical
2026-08-24T10:34:14,60.24,LOCKED,37.1954,0.0000,0.0000,0.0000,0.8900,0.00,1,classical
2026-08-24T10:34:15,60.98,LOCKED,36.9669,0.0000,0.0000,0.0000,0.8900,0.00,1,classical
2026-08-24T10:34:16,61.35,LOCKED,36.5974,0.0000,0.0000,0.0000,0.8900,0.00,1,classical
2026-08-24T10:34:17,59.52,LOCKED,36.2039,0.0000,0.0000,0.0000,0.8899,0.00,1,classical
2026-08-24T10:34:18,59.88,LOCKED,35.9114,0.0000,0.0000,0.0000,0.8900,0.00,1,classical
2026-08-24T10:34:19,59.88,LOCKED,35.9178,0.0000,0.0000,0.0000,0.8900,0.00,1,classical
2026-08-24T10:34:20,60.24,LOCKED,36.3587,0.0000,0.0000,0.0000,0.8900,0.00,1,classical
2026-08-24T10:34:21,60.24,LOCKED,36.8817,0.0000,0.0000,0.0000,0.8900,0.00,1,classical
2026-08-24T10:34:22,60.98,LOCKED,37.1186,0.0000,0.0000,0.0000,0.8899,0.00,1,classical
2026-08-24T10:34:23,60.24,LOCKED,37.0253,0.0000,0.0000,0.0000,0.8900,0.00,1,classical
2026-08-24T10:34:24,60.24,LOCKED,36.4983,0.0000,0.0000,0.0000,0.8900,0.00,1,classical
2026-08-24T10:34:25,60.24,LOCKED,36.2682,0.0000,0.0000,0.0000,0.8900,0.00,1,classical
2026-08-24T10:34:26,61.35,LOCKED,35.7456,0.0000,0.0000,0.0000,0.8900,0.00,1,classical
2026-08-24T10:34:27,59.17,LOCKED,36.2534,0.0000,0.0000,0.0000,0.8900,0.00,1,classical
2026-08-24T10:34:28,61.35,LOCKED,36.5586,0.0000,0.0000,0.0000,0.8900,0.00,1,classical
2026-08-24T10:34:29,59.88,LOCKED,36.9106,0.0000,0.0000,0.0000,0.8900,0.00,1,classical
2026-08-24T10:34:30,60.61,LOCKED,37.0198,0.0000,0.0000,0.0000,0.8900,0.00,1,classical
2026-08-24T10:34:31,59.88,LOCKED,36.9429,0.0000,0.0000,0.0000,0.8900,0.00,1,classical
2026-08-24T10:34:32,60.61,LOCKED,36.4444,0.0000,0.0000,0.0000,0.8900,0.00,1,classical
2026-08-24T10:34:33,59.88,LOCKED,35.9828,0.0000,0.0000,0.0000,0.8900,0.00,1,classical
2026-08-24T10:34:34,60.24,LOCKED,35.7293,0.0000,0.0000,0.0000,0.8900,0.00,1,classical
2026-08-24T10:34:35,60.98,LOCKED,36.0308,0.0000,0.0000,0.0000,0.8900,0.00,1,classical
2026-08-24T10:34:36,61.35,LOCKED,36.5082,0.0000,0.0000,0.0000,0.8899,0.00,1,classical
2026-08-24T10:34:37,60.24,LOCKED,37.1304,0.0000,0.0000,0.0000,0.8900,0.00,1,classical
2026-08-24T10:34:38,60.61,LOCKED,37.2393,0.0000,0.0000,0.0000,0.8900,0.00,1,classical
2026-08-24T10:34:39,60.98,LOCKED,36.7454,0.0000,0.0000,0.0000,0.8900,0.00,1,classical
2026-08-24T10:34:40,61.73,LOCKED,36.4055,0.0000,0.0000,0.0000,0.8900,0.00,1,classical
2026-08-24T10:34:41,59.17,LOCKED,36.0935,0.0000,0.0000,0.0000,0.8900,0.00,1,classical
2026-08-24T10:34:42,60.24,LOCKED,35.8152,0.0000,0.0000,0.0000,0.8900,0.00,1,classical
2026-08-24T10:34:43,60.24,LOCKED,36.3757,0.0000,0.0000,0.0000,0.8900,0.00,1,classical
2026-08-24T10:34:44,59.88,LOCKED,36.6850,0.0000,0.0000,0.0000,0.8900,0.00,1,classical
2026-08-24T10:34:45,59.88,LOCKED,37.0144,0.0000,0.0000,0.0000,0.8900,0.00,1,classical
2026-08-24T10:34:46,60.98,LOCKED,37.0991,0.0000,0.0000,0.0000,0.8900,0.00,1,classical
2026-08-24T10:34:47,60.61,LOCKED,36.5852,0.0000,0.0000,0.0000,0.8900,0.00,1,classical
2026-08-24T10:34:48,60.61,LOCKED,36.0157,0.0000,0.0000,0.0000,0.8900,0.00,1,classical
2026-08-24T10:34:49,60.61,LOCKED,35.7441,0.0000,0.0000,0.0000,0.8900,0.00,1,classical
2026-08-24T10:34:50,59.88,LOCKED,36.0219,0.0000,0.0000,0.0000,0.8900,0.00,1,classical
2026-08-24T10:34:51,60.98,LOCKED,36.1535,0.0000,0.0000,0.0000,0.8900,0.00,1,classical
2026-08-24T10:34:52,60.61,LOCKED,36.8050,0.0000,0.0000,0.0000,0.8900,0.00,1,classical
2026-08-24T10:34:53,61.35,LOCKED,37.1149,0.0000,0.0000,0.0000,0.8900,0.00,1,classical
2026-08-24T10:34:54,59.88,LOCKED,37.2385,0.0000,0.0000,0.0000,0.8900,0.00,1,classical
2026-08-24T10:34:55,60.98,LOCKED,36.6385,0.0000,0.0000,0.0000,0.8900,0.00,1,classical
2026-08-24T10:34:56,59.88,LOCKED,36.1617,0.0000,0.0000,0.0000,0.8900,0.00,1,classical
2026-08-24T10:34:57,59.17,LOCKED,35.7245,0.0000,0.0000,0.0000,0.8900,0.00,1,classical
2026-08-24T10:34:58,60.61,LOCKED,35.9201,0.0000,0.0000,0.0000,0.8900,0.00,1,classical
2026-08-24T10:34:59,60.24,LOCKED,36.3570,0.0000,0.0000,0.0000,0.8900,0.00,1,classical
2026-08-24T10:35:00,59.88,LOCKED,36.9563,0.0000,0.0000,0.0000,0.8900,0.00,1,classical
2026-08-24T10:35:01,60.24,LOCKED,37.0619,0.0000,0.0000,0.0000,0.8900,0.00,1,classical
2026-08-24T10:35:02,60.24,LOCKED,36.8737,0.0000,0.0000,0.0000,0.8900,0.00,1,classical
2026-08-24T10:35:03,59.52,LOCKED,36.6277,0.0000,0.0000,0.0000,0.8900,0.00,1,classical
2026-08-24T10:35:04,59.88,LOCKED,36.0611,0.0000,0.0000,0.0000,0.8900,0.00,1,classical
2026-08-24T10:35:06,61.35,LOCKED,35.5766,0.0000,0.0000,0.0000,0.8900,0.00,1,classical
2026-08-24T10:35:07,60.61,LOCKED,35.9321,0.0000,0.0000,0.0000,0.8900,0.00,1,classical
2026-08-24T10:35:08,60.98,LOCKED,36.5266,0.0000,0.0000,0.0000,0.8900,0.00,1,classical
2026-08-24T10:35:09,60.24,LOCKED,36.9237,0.0000,0.0000,0.0000,0.8899,0.00,1,classical
2026-08-24T10:35:10,60.61,LOCKED,37.4385,0.0000,0.0000,0.0000,0.8900,0.00,1,classical
2026-08-24T10:35:11,61.35,LOCKED,36.9436,0.0000,0.0000,0.0000,0.8900,0.00,1,classical
2026-08-24T10:35:12,59.88,LOCKED,36.5079,0.0000,0.0000,0.0000,0.8900,0.00,1,classical
2026-08-24T10:35:13,60.61,LOCKED,35.8918,0.0000,0.0000,0.0000,0.8900,0.00,1,classical
2026-08-24T10:35:14,59.88,LOCKED,35.8514,0.0000,0.0000,0.0000,0.8900,0.00,1,classical
2026-08-24T10:35:15,60.24,LOCKED,36.5021,0.0000,0.0000,0.0000,0.8899,0.00,1,classical
2026-08-24T10:35:16,60.24,LOCKED,36.4866,0.0000,0.0000,0.0000,0.8900,0.00,1,classical
2026-08-24T10:35:17,59.17,LOCKED,37.2155,0.0000,0.0000,0.0000,0.8900,0.00,1,classical
2026-08-24T10:35:18,58.82,LOCKED,37.2740,0.0000,0.0000,0.0000,0.8899,0.00,1,classical
2026-08-24T10:35:19,59.52,LOCKED,37.0689,0.0000,0.0000,0.0000,0.8899,0.00,1,classical
2026-08-24T10:35:20,60.24,LOCKED,36.2282,0.0000,0.0000,0.0000,0.8900,0.00,1,classical
2026-08-24T10:35:21,60.98,LOCKED,35.7818,0.0000,0.0000,0.0000,0.8900,0.00,1,classical
2026-08-24T10:35:22,59.88,LOCKED,35.8144,0.0000,0.0000,0.0000,0.8900,0.00,1,classical
2026-08-24T10:35:23,60.61,LOCKED,36.2244,0.0000,0.0000,0.0000,0.8900,0.00,1,classical
2026-08-24T10:35:24,60.98,LOCKED,36.8066,0.0000,0.0000,0.0000,0.8900,0.00,1,classical
2026-08-24T10:35:25,60.61,LOCKED,37.1485,0.0000,0.0000,0.0000,0.8900,0.00,1,classical
2026-08-24T10:35:26,60.24,LOCKED,37.2477,0.0000,0.0000,0.0000,0.8899,0.00,1,classical
2026-08-24T10:35:27,59.52,LOCKED,36.8978,0.0000,0.0000,0.0000,0.8900,0.00,1,classical
2026-08-24T10:35:28,60.61,LOCKED,36.1201,0.0000,0.0000,0.0000,0.8900,0.00,1,classical
2026-08-24T10:35:29,60.24,LOCKED,35.8999,0.0000,0.0000,0.0000,0.8899,0.00,1,classical
2026-08-24T10:35:30,60.61,LOCKED,35.7889,0.0000,0.0000,0.0000,0.8900,0.00,1,classical
2026-08-24T10:35:31,60.61,LOCKED,36.3080,0.0000,0.0000,0.0000,0.8900,0.00,1,classical
2026-08-24T10:35:32,59.88,LOCKED,36.7222,0.0000,0.0000,0.0000,0.8900,0.00,1,classical
2026-08-24T10:35:33,60.24,LOCKED,37.2620,0.0000,0.0000,0.0000,0.8899,0.00,1,classical
2026-08-24T10:35:34,60.61,LOCKED,37.1539,0.0000,0.0000,0.0000,0.8900,0.00,1,classical
2026-08-24T10:35:35,60.61,LOCKED,36.4699,0.0000,0.0000,0.0000,0.8900,0.00,1,classical
2026-08-24T10:35:36,59.88,LOCKED,36.2748,0.0000,0.0000,0.0000,0.8900,0.00,1,classical
2026-08-24T10:35:37,60.61,LOCKED,35.5568,0.0000,0.0000,0.0000,0.8900,0.00,1,classical
2026-08-24T10:35:38,60.61,LOCKED,35.8075,0.0000,0.0000,0.0000,0.8900,0.00,1,classical
2026-08-24T10:35:39,59.88,LOCKED,36.5607,0.0000,0.0000,0.0000,0.8900,0.00,1,classical
2026-08-24T10:35:40,61.35,LOCKED,36.8189,0.0000,0.0000,0.0000,0.8900,0.00,1,classical
2026-08-24T10:35:41,59.52,LOCKED,37.4223,0.0000,0.0000,0.0000,0.8900,0.00,1,classical
2026-08-24T10:35:42,59.52,LOCKED,36.8757,0.0000,0.0000,0.0000,0.8900,0.00,1,classical
2026-08-24T10:35:43,60.61,LOCKED,36.3561,0.0000,0.0000,0.0000,0.8900,0.00,1,classical
2026-08-24T10:35:44,60.24,LOCKED,36.0286,0.0000,0.0000,0.0000,0.8900,0.00,1,classical
2026-08-24T10:35:45,59.88,LOCKED,35.9123,0.0000,0.0000,0.0000,0.8900,0.00,1,classical
2026-08-24T10:35:46,60.24,LOCKED,36.0704,0.0000,0.0000,0.0000,0.8900,0.00,1,classical
2026-08-24T10:35:47,60.61,LOCKED,36.4580,0.0000,0.0000,0.0000,0.8900,0.00,1,classical
2026-08-24T10:35:48,59.52,LOCKED,37.3845,0.0000,0.0000,0.0000,0.8900,0.00,1,classical
2026-08-24T10:35:49,60.98,LOCKED,37.0761,0.0000,0.0000,0.0000,0.8900,0.00,1,classical
2026-08-24T10:35:50,60.61,LOCKED,36.9481,0.0000,0.0000,0.0000,0.8900,0.00,1,classical
2026-08-24T10:35:51,60.98,LOCKED,36.3647,0.0000,0.0000,0.0000,0.8900,0.00,1,classical
2026-08-24T10:35:52,61.35,LOCKED,35.9363,0.0000,0.0000,0.0000,0.8900,0.00,1,classical
2026-08-24T10:35:53,60.61,LOCKED,35.9823,0.0000,0.0000,0.0000,0.8900,0.00,1,classical
2026-08-24T10:35:54,59.88,LOCKED,36.0767,0.0000,0.0000,0.0000,0.8900,0.00,1,classical
2026-08-24T10:35:55,59.88,LOCKED,36.7784,0.0000,0.0000,0.0000,0.8900,0.00,1,classical
2026-08-24T10:35:56,59.88,LOCKED,37.3035,0.0000,0.0000,0.0000,0.8900,0.00,1,classical
2026-08-24T10:35:57,60.98,LOCKED,36.8071,0.0000,0.0000,0.0000,0.8900,0.00,1,classical
2026-08-24T10:35:58,59.52,LOCKED,36.8912,0.0000,0.0000,0.0000,0.8900,0.00,1,classical
2026-08-24T10:35:59,60.98,LOCKED,36.0577,0.0000,0.0000,0.0000,0.8900,0.00,1,classical
2026-08-24T10:36:00,60.61,LOCKED,35.9554,0.0000,0.0000,0.0000,0.8900,0.00,1,classical
2026-08-24T10:36:01,61.35,LOCKED,35.6509,0.0000,0.0000,0.0000,0.8900,0.00,1,classical
2026-08-24T10:36:02,59.88,LOCKED,36.2414,0.0000,0.0000,0.0000,0.8900,0.00,1,classical
2026-08-24T10:36:03,61.35,LOCKED,36.8520,0.0000,0.0000,0.0000,0.8900,0.00,1,classical
2026-08-24T10:36:04,60.24,LOCKED,37.1531,0.0000,0.0000,0.0000,0.8900,0.00,1,classical
2026-08-24T10:36:05,60.24,LOCKED,37.1652,0.0000,0.0000,0.0000,0.8900,0.00,1,classical
2026-08-24T10:36:06,60.61,LOCKED,36.7597,0.0000,0.0000,0.0000,0.8900,0.00,1,classical
2026-08-24T10:36:07,60.24,LOCKED,36.3174,0.0000,0.0000,0.0000,0.8900,0.00,1,classical
2026-08-24T10:36:08,60.24,LOCKED,35.7323,0.0000,0.0000,0.0000,0.8900,0.00,1,classical
2026-08-24T10:36:09,60.61,LOCKED,35.9209,0.0000,0.0000,0.0000,0.8900,0.00,1,classical
2026-08-24T10:36:10,61.35,LOCKED,36.3725,0.0000,0.0000,0.0000,0.8899,0.00,1,classical
2026-08-24T10:36:11,59.52,LOCKED,37.0094,0.0000,0.0000,0.0000,0.8900,0.00,1,classical
2026-08-24T10:36:12,59.88,LOCKED,37.1334,0.0000,0.0000,0.0000,0.8900,0.00,1,classical
2026-08-24T10:36:13,59.52,LOCKED,37.2356,0.0000,0.0000,0.0000,0.8900,0.00,1,classical
2026-08-24T10:36:14,59.52,LOCKED,36.6122,0.0000,0.0000,0.0000,0.8900,0.00,1,classical
2026-08-24T10:36:15,61.35,LOCKED,35.9210,0.0000,0.0000,0.0000,0.8900,0.00,1,classical
2026-08-24T10:36:16,59.52,LOCKED,35.9185,0.0000,0.0000,0.0000,0.8900,0.00,1,classical
2026-08-24T10:36:17,59.52,LOCKED,35.9368,0.0000,0.0000,0.0000,0.8900,0.00,1,classical
2026-08-24T10:36:18,60.98,LOCKED,36.4294,0.0000,0.0000,0.0000,0.8900,0.00,1,classical
2026-08-24T10:36:19,59.88,LOCKED,36.9548,0.0000,0.0000,0.0000,0.8900,0.00,1,classical
2026-08-24T10:36:20,60.24,LOCKED,37.3469,0.0000,0.0000,0.0000,0.8900,0.00,1,classical
2026-08-24T10:36:21,59.52,LOCKED,37.0447,0.0000,0.0000,0.0000,0.8899,0.00,1,classical
2026-08-24T10:36:22,60.61,LOCKED,36.4209,0.0000,0.0000,0.0000,0.8900,0.00,1,classical
2026-08-24T10:36:23,59.52,LOCKED,36.2395,0.0000,0.0000,0.0000,0.8899,0.00,1,classical
2026-08-24T10:36:24,59.52,LOCKED,35.9520,0.0000,0.0000,0.0000,0.8900,0.00,1,classical
2026-08-24T10:36:25,60.24,LOCKED,36.2006,0.0000,0.0000,0.0000,0.8900,0.00,1,classical
2026-08-24T10:36:26,60.98,LOCKED,36.4833,0.0000,0.0000,0.0000,0.8900,0.00,1,classical
2026-08-24T10:36:27,59.17,LOCKED,37.2802,0.0000,0.0000,0.0000,0.8900,0.00,1,classical
2026-08-24T10:36:28,60.61,LOCKED,37.0198,0.0000,0.0000,0.0000,0.8900,0.00,1,classical
2026-08-24T10:36:29,61.73,LOCKED,36.5655,0.0000,0.0000,0.0000,0.8900,0.00,1,classical
2026-08-24T10:36:30,60.98,LOCKED,36.4600,0.0000,0.0000,0.0000,0.8900,0.00,1,classical
2026-08-24T10:36:31,60.98,LOCKED,35.7874,0.0000,0.0000,0.0000,0.8900,0.00,1,classical
2026-08-24T10:36:32,60.61,LOCKED,35.7869,0.0000,0.0000,0.0000,0.8900,0.00,1,classical
2026-08-24T10:36:33,61.73,LOCKED,35.9268,0.0000,0.0000,0.0000,0.8900,0.00,1,classical
2026-08-24T10:36:34,59.88,LOCKED,36.8797,0.0000,0.0000,0.0000,0.8900,0.00,1,classical
2026-08-24T10:36:35,60.98,LOCKED,37.0451,0.0000,0.0000,0.0000,0.8900,0.00,1,classical
2026-08-24T10:36:36,59.52,LOCKED,37.2699,0.0000,0.0000,0.0000,0.8900,0.00,1,classical
2026-08-24T10:36:37,60.24,LOCKED,36.7023,0.0000,0.0000,0.0000,0.8900,0.00,1,classical
2026-08-24T10:36:38,60.24,LOCKED,36.0082,0.0000,0.0000,0.0000,0.8899,0.00,1,classical
2026-08-24T10:36:39,61.35,LOCKED,35.6564,0.0000,0.0000,0.0000,0.8900,0.00,1,classical
2026-08-24T10:36:40,60.24,LOCKED,35.8736,0.0000,0.0000,0.0000,0.8900,0.00,1,classical
2026-08-24T10:36:41,61.35,LOCKED,36.2563,0.0000,0.0000,0.0000,0.8900,0.00,1,classical
2026-08-24T10:36:42,60.61,LOCKED,36.9032,0.0000,0.0000,0.0000,0.8900,0.00,1,classical
2026-08-24T10:36:43,62.11,LOCKED,36.8811,0.0000,0.0000,0.0000,0.8900,0.00,1,classical
2026-08-24T10:36:44,61.73,LOCKED,36.9341,0.0000,0.0000,0.0000,0.8899,0.00,1,classical
2026-08-24T10:36:45,60.61,LOCKED,36.7448,0.0000,0.0000,0.0000,0.8900,0.00,1,classical
2026-08-24T10:36:46,60.61,LOCKED,36.2098,0.0000,0.0000,0.0000,0.8900,0.00,1,classical
2026-08-24T10:36:47,60.24,LOCKED,35.9998,0.0000,0.0000,0.0000,0.8900,0.00,1,classical
2026-08-24T10:36:48,60.98,LOCKED,35.6823,0.0000,0.0000,0.0000,0.8900,0.00,1,classical
2026-08-24T10:36:49,60.24,LOCKED,36.3102,0.0000,0.0000,0.0000,0.8900,0.00,1,classical
2026-08-24T10:36:50,60.24,LOCKED,36.7573,0.0000,0.0000,0.0000,0.8900,0.00,1,classical
2026-08-24T10:36:51,60.24,LOCKED,37.2572,0.0000,0.0000,0.0000,0.8900,0.00,1,classical
2026-08-24T10:36:52,60.61,LOCKED,37.1517,0.0000,0.0000,0.0000,0.8899,0.00,1,classical
2026-08-24T10:36:53,59.88,LOCKED,36.6464,0.0000,0.0000,0.0000,0.8899,0.00,1,classical
2026-08-24T10:36:54,60.61,LOCKED,36.1091,0.0000,0.0000,0.0000,0.8900,0.00,1,classical
2026-08-24T10:36:55,60.24,LOCKED,35.7421,0.0000,0.0000,0.0000,0.8900,0.00,1,classical
2026-08-24T10:36:56,61.35,LOCKED,35.9026,0.0000,0.0000,0.0000,0.8900,0.00,1,classical
2026-08-24T10:36:57,60.24,LOCKED,36.5281,0.0000,0.0000,0.0000,0.8900,0.00,1,classical
2026-08-24T10:36:58,60.61,LOCKED,37.0228,0.0000,0.0000,0.0000,0.8900,0.00,1,classical
2026-08-24T10:36:59,60.61,LOCKED,37.3500,0.0000,0.0000,0.0000,0.8900,0.00,1,classical
2026-08-24T10:37:00,61.35,LOCKED,36.7339,0.0000,0.0000,0.0000,0.8900,0.00,1,classical
2026-08-24T10:37:01,60.24,LOCKED,36.6728,0.0000,0.0000,0.0000,0.8900,0.00,1,classical
2026-08-24T10:37:02,60.98,LOCKED,36.0693,0.0000,0.0000,0.0000,0.8900,0.00,1,classical
2026-08-24T10:37:03,60.61,LOCKED,35.9339,0.0000,0.0000,0.0000,0.8900,0.00,1,classical
2026-08-24T10:37:04,60.61,LOCKED,36.0411,0.0000,0.0000,0.0000,0.8900,0.00,1,classical
2026-08-24T10:37:06,60.61,LOCKED,36.7299,0.0000,0.0000,0.0000,0.8900,0.00,1,classical
2026-08-24T10:37:07,59.52,LOCKED,37.1955,0.0000,0.0000,0.0000,0.8900,0.00,1,classical
2026-08-24T10:37:08,59.88,LOCKED,37.3645,0.0000,0.0000,0.0000,0.8899,0.00,1,classical
2026-08-24T10:37:09,60.24,LOCKED,36.8303,0.0000,0.0000,0.0000,0.8899,0.00,1,classical
2026-08-24T10:37:10,60.61,LOCKED,36.2758,0.0000,0.0000,0.0000,0.8900,0.00,1,classical
2026-08-24T10:37:11,60.98,LOCKED,35.7004,0.0000,0.0000,0.0000,0.8900,0.00,1,classical
2026-08-24T10:37:12,60.24,LOCKED,35.8763,0.0000,0.0000,0.0000,0.8900,0.00,1,classical
2026-08-24T10:37:13,59.52,LOCKED,35.9552,0.0000,0.0000,0.0000,0.8900,0.00,1,classical
2026-08-24T10:37:14,60.24,LOCKED,36.7750,0.0000,0.0000,0.0000,0.8900,0.00,1,classical
2026-08-24T10:37:15,60.98,LOCKED,37.1072,0.0000,0.0000,0.0000,0.8899,0.00,1,classical
2026-08-24T10:37:16,59.88,LOCKED,37.4058,0.0000,0.0000,0.0000,0.8899,0.00,1,classical
2026-08-24T10:37:17,60.61,LOCKED,36.7345,0.0000,0.0000,0.0000,0.8900,0.00,1,classical
2026-08-24T10:37:18,61.35,LOCKED,36.2413,0.0000,0.0000,0.0000,0.8900,0.00,1,classical
2026-08-24T10:37:19,59.88,LOCKED,36.0089,0.0000,0.0000,0.0000,0.8900,0.00,1,classical
2026-08-24T10:37:20,61.35,LOCKED,35.6746,0.0000,0.0000,0.0000,0.8900,0.00,1,classical
2026-08-24T10:37:21,60.98,LOCKED,36.4593,0.0000,0.0000,0.0000,0.8900,0.00,1,classical
2026-08-24T10:37:22,59.52,LOCKED,36.9553,0.0000,0.0000,0.0000,0.8900,0.00,1,classical
2026-08-24T10:37:23,59.52,LOCKED,37.3253,0.0000,0.0000,0.0000,0.8900,0.00,1,classical
2026-08-24T10:37:24,61.35,LOCKED,36.8713,0.0000,0.0000,0.0000,0.8899,0.00,1,classical
2026-08-24T10:37:25,60.24,LOCKED,36.7361,0.0000,0.0000,0.0000,0.8900,0.00,1,classical
2026-08-24T10:37:26,59.88,LOCKED,36.0259,0.0000,0.0000,0.0000,0.8900,0.00,1,classical
2026-08-24T10:37:27,60.61,LOCKED,35.7312,0.0000,0.0000,0.0000,0.8900,0.00,1,classical
2026-08-24T10:37:28,59.17,LOCKED,36.1694,0.0000,0.0000,0.0000,0.8900,0.00,1,classical
2026-08-24T10:37:29,59.52,LOCKED,36.4807,0.0000,0.0000,0.0000,0.8900,0.00,1,classical
2026-08-24T10:37:30,60.24,LOCKED,37.1008,0.0000,0.0000,0.0000,0.8900,0.00,1,classical
2026-08-24T10:37:31,61.35,LOCKED,37.1532,0.0000,0.0000,0.0000,0.8900,0.00,1,classical
2026-08-24T10:37:32,59.88,LOCKED,37.0344,0.0000,0.0000,0.0000,0.8900,0.00,1,classical
2026-08-24T10:37:33,60.24,LOCKED,36.7554,0.0000,0.0000,0.0000,0.8900,0.00,1,classical
2026-08-24T10:37:34,60.61,LOCKED,35.9805,0.0000,0.0000,0.0000,0.8900,0.00,1,classical
2026-08-24T10:37:35,60.61,LOCKED,35.5855,0.0000,0.0000,0.0000,0.8900,0.00,1,classical
2026-08-24T10:37:36,60.24,LOCKED,36.3342,0.0000,0.0000,0.0000,0.8900,0.00,1,classical
2026-08-24T10:37:37,59.52,LOCKED,36.4774,0.0000,0.0000,0.0000,0.8900,0.00,1,classical
2026-08-24T10:37:38,59.88,LOCKED,37.0366,0.0000,0.0000,0.0000,0.8900,0.00,1,classical
2026-08-24T10:37:39,59.88,LOCKED,37.3605,0.0000,0.0000,0.0000,0.8900,0.00,1,classical
2026-08-24T10:37:40,59.88,LOCKED,36.8856,0.0000,0.0000,0.0000,0.8900,0.00,1,classical
2026-08-24T10:37:41,60.61,LOCKED,36.4085,0.0000,0.0000,0.0000,0.8900,0.00,1,classical
2026-08-24T10:37:42,60.61,LOCKED,35.8294,0.0000,0.0000,0.0000,0.8900,0.00,1,classical
2026-08-24T10:37:43,60.24,LOCKED,36.0208,0.0000,0.0000,0.0000,0.8900,0.00,1,classical
2026-08-24T10:37:44,60.98,LOCKED,35.9639,0.0000,0.0000,0.0000,0.8900,0.00,1,classical
2026-08-24T10:37:45,60.24,LOCKED,36.5839,0.0000,0.0000,0.0000,0.8900,0.00,1,classical
2026-08-24T10:37:46,60.98,LOCKED,37.1895,0.0000,0.0000,0.0000,0.8900,0.00,1,classical
2026-08-24T10:37:47,60.24,LOCKED,37.3981,0.0000,0.0000,0.0000,0.8900,0.00,1,classical
2026-08-24T10:37:48,60.61,LOCKED,36.5091,0.0000,0.0000,0.0000,0.8899,0.00,1,classical
2026-08-24T10:37:49,59.52,LOCKED,36.4717,0.0000,0.0000,0.0000,0.8900,0.00,1,classical
2026-08-24T10:37:50,60.61,LOCKED,36.0524,0.0000,0.0000,0.0000,0.8900,0.00,1,classical
2026-08-24T10:37:51,59.88,LOCKED,35.8933,0.0000,0.0000,0.0000,0.8900,0.00,1,classical
2026-08-24T10:37:52,60.98,LOCKED,36.2100,0.0000,0.0000,0.0000,0.8900,0.00,1,classical
2026-08-24T10:37:53,59.17,LOCKED,36.8905,0.0000,0.0000,0.0000,0.8900,0.00,1,classical
2026-08-24T10:37:54,60.24,LOCKED,37.0294,0.0000,0.0000,0.0000,0.8900,0.00,1,classical
2026-08-24T10:37:55,60.98,LOCKED,37.1193,0.0000,0.0000,0.0000,0.8900,0.00,1,classical
2026-08-24T10:37:56,59.88,LOCKED,36.8108,0.0000,0.0000,0.0000,0.8900,0.00,1,classical
2026-08-24T10:37:57,60.61,LOCKED,36.1369,0.0000,0.0000,0.0000,0.8900,0.00,1,classical
2026-08-24T10:37:58,59.52,LOCKED,36.0097,0.0000,0.0000,0.0000,0.8900,0.00,1,classical
2026-08-24T10:37:59,61.35,LOCKED,35.7111,0.0000,0.0000,0.0000,0.8900,0.00,1,classical
2026-08-24T10:38:00,59.88,LOCKED,36.6005,0.0000,0.0000,0.0000,0.8899,0.00,1,classical
2026-08-24T10:38:01,60.24,LOCKED,36.9041,0.0000,0.0000,0.0000,0.8900,0.00,1,classical
2026-08-24T10:38:02,61.35,LOCKED,37.1719,0.0000,0.0000,0.0000,0.8900,0.00,1,classical
2026-08-24T10:38:03,60.24,LOCKED,36.8293,0.0000,0.0000,0.0000,0.8900,0.00,1,classical
2026-08-24T10:38:04,60.24,LOCKED,36.4173,0.0000,0.0000,0.0000,0.8900,0.00,1,classical
2026-08-24T10:38:05,60.24,LOCKED,36.1424,0.0000,0.0000,0.0000,0.8900,0.00,1,classical
2026-08-24T10:38:06,60.24,LOCKED,35.9363,0.0000,0.0000,0.0000,0.8900,0.00,1,classical
2026-08-24T10:38:07,59.17,LOCKED,35.8081,0.0000,0.0000,0.0000,0.8900,0.00,1,classical
2026-08-24T10:38:08,60.98,LOCKED,36.3418,0.0000,0.0000,0.0000,0.8900,0.00,1,classical
2026-08-24T10:38:09,61.73,LOCKED,36.9194,0.0000,0.0000,0.0000,0.8900,0.00,1,classical
2026-08-24T10:38:10,60.24,LOCKED,37.0227,0.0000,0.0000,0.0000,0.8900,0.00,1,classical
2026-08-24T10:38:11,60.98,LOCKED,36.8736,0.0000,0.0000,0.0000,0.8900,0.00,1,classical
2026-08-24T10:38:12,60.24,LOCKED,36.6154,0.0000,0.0000,0.0000,0.8900,0.00,1,classical
2026-08-24T10:38:13,60.61,LOCKED,36.0409,0.0000,0.0000,0.0000,0.8900,0.00,1,classical
2026-08-24T10:38:14,60.61,LOCKED,35.6578,0.0000,0.0000,0.0000,0.8900,0.00,1,classical
2026-08-24T10:38:15,60.24,LOCKED,36.1637,0.0000,0.0000,0.0000,0.8900,0.00,1,classical
2026-08-24T10:38:16,60.24,LOCKED,36.8061,0.0000,0.0000,0.0000,0.8900,0.00,1,classical
2026-08-24T10:38:17,59.17,LOCKED,37.3134,0.0000,0.0000,0.0000,0.8900,0.00,1,classical
2026-08-24T10:38:18,60.98,LOCKED,37.0255,0.0000,0.0000,0.0000,0.8900,0.00,1,classical
2026-08-24T10:38:19,59.88,LOCKED,37.1402,0.0000,0.0000,0.0000,0.8900,0.00,1,classical
2026-08-24T10:38:20,60.24,LOCKED,36.4238,0.0000,0.0000,0.0000,0.8900,0.00,1,classical
2026-08-24T10:38:21,60.61,LOCKED,35.8819,0.0000,0.0000,0.0000,0.8900,0.00,1,classical
2026-08-24T10:38:22,59.88,LOCKED,35.7900,0.0000,0.0000,0.0000,0.8900,0.00,1,classical
2026-08-24T10:38:23,59.88,LOCKED,36.1246,0.0000,0.0000,0.0000,0.8900,0.00,1,classical
2026-08-24T10:38:24,59.88,LOCKED,36.7467,0.0000,0.0000,0.0000,0.8900,0.00,1,classical
2026-08-24T10:38:25,60.24,LOCKED,37.2085,0.0000,0.0000,0.0000,0.8900,0.00,1,classical
2026-08-24T10:38:26,59.17,LOCKED,37.3464,0.0000,0.0000,0.0000,0.8900,0.00,1,classical
2026-08-24T10:38:27,60.61,LOCKED,36.6660,0.0000,0.0000,0.0000,0.8900,0.00,1,classical
2026-08-24T10:38:28,60.61,LOCKED,36.2337,0.0000,0.0000,0.0000,0.8900,0.00,1,classical
2026-08-24T10:38:29,59.17,LOCKED,35.9794,0.0000,0.0000,0.0000,0.8899,0.00,1,classical
2026-08-24T10:38:30,59.52,LOCKED,35.8628,0.0000,0.0000,0.0000,0.8900,0.00,1,classical
2026-08-24T10:38:31,60.98,LOCKED,36.2297,0.0000,0.0000,0.0000,0.8900,0.00,1,classical
2026-08-24T10:38:32,59.88,LOCKED,36.8295,0.0000,0.0000,0.0000,0.8900,0.00,1,classical
2026-08-24T10:38:33,60.24,LOCKED,37.2609,0.0000,0.0000,0.0000,0.8900,0.00,1,classical
2026-08-24T10:38:34,60.61,LOCKED,36.9433,0.0000,0.0000,0.0000,0.8900,0.00,1,classical
2026-08-24T10:38:35,60.24,LOCKED,36.7003,0.0000,0.0000,0.0000,0.8900,0.00,1,classical
2026-08-24T10:38:36,60.61,LOCKED,36.0847,0.0000,0.0000,0.0000,0.8900,0.00,1,classical
2026-08-24T10:38:37,61.35,LOCKED,35.6534,0.0000,0.0000,0.0000,0.8899,0.00,1,classical
2026-08-24T10:38:38,60.24,LOCKED,35.9834,0.0000,0.0000,0.0000,0.8900,0.00,1,classical
2026-08-24T10:38:39,59.52,LOCKED,36.5341,0.0000,0.0000,0.0000,0.8900,0.00,1,classical
2026-08-24T10:38:40,60.24,LOCKED,36.9532,0.0000,0.0000,0.0000,0.8900,0.00,1,classical
2026-08-24T10:38:41,60.98,LOCKED,37.1859,0.0000,0.0000,0.0000,0.8900,0.00,1,classical
2026-08-24T10:38:42,59.88,LOCKED,36.8587,0.0000,0.0000,0.0000,0.8900,0.00,1,classical
2026-08-24T10:38:43,60.98,LOCKED,36.6281,0.0000,0.0000,0.0000,0.8900,0.00,1,classical
2026-08-24T10:38:44,60.61,LOCKED,36.0353,0.0000,0.0000,0.0000,0.8900,0.00,1,classical
2026-08-24T10:38:45,60.98,LOCKED,35.9035,0.0000,0.0000,0.0000,0.8899,0.00,1,classical
2026-08-24T10:38:46,58.82,LOCKED,36.2166,0.0000,0.0000,0.0000,0.8900,0.00,1,classical
2026-08-24T10:38:47,59.52,LOCKED,36.3857,0.0000,0.0000,0.0000,0.8899,0.00,1,classical
2026-08-24T10:38:48,60.98,LOCKED,36.8691,0.0000,0.0000,0.0000,0.8900,0.00,1,classical
2026-08-24T10:38:49,58.14,LOCKED,37.5955,0.0000,0.0000,0.0000,0.8899,0.00,1,classical
2026-08-24T10:38:50,59.88,LOCKED,36.8796,0.0000,0.0000,0.0000,0.8900,0.00,1,classical
2026-08-24T10:38:51,59.88,LOCKED,36.4718,0.0000,0.0000,0.0000,0.8900,0.00,1,classical
2026-08-24T10:38:52,60.61,LOCKED,35.9502,0.0000,0.0000,0.0000,0.8900,0.00,1,classical
2026-08-24T10:38:53,60.61,LOCKED,35.7591,0.0000,0.0000,0.0000,0.8900,0.00,1,classical
2026-08-24T10:38:54,60.24,LOCKED,36.2951,0.0000,0.0000,0.0000,0.8900,0.00,1,classical
2026-08-24T10:38:55,59.88,LOCKED,36.6744,0.0000,0.0000,0.0000,0.8900,0.00,1,classical
2026-08-24T10:38:56,60.24,LOCKED,37.0549,0.0000,0.0000,0.0000,0.8900,0.00,1,classical
2026-08-24T10:38:57,59.52,LOCKED,37.2382,0.0000,0.0000,0.0000,0.8900,0.00,1,classical
2026-08-24T10:38:58,60.24,LOCKED,36.7827,0.0000,0.0000,0.0000,0.8900,0.00,1,classical
2026-08-24T10:38:59,61.73,LOCKED,36.2418,0.0000,0.0000,0.0000,0.8900,0.00,1,classical
2026-08-24T10:39:01,60.24,LOCKED,35.9542,0.0000,0.0000,0.0000,0.8900,0.00,1,classical
2026-08-24T10:39:02,60.24,LOCKED,35.7949,0.0000,0.0000,0.0000,0.8900,0.00,1,classical
2026-08-24T10:39:03,59.88,LOCKED,36.3230,0.0000,0.0000,0.0000,0.8900,0.00,1,classical
2026-08-24T10:39:04,59.88,LOCKED,36.9095,0.0000,0.0000,0.0000,0.8899,0.00,1,classical
2026-08-24T10:39:05,60.24,LOCKED,36.9265,0.0000,0.0000,0.0000,0.8900,0.00,1,classical
2026-08-24T10:39:06,59.88,LOCKED,37.2349,0.0000,0.0000,0.0000,0.8900,0.00,1,classical
2026-08-24T10:39:07,59.52,LOCKED,36.7645,0.0000,0.0000,0.0000,0.8900,0.00,1,classical
2026-08-24T10:39:08,60.98,LOCKED,36.2072,0.0000,0.0000,0.0000,0.8900,0.00,1,classical
2026-08-24T10:39:09,60.98,LOCKED,35.7328,0.0000,0.0000,0.0000,0.8900,0.00,1,classical
2026-08-24T10:39:10,60.61,LOCKED,36.0767,0.0000,0.0000,0.0000,0.8900,0.00,1,classical
2026-08-24T10:39:11,59.88,LOCKED,36.2996,0.0000,0.0000,0.0000,0.8900,0.00,1,classical
2026-08-24T10:39:12,60.24,LOCKED,36.9993,0.0000,0.0000,0.0000,0.8900,0.00,1,classical
2026-08-24T10:39:13,60.61,LOCKED,37.1442,0.0000,0.0000,0.0000,0.8900,0.00,1,classical
2026-08-24T10:39:14,59.88,LOCKED,37.3059,0.0000,0.0000,0.0000,0.8900,0.00,1,classical
2026-08-24T10:39:15,59.88,LOCKED,36.7016,0.0000,0.0000,0.0000,0.8900,0.00,1,classical
2026-08-24T10:39:16,60.24,LOCKED,35.9383,0.0000,0.0000,0.0000,0.8900,0.00,1,classical
2026-08-24T10:39:17,60.61,LOCKED,35.8066,0.0000,0.0000,0.0000,0.8900,0.00,1,classical
2026-08-24T10:39:18,60.61,LOCKED,36.0151,0.0000,0.0000,0.0000,0.8900,0.00,1,classical
2026-08-24T10:39:19,60.61,LOCKED,36.3659,0.0000,0.0000,0.0000,0.8900,0.00,1,classical
2026-08-24T10:39:20,59.17,LOCKED,36.9977,0.0000,0.0000,0.0000,0.8900,0.00,1,classical
2026-08-24T10:39:21,60.24,LOCKED,37.0758,0.0000,0.0000,0.0000,0.8900,0.00,1,classical
2026-08-24T10:39:22,59.52,LOCKED,36.8710,0.0000,0.0000,0.0000,0.8900,0.00,1,classical
2026-08-24T10:39:23,60.61,LOCKED,36.4450,0.0000,0.0000,0.0000,0.8899,0.00,1,classical
2026-08-24T10:39:24,61.73,LOCKED,35.8452,0.0000,0.0000,0.0000,0.8900,0.00,1,classical
2026-08-24T10:39:25,59.88,LOCKED,35.8881,0.0000,0.0000,0.0000,0.8900,0.00,1,classical
2026-08-24T10:39:26,60.61,LOCKED,36.0554,0.0000,0.0000,0.0000,0.8900,0.00,1,classical
2026-08-24T10:39:27,59.88,LOCKED,36.7319,0.0000,0.0000,0.0000,0.8899,0.00,1,classical
2026-08-24T10:39:28,60.61,LOCKED,36.7837,0.0000,0.0000,0.0000,0.8900,0.00,1,classical
2026-08-24T10:39:29,61.73,LOCKED,37.1356,0.0000,0.0000,0.0000,0.8900,0.00,1,classical
2026-08-24T10:39:30,61.73,LOCKED,36.8174,0.0000,0.0000,0.0000,0.8899,0.00,1,classical
2026-08-24T10:39:31,59.88,LOCKED,36.4864,0.0000,0.0000,0.0000,0.8900,0.00,1,classical
2026-08-24T10:39:32,60.98,LOCKED,35.8405,0.0000,0.0000,0.0000,0.8900,0.00,1,classical
2026-08-24T10:39:33,59.88,LOCKED,36.0425,0.0000,0.0000,0.0000,0.8900,0.00,1,classical
2026-08-24T10:39:34,59.88,LOCKED,36.0445,0.0000,0.0000,0.0000,0.8900,0.00,1,classical
2026-08-24T10:39:35,59.52,LOCKED,36.6829,0.0000,0.0000,0.0000,0.8900,0.00,1,classical
2026-08-24T10:39:36,59.88,LOCKED,37.1251,0.0000,0.0000,0.0000,0.8900,0.00,1,classical
2026-08-24T10:39:37,60.98,LOCKED,36.9772,0.0000,0.0000,0.0000,0.8900,0.00,1,classical
2026-08-24T10:39:38,59.88,LOCKED,37.0363,0.0000,0.0000,0.0000,0.8899,0.00,1,classical
2026-08-24T10:39:39,60.61,LOCKED,36.2368,0.0000,0.0000,0.0000,0.8900,0.00,1,classical
2026-08-24T10:39:40,61.35,LOCKED,35.9129,0.0000,0.0000,0.0000,0.8900,0.00,1,classical
2026-08-24T10:39:41,60.61,LOCKED,35.8571,0.0000,0.0000,0.0000,0.8900,0.00,1,classical
2026-08-24T10:39:42,60.61,LOCKED,36.2508,0.0000,0.0000,0.0000,0.8900,0.00,1,classical
2026-08-24T10:39:43,60.24,LOCKED,36.8551,0.0000,0.0000,0.0000,0.8899,0.00,1,classical
2026-08-24T10:39:44,60.98,LOCKED,37.0733,0.0000,0.0000,0.0000,0.8900,0.00,1,classical
2026-08-24T10:39:45,59.17,LOCKED,37.3828,0.0000,0.0000,0.0000,0.8900,0.00,1,classical
2026-08-24T10:39:46,59.88,LOCKED,36.5477,0.0000,0.0000,0.0000,0.8900,0.00,1,classical
2026-08-24T10:39:47,60.98,LOCKED,35.9425,0.0000,0.0000,0.0000,0.8900,0.00,1,classical
2026-08-24T10:39:48,60.98,LOCKED,35.8172,0.0000,0.0000,0.0000,0.8899,0.00,1,classical
2026-08-24T10:39:49,60.24,LOCKED,35.8457,0.0000,0.0000,0.0000,0.8900,0.00,1,classical
2026-08-24T10:39:50,61.73,LOCKED,36.0410,0.0000,0.0000,0.0000,0.8900,0.00,1,classical
2026-08-24T10:39:51,60.98,LOCKED,36.9299,0.0000,0.0000,0.0000,0.8900,0.00,1,classical
2026-08-24T10:39:52,59.88,LOCKED,37.1937,0.0000,0.0000,0.0000,0.8900,0.00,1,classical
2026-08-24T10:39:53,60.24,LOCKED,37.2100,0.0000,0.0000,0.0000,0.8900,0.00,1,classical
2026-08-24T10:39:54,61.73,LOCKED,36.4017,0.0000,0.0000,0.0000,0.8900,0.00,1,classical
2026-08-24T10:39:55,60.98,LOCKED,36.0462,0.0000,0.0000,0.0000,0.8900,0.00,1,classical
2026-08-24T10:39:56,60.98,LOCKED,35.7544,0.0000,0.0000,0.0000,0.8900,0.00,1,classical
2026-08-24T10:39:57,59.52,LOCKED,36.0496,0.0000,0.0000,0.0000,0.8900,0.00,1,classical
2026-08-24T10:39:58,59.88,LOCKED,36.4866,0.0000,0.0000,0.0000,0.8900,0.00,1,classical
2026-08-24T10:39:59,59.52,LOCKED,37.0417,0.0000,0.0000,0.0000,0.8900,0.00,1,classical
2026-08-24T10:40:00,59.88,LOCKED,37.2941,0.0000,0.0000,0.0000,0.8900,0.00,1,classical
2026-08-24T10:40:01,59.88,LOCKED,36.8677,0.0000,0.0000,0.0000,0.8900,0.00,1,classical
2026-08-24T10:40:02,60.98,LOCKED,36.3115,0.0000,0.0000,0.0000,0.8900,0.00,1,classical
2026-08-24T10:40:03,59.88,LOCKED,35.9605,0.0000,0.0000,0.0000,0.8900,0.00,1,classical
2026-08-24T10:40:04,60.61,LOCKED,35.7824,0.0000,0.0000,0.0000,0.8900,0.00,1,classical
2026-08-24T10:40:05,59.88,LOCKED,36.0258,0.0000,0.0000,0.0000,0.8900,0.00,1,classical
2026-08-24T10:40:06,60.24,LOCKED,36.7509,0.0000,0.0000,0.0000,0.8899,0.00,1,classical
2026-08-24T10:40:07,60.98,LOCKED,37.0052,0.0000,0.0000,0.0000,0.8900,0.00,1,classical
2026-08-24T10:40:08,59.88,LOCKED,37.4538,0.0000,0.0000,0.0000,0.8900,0.00,1,classical
2026-08-24T10:40:09,59.88,LOCKED,37.0465,0.0000,0.0000,0.0000,0.8900,0.00,1,classical
2026-08-24T10:40:10,60.61,LOCKED,36.3096,0.0000,0.0000,0.0000,0.8900,0.00,1,classical
2026-08-24T10:40:11,60.24,LOCKED,35.9528,0.0000,0.0000,0.0000,0.8900,0.00,1,classical
2026-08-24T10:40:12,61.73,LOCKED,35.5530,0.0000,0.0000,0.0000,0.8900,0.00,1,classical
2026-08-24T10:40:13,59.17,LOCKED,36.3930,0.0000,0.0000,0.0000,0.8899,0.00,1,classical
2026-08-24T10:40:14,60.61,LOCKED,36.7752,0.0000,0.0000,0.0000,0.8900,0.00,1,classical
2026-08-24T10:40:15,61.35,LOCKED,36.9808,0.0000,0.0000,0.0000,0.8900,0.00,1,classical
2026-08-24T10:40:16,60.98,LOCKED,37.2007,0.0000,0.0000,0.0000,0.8900,0.00,1,classical
2026-08-24T10:40:17,60.61,LOCKED,36.7823,0.0000,0.0000,0.0000,0.8900,0.00,1,classical
2026-08-24T10:40:18,59.17,LOCKED,36.4256,0.0000,0.0000,0.0000,0.8900,0.00,1,classical
2026-08-24T10:40:19,60.61,LOCKED,35.6833,0.0000,0.0000,0.0000,0.8900,0.00,1,classical
2026-08-24T10:40:20,60.98,LOCKED,35.8218,0.0000,0.0000,0.0000,0.8900,0.00,1,classical
2026-08-24T10:40:21,60.98,LOCKED,36.2301,0.0000,0.0000,0.0000,0.8899,0.00,1,classical
2026-08-24T10:40:22,60.61,LOCKED,36.8096,0.0000,0.0000,0.0000,0.8900,0.00,1,classical
2026-08-24T10:40:23,61.35,LOCKED,37.3001,0.0000,0.0000,0.0000,0.8899,0.00,1,classical
2026-08-24T10:40:24,61.35,LOCKED,37.2869,0.0000,0.0000,0.0000,0.8900,0.00,1,classical
2026-08-24T10:40:25,59.52,LOCKED,36.6861,0.0000,0.0000,0.0000,0.8900,0.00,1,classical
2026-08-24T10:40:26,59.88,LOCKED,36.3288,0.0000,0.0000,0.0000,0.8900,0.00,1,classical
2026-08-24T10:40:27,60.24,LOCKED,36.0102,0.0000,0.0000,0.0000,0.8900,0.00,1,classical
2026-08-24T10:40:28,60.61,LOCKED,35.9683,0.0000,0.0000,0.0000,0.8900,0.00,1,classical
2026-08-24T10:40:29,60.24,LOCKED,36.2732,0.0000,0.0000,0.0000,0.8900,0.00,1,classical
2026-08-24T10:40:30,60.61,LOCKED,36.8632,0.0000,0.0000,0.0000,0.8900,0.00,1,classical
2026-08-24T10:40:31,61.35,LOCKED,36.9444,0.0000,0.0000,0.0000,0.8900,0.00,1,classical
2026-08-24T10:40:32,60.98,LOCKED,36.9606,0.0000,0.0000,0.0000,0.8900,0.00,1,classical
2026-08-24T10:40:33,60.61,LOCKED,36.5329,0.0000,0.0000,0.0000,0.8900,0.00,1,classical
2026-08-24T10:40:34,60.98,LOCKED,35.9513,0.0000,0.0000,0.0000,0.8900,0.00,1,classical
2026-08-24T10:40:35,60.24,LOCKED,35.8620,0.0000,0.0000,0.0000,0.8900,0.00,1,classical
2026-08-24T10:40:36,59.52,LOCKED,36.0506,0.0000,0.0000,0.0000,0.8900,0.00,1,classical
2026-08-24T10:40:37,61.35,LOCKED,36.5086,0.0000,0.0000,0.0000,0.8900,0.00,1,classical
2026-08-24T10:40:38,60.61,LOCKED,37.0846,0.0000,0.0000,0.0000,0.8899,0.00,1,classical
2026-08-24T10:40:39,60.61,LOCKED,37.1870,0.0000,0.0000,0.0000,0.8900,0.00,1,classical
2026-08-24T10:40:40,59.52,LOCKED,37.0531,0.0000,0.0000,0.0000,0.8899,0.00,1,classical
2026-08-24T10:40:41,60.61,LOCKED,36.3819,0.0000,0.0000,0.0000,0.8900,0.00,1,classical
2026-08-24T10:40:42,59.88,LOCKED,36.0376,0.0000,0.0000,0.0000,0.8900,0.00,1,classical
2026-08-24T10:40:43,61.35,LOCKED,35.5431,0.0000,0.0000,0.0000,0.8900,0.00,1,classical
2026-08-24T10:40:44,59.88,LOCKED,35.9922,0.0000,0.0000,0.0000,0.8900,0.00,1,classical
2026-08-24T10:40:45,60.61,LOCKED,36.4668,0.0000,0.0000,0.0000,0.8900,0.00,1,classical
2026-08-24T10:40:46,61.73,LOCKED,37.0120,0.0000,0.0000,0.0000,0.8900,0.00,1,classical
2026-08-24T10:40:47,60.98,LOCKED,37.2666,0.0000,0.0000,0.0000,0.8900,0.00,1,classical
2026-08-24T10:40:48,60.61,LOCKED,37.0515,0.0000,0.0000,0.0000,0.8900,0.00,1,classical
2026-08-24T10:40:49,60.98,LOCKED,36.2066,0.0000,0.0000,0.0000,0.8900,0.00,1,classical
2026-08-24T10:40:50,60.98,LOCKED,36.0727,0.0000,0.0000,0.0000,0.8900,0.00,1,classical
2026-08-24T10:40:51,59.88,LOCKED,36.0632,0.0000,0.0000,0.0000,0.8900,0.00,1,classical
2026-08-24T10:40:52,59.52,LOCKED,36.2897,0.0000,0.0000,0.0000,0.8900,0.00,1,classical
2026-08-24T10:40:53,60.61,LOCKED,36.7561,0.0000,0.0000,0.0000,0.8900,0.00,1,classical
2026-08-24T10:40:54,60.24,LOCKED,36.9703,0.0000,0.0000,0.0000,0.8900,0.00,1,classical
2026-08-24T10:40:55,60.61,LOCKED,37.2824,0.0000,0.0000,0.0000,0.8900,0.00,1,classical
2026-08-24T10:40:56,60.24,LOCKED,36.7466,0.0000,0.0000,0.0000,0.8899,0.00,1,classical
2026-08-24T10:40:57,59.52,LOCKED,36.3904,0.0000,0.0000,0.0000,0.8900,0.00,1,classical
2026-08-24T10:40:58,60.61,LOCKED,35.5398,0.0000,0.0000,0.0000,0.8899,0.00,1,classical
2026-08-24T10:40:59,59.88,LOCKED,36.0109,0.0000,0.0000,0.0000,0.8900,0.00,1,classical
2026-08-24T10:41:00,60.61,LOCKED,36.0522,0.0000,0.0000,0.0000,0.8900,0.00,1,classical
2026-08-24T10:41:01,59.88,LOCKED,36.9190,0.0000,0.0000,0.0000,0.8900,0.00,1,classical
2026-08-24T10:41:02,60.98,LOCKED,36.8795,0.0000,0.0000,0.0000,0.8900,0.00,1,classical
2026-08-24T10:41:03,60.98,LOCKED,37.2506,0.0000,0.0000,0.0000,0.8900,0.00,1,classical
2026-08-24T10:41:05,58.82,LOCKED,36.9322,0.0000,0.0000,0.0000,0.8900,0.00,1,classical
2026-08-24T10:41:06,60.61,LOCKED,35.9565,0.0000,0.0000,0.0000,0.8900,0.00,1,classical
2026-08-24T10:41:07,60.24,LOCKED,35.7855,0.0000,0.0000,0.0000,0.8900,0.00,1,classical
2026-08-24T10:41:08,60.24,LOCKED,35.9963,0.0000,0.0000,0.0000,0.8900,0.00,1,classical
2026-08-24T10:41:09,60.61,LOCKED,36.2192,0.0000,0.0000,0.0000,0.8900,0.00,1,classical
2026-08-24T10:41:10,60.24,LOCKED,36.7633,0.0000,0.0000,0.0000,0.8900,0.00,1,classical
2026-08-24T10:41:11,60.24,LOCKED,37.3195,0.0000,0.0000,0.0000,0.8900,0.00,1,classical
2026-08-24T10:41:12,60.98,LOCKED,36.9778,0.0000,0.0000,0.0000,0.8900,0.00,1,classical
2026-08-24T10:41:13,59.88,LOCKED,36.5507,0.0000,0.0000,0.0000,0.8900,0.00,1,classical
2026-08-24T10:41:14,59.52,LOCKED,35.8306,0.0000,0.0000,0.0000,0.8899,0.00,1,classical
2026-08-24T10:41:15,60.98,LOCKED,35.6898,0.0000,0.0000,0.0000,0.8900,0.00,1,classical
2026-08-24T10:41:16,59.17,LOCKED,36.1385,0.0000,0.0000,0.0000,0.8900,0.00,1,classical
2026-08-24T10:41:17,60.98,LOCKED,36.4208,0.0000,0.0000,0.0000,0.8900,0.00,1,classical
2026-08-24T10:41:18,60.24,LOCKED,36.8636,0.0000,0.0000,0.0000,0.8900,0.00,1,classical
2026-08-24T10:41:19,60.98,LOCKED,37.1758,0.0000,0.0000,0.0000,0.8899,0.00,1,classical
2026-08-24T10:41:20,60.98,LOCKED,36.9955,0.0000,0.0000,0.0000,0.8900,0.00,1,classical
2026-08-24T10:41:21,59.88,LOCKED,36.6108,0.0000,0.0000,0.0000,0.8900,0.00,1,classical
2026-08-24T10:41:22,60.98,LOCKED,35.7469,0.0000,0.0000,0.0000,0.8900,0.00,1,classical
2026-08-24T10:41:23,60.24,LOCKED,35.7887,0.0000,0.0000,0.0000,0.8900,0.00,1,classical
2026-08-24T10:41:24,60.24,LOCKED,35.9935,0.0000,0.0000,0.0000,0.8900,0.00,1,classical
2026-08-24T10:41:25,60.24,LOCKED,36.8544,0.0000,0.0000,0.0000,0.8900,0.00,1,classical
2026-08-24T10:41:26,61.35,LOCKED,36.8961,0.0000,0.0000,0.0000,0.8900,0.00,1,classical
2026-08-24T10:41:27,59.88,LOCKED,37.4166,0.0000,0.0000,0.0000,0.8900,0.00,1,classical
2026-08-24T10:41:28,60.98,LOCKED,36.7438,0.0000,0.0000,0.0000,0.8900,0.00,1,classical
2026-08-24T10:41:29,59.17,LOCKED,36.5248,0.0000,0.0000,0.0000,0.8900,0.00,1,classical
2026-08-24T10:41:30,60.24,LOCKED,35.9889,0.0000,0.0000,0.0000,0.8900,0.00,1,classical
2026-08-24T10:41:31,60.98,LOCKED,35.7551,0.0000,0.0000,0.0000,0.8900,0.00,1,classical
2026-08-24T10:41:32,61.73,LOCKED,35.9767,0.0000,0.0000,0.0000,0.8900,0.00,1,classical
2026-08-24T10:41:33,60.24,LOCKED,36.7685,0.0000,0.0000,0.0000,0.8899,0.00,1,classical
2026-08-24T10:41:34,60.98,LOCKED,37.1687,0.0000,0.0000,0.0000,0.8900,0.00,1,classical
2026-08-24T10:41:35,60.24,LOCKED,37.2218,0.0000,0.0000,0.0000,0.8900,0.00,1,classical
2026-08-24T10:41:36,59.52,LOCKED,37.0497,0.0000,0.0000,0.0000,0.8900,0.00,1,classical
2026-08-24T10:41:37,58.82,LOCKED,36.3255,0.0000,0.0000,0.0000,0.8900,0.00,1,classical
2026-08-24T10:41:38,59.88,LOCKED,35.6074,0.0000,0.0000,0.0000,0.8900,0.00,1,classical
2026-08-24T10:41:39,60.24,LOCKED,35.7757,0.0000,0.0000,0.0000,0.8900,0.00,1,classical
2026-08-24T10:41:40,61.35,LOCKED,36.2150,0.0000,0.0000,0.0000,0.8900,0.00,1,classical
2026-08-24T10:41:41,59.52,LOCKED,37.0763,0.0000,0.0000,0.0000,0.8900,0.00,1,classical
2026-08-24T10:41:42,59.88,LOCKED,37.2018,0.0000,0.0000,0.0000,0.8900,0.00,1,classical
2026-08-24T10:41:43,59.52,LOCKED,37.0432,0.0000,0.0000,0.0000,0.8900,0.00,1,classical
2026-08-24T10:41:44,61.35,LOCKED,36.6239,0.0000,0.0000,0.0000,0.8900,0.00,1,classical
2026-08-24T10:41:45,61.35,LOCKED,36.0617,0.0000,0.0000,0.0000,0.8900,0.00,1,classical
2026-08-24T10:41:46,60.98,LOCKED,35.7272,0.0000,0.0000,0.0000,0.8900,0.00,1,classical
2026-08-24T10:41:47,60.98,LOCKED,35.8283,0.0000,0.0000,0.0000,0.8900,0.00,1,classical
2026-08-24T10:41:48,60.24,LOCKED,36.4057,0.0000,0.0000,0.0000,0.8900,0.00,1,classical
2026-08-24T10:41:49,61.73,LOCKED,36.7794,0.0000,0.0000,0.0000,0.8900,0.00,1,classical
2026-08-24T10:41:50,60.61,LOCKED,37.2071,0.0000,0.0000,0.0000,0.8900,0.00,1,classical
2026-08-24T10:41:51,60.24,LOCKED,37.1455,0.0000,0.0000,0.0000,0.8900,0.00,1,classical
2026-08-24T10:41:52,59.88,LOCKED,36.5156,0.0000,0.0000,0.0000,0.8900,0.00,1,classical
2026-08-24T10:41:53,61.35,LOCKED,35.9246,0.0000,0.0000,0.0000,0.8900,0.00,1,classical
2026-08-24T10:41:54,58.82,LOCKED,35.8072,0.0000,0.0000,0.0000,0.8900,0.00,1,classical
2026-08-24T10:41:55,60.24,LOCKED,36.0175,0.0000,0.0000,0.0000,0.8900,0.00,1,classical
2026-08-24T10:41:56,59.88,LOCKED,36.4304,0.0000,0.0000,0.0000,0.8899,0.00,1,classical
2026-08-24T10:41:57,60.98,LOCKED,36.7745,0.0000,0.0000,0.0000,0.8900,0.00,1,classical
2026-08-24T10:41:58,61.73,LOCKED,37.1474,0.0000,0.0000,0.0000,0.8900,0.00,1,classical
2026-08-24T10:41:59,61.35,LOCKED,36.9347,0.0000,0.0000,0.0000,0.8900,0.00,1,classical
2026-08-24T10:42:00,61.73,LOCKED,36.3785,0.0000,0.0000,0.0000,0.8900,0.00,1,classical
2026-08-24T10:42:01,59.52,LOCKED,36.0377,0.0000,0.0000,0.0000,0.8899,0.00,1,classical
2026-08-24T10:42:02,60.98,LOCKED,35.5949,0.0000,0.0000,0.0000,0.8900,0.00,1,classical
2026-08-24T10:42:03,59.88,LOCKED,36.2339,0.0000,0.0000,0.0000,0.8900,0.00,1,classical
2026-08-24T10:42:04,60.61,LOCKED,36.5574,0.0000,0.0000,0.0000,0.8900,0.00,1,classical
2026-08-24T10:42:05,60.24,LOCKED,37.1841,0.0000,0.0000,0.0000,0.8899,0.00,1,classical
2026-08-24T10:42:06,59.88,LOCKED,37.2674,0.0000,0.0000,0.0000,0.8900,0.00,1,classical
2026-08-24T10:42:07,60.24,LOCKED,36.9078,0.0000,0.0000,0.0000,0.8899,0.00,1,classical
2026-08-24T10:42:08,60.98,LOCKED,36.1847,0.0000,0.0000,0.0000,0.8900,0.00,1,classical
2026-08-24T10:42:09,59.17,LOCKED,36.0089,0.0000,0.0000,0.0000,0.8899,0.00,1,classical
2026-08-24T10:42:10,59.52,LOCKED,35.9876,0.0000,0.0000,0.0000,0.8900,0.00,1,classical
2026-08-24T10:42:11,60.61,LOCKED,36.1137,0.0000,0.0000,0.0000,0.8900,0.00,1,classical
2026-08-24T10:42:12,60.61,LOCKED,36.8575,0.0000,0.0000,0.0000,0.8900,0.00,1,classical
2026-08-24T10:42:13,60.98,LOCKED,37.0750,0.0000,0.0000,0.0000,0.8900,0.00,1,classical
2026-08-24T10:42:14,60.61,LOCKED,37.2760,0.0000,0.0000,0.0000,0.8900,0.00,1,classical
2026-08-24T10:42:15,61.35,LOCKED,36.5789,0.0000,0.0000,0.0000,0.8900,0.00,1,classical
2026-08-24T10:42:16,59.88,LOCKED,36.4225,0.0000,0.0000,0.0000,0.8900,0.00,1,classical
2026-08-24T10:42:17,60.24,LOCKED,35.7736,0.0000,0.0000,0.0000,0.8899,0.00,1,classical
2026-08-24T10:42:18,60.61,LOCKED,35.8446,0.0000,0.0000,0.0000,0.8900,0.00,1,classical
2026-08-24T10:42:19,60.61,LOCKED,36.4525,0.0000,0.0000,0.0000,0.8900,0.00,1,classical
2026-08-24T10:42:20,60.98,LOCKED,36.7284,0.0000,0.0000,0.0000,0.8900,0.00,1,classical
2026-08-24T10:42:21,59.88,LOCKED,37.3095,0.0000,0.0000,0.0000,0.8900,0.00,1,classical
2026-08-24T10:42:22,60.24,LOCKED,36.9215,0.0000,0.0000,0.0000,0.8900,0.00,1,classical
2026-08-24T10:42:23,58.48,LOCKED,36.7291,0.0000,0.0000,0.0000,0.8900,0.00,1,classical
2026-08-24T10:42:24,59.52,LOCKED,36.0911,0.0000,0.0000,0.0000,0.8900,0.00,1,classical
2026-08-24T10:42:25,60.61,LOCKED,35.7539,0.0000,0.0000,0.0000,0.8900,0.00,1,classical
2026-08-24T10:42:26,60.24,LOCKED,35.9846,0.0000,0.0000,0.0000,0.8900,0.00,1,classical
2026-08-24T10:42:27,60.61,LOCKED,36.5517,0.0000,0.0000,0.0000,0.8900,0.00,1,classical
2026-08-24T10:42:28,60.98,LOCKED,36.6806,0.0000,0.0000,0.0000,0.8900,0.00,1,classical
2026-08-24T10:42:29,60.61,LOCKED,37.5639,0.0000,0.0000,0.0000,0.8900,0.00,1,classical
2026-08-24T10:42:30,60.98,LOCKED,37.0799,0.0000,0.0000,0.0000,0.8900,0.00,1,classical
2026-08-24T10:42:31,60.24,LOCKED,36.4195,0.0000,0.0000,0.0000,0.8900,0.00,1,classical
2026-08-24T10:42:32,60.24,LOCKED,36.1142,0.0000,0.0000,0.0000,0.8900,0.00,1,classical
2026-08-24T10:42:33,59.17,LOCKED,35.8285,0.0000,0.0000,0.0000,0.8900,0.00,1,classical
2026-08-24T10:42:34,59.88,LOCKED,36.0768,0.0000,0.0000,0.0000,0.8900,0.00,1,classical
2026-08-24T10:42:35,60.24,LOCKED,36.5593,0.0000,0.0000,0.0000,0.8899,0.00,1,classical
2026-08-24T10:42:36,60.61,LOCKED,36.9387,0.0000,0.0000,0.0000,0.8900,0.00,1,classical
2026-08-24T10:42:37,59.88,LOCKED,37.2396,0.0000,0.0000,0.0000,0.8899,0.00,1,classical
2026-08-24T10:42:38,60.98,LOCKED,36.8081,0.0000,0.0000,0.0000,0.8900,0.00,1,classical
2026-08-24T10:42:39,60.61,LOCKED,36.3820,0.0000,0.0000,0.0000,0.8900,0.00,1,classical
2026-08-24T10:42:40,59.88,LOCKED,35.8367,0.0000,0.0000,0.0000,0.8900,0.00,1,classical
2026-08-24T10:42:41,60.98,LOCKED,35.5860,0.0000,0.0000,0.0000,0.8900,0.00,1,classical
2026-08-24T10:42:42,60.61,LOCKED,36.0270,0.0000,0.0000,0.0000,0.8899,0.00,1,classical
2026-08-24T10:42:43,60.98,LOCKED,36.8422,0.0000,0.0000,0.0000,0.8899,0.00,1,classical
2026-08-24T10:42:44,61.35,LOCKED,36.9582,0.0000,0.0000,0.0000,0.8900,0.00,1,classical
2026-08-24T10:42:45,60.98,LOCKED,37.0435,0.0000,0.0000,0.0000,0.8900,0.00,1,classical
2026-08-24T10:42:46,60.24,LOCKED,36.8391,0.0000,0.0000,0.0000,0.8900,0.00,1,classical
2026-08-24T10:42:47,59.17,LOCKED,36.4832,0.0000,0.0000,0.0000,0.8899,0.00,1,classical
2026-08-24T10:42:48,59.88,LOCKED,35.9730,0.0000,0.0000,0.0000,0.8900,0.00,1,classical
2026-08-24T10:42:49,60.98,LOCKED,35.6118,0.0000,0.0000,0.0000,0.8900,0.00,1,classical
2026-08-24T10:42:50,59.88,LOCKED,36.5048,0.0000,0.0000,0.0000,0.8900,0.00,1,classical
2026-08-24T10:42:51,60.61,LOCKED,36.6432,0.0000,0.0000,0.0000,0.8900,0.00,1,classical
2026-08-24T10:42:52,60.98,LOCKED,37.1806,0.0000,0.0000,0.0000,0.8899,0.00,1,classical
2026-08-24T10:42:53,60.98,LOCKED,36.9876,0.0000,0.0000,0.0000,0.8899,0.00,1,classical
2026-08-24T10:42:54,60.61,LOCKED,36.7676,0.0000,0.0000,0.0000,0.8900,0.00,1,classical
2026-08-24T10:42:55,60.24,LOCKED,36.1985,0.0000,0.0000,0.0000,0.8900,0.00,1,classical
2026-08-24T10:42:56,60.24,LOCKED,35.9609,0.0000,0.0000,0.0000,0.8900,0.00,1,classical
2026-08-24T10:42:57,60.98,LOCKED,35.8376,0.0000,0.0000,0.0000,0.8899,0.00,1,classical
2026-08-24T10:42:58,59.17,LOCKED,36.5785,0.0000,0.0000,0.0000,0.8900,0.00,1,classical
2026-08-24T10:42:59,60.24,LOCKED,37.1551,0.0000,0.0000,0.0000,0.8900,0.00,1,classical
2026-08-24T10:43:00,60.98,LOCKED,36.9861,0.0000,0.0000,0.0000,0.8900,0.00,1,classical
2026-08-24T10:43:01,60.24,LOCKED,37.0220,0.0000,0.0000,0.0000,0.8900,0.00,1,classical
2026-08-24T10:43:03,59.88,LOCKED,36.6321,0.0000,0.0000,0.0000,0.8900,0.00,1,classical
2026-08-24T10:43:04,60.98,LOCKED,35.8321,0.0000,0.0000,0.0000,0.8900,0.00,1,classical
2026-08-24T10:43:05,60.24,LOCKED,35.9634,0.0000,0.0000,0.0000,0.8900,0.00,1,classical
2026-08-24T10:43:06,60.24,LOCKED,36.0184,0.0000,0.0000,0.0000,0.8900,0.00,1,classical
2026-08-24T10:43:07,60.24,LOCKED,36.4160,0.0000,0.0000,0.0000,0.8900,0.00,1,classical
2026-08-24T10:43:08,60.61,LOCKED,37.0122,0.0000,0.0000,0.0000,0.8900,0.00,1,classical
2026-08-24T10:43:09,60.98,LOCKED,37.1123,0.0000,0.0000,0.0000,0.8899,0.00,1,classical
2026-08-24T10:43:10,59.52,LOCKED,37.1236,0.0000,0.0000,0.0000,0.8900,0.00,1,classical
2026-08-24T10:43:11,60.61,LOCKED,36.4384,0.0000,0.0000,0.0000,0.8900,0.00,1,classical
2026-08-24T10:43:12,60.98,LOCKED,35.8742,0.0000,0.0000,0.0000,0.8900,0.00,1,classical
2026-08-24T10:43:13,60.61,LOCKED,35.8627,0.0000,0.0000,0.0000,0.8900,0.00,1,classical
2026-08-24T10:43:14,60.24,LOCKED,36.2013,0.0000,0.0000,0.0000,0.8900,0.00,1,classical
2026-08-24T10:43:15,60.24,LOCKED,36.4676,0.0000,0.0000,0.0000,0.8900,0.00,1,classical
2026-08-24T10:43:16,60.98,LOCKED,37.0987,0.0000,0.0000,0.0000,0.8900,0.00,1,classical
2026-08-24T10:43:17,59.88,LOCKED,37.4772,0.0000,0.0000,0.0000,0.8900,0.00,1,classical
2026-08-24T10:43:18,60.98,LOCKED,36.7925,0.0000,0.0000,0.0000,0.8900,0.00,1,classical
2026-08-24T10:43:19,59.88,LOCKED,36.4752,0.0000,0.0000,0.0000,0.8899,0.00,1,classical
2026-08-24T10:43:20,60.24,LOCKED,35.9496,0.0000,0.0000,0.0000,0.8900,0.00,1,classical
2026-08-24T10:43:21,60.24,LOCKED,35.9038,0.0000,0.0000,0.0000,0.8900,0.00,1,classical
2026-08-24T10:43:22,59.52,LOCKED,36.2820,0.0000,0.0000,0.0000,0.8900,0.00,1,classical
2026-08-24T10:43:23,61.35,LOCKED,36.7265,0.0000,0.0000,0.0000,0.8899,0.00,1,classical
2026-08-24T10:43:24,59.88,LOCKED,37.1322,0.0000,0.0000,0.0000,0.8900,0.00,1,classical
2026-08-24T10:43:25,60.98,LOCKED,37.0515,0.0000,0.0000,0.0000,0.8900,0.00,1,classical
2026-08-24T10:43:26,60.61,LOCKED,36.7082,0.0000,0.0000,0.0000,0.8899,0.00,1,classical
2026-08-24T10:43:27,60.24,LOCKED,36.1465,0.0000,0.0000,0.0000,0.8900,0.00,1,classical
2026-08-24T10:43:28,61.35,LOCKED,35.6074,0.0000,0.0000,0.0000,0.8900,0.00,1,classical
2026-08-24T10:43:29,60.61,LOCKED,35.8827,0.0000,0.0000,0.0000,0.8900,0.00,1,classical
2026-08-24T10:43:30,61.35,LOCKED,36.3027,0.0000,0.0000,0.0000,0.8900,0.00,1,classical
2026-08-24T10:43:31,60.98,LOCKED,36.7640,0.0000,0.0000,0.0000,0.8900,0.00,1,classical
2026-08-24T10:43:32,60.24,LOCKED,37.2150,0.0000,0.0000,0.0000,0.8900,0.00,1,classical
2026-08-24T10:43:33,59.88,LOCKED,37.2262,0.0000,0.0000,0.0000,0.8900,0.00,1,classical
2026-08-24T10:43:34,59.52,LOCKED,36.6053,0.0000,0.0000,0.0000,0.8900,0.00,1,classical
2026-08-24T10:43:35,59.88,LOCKED,36.1824,0.0000,0.0000,0.0000,0.8900,0.00,1,classical
2026-08-24T10:43:36,60.61,LOCKED,35.8551,0.0000,0.0000,0.0000,0.8900,0.00,1,classical
2026-08-24T10:43:37,60.61,LOCKED,36.0143,0.0000,0.0000,0.0000,0.8900,0.00,1,classical
2026-08-24T10:43:38,60.61,LOCKED,36.3350,0.0000,0.0000,0.0000,0.8900,0.00,1,classical
2026-08-24T10:43:39,60.98,LOCKED,36.9949,0.0000,0.0000,0.0000,0.8900,0.00,1,classical
2026-08-24T10:43:40,60.61,LOCKED,37.3382,0.0000,0.0000,0.0000,0.8899,0.00,1,classical
2026-08-24T10:43:41,60.98,LOCKED,37.0693,0.0000,0.0000,0.0000,0.8900,0.00,1,classical
2026-08-24T10:43:42,60.61,LOCKED,36.5027,0.0000,0.0000,0.0000,0.8900,0.00,1,classical
2026-08-24T10:43:43,60.61,LOCKED,35.9240,0.0000,0.0000,0.0000,0.8900,0.00,1,classical
2026-08-24T10:43:44,59.52,LOCKED,35.8139,0.0000,0.0000,0.0000,0.8900,0.00,1,classical
2026-08-24T10:43:45,60.98,LOCKED,35.9092,0.0000,0.0000,0.0000,0.8900,0.00,1,classical
2026-08-24T10:43:46,60.61,LOCKED,36.7314,0.0000,0.0000,0.0000,0.8900,0.00,1,classical
2026-08-24T10:43:47,60.24,LOCKED,37.1704,0.0000,0.0000,0.0000,0.8900,0.00,1,classical
2026-08-24T10:43:48,59.88,LOCKED,37.1646,0.0000,0.0000,0.0000,0.8899,0.00,1,classical
2026-08-24T10:43:49,60.98,LOCKED,36.9052,0.0000,0.0000,0.0000,0.8900,0.00,1,classical
2026-08-24T10:43:50,59.88,LOCKED,36.3334,0.0000,0.0000,0.0000,0.8900,0.00,1,classical
2026-08-24T10:43:51,60.61,LOCKED,35.7781,0.0000,0.0000,0.0000,0.8899,0.00,1,classical
2026-08-24T10:43:52,60.61,LOCKED,35.8906,0.0000,0.0000,0.0000,0.8900,0.00,1,classical
2026-08-24T10:43:53,60.24,LOCKED,36.2541,0.0000,0.0000,0.0000,0.8900,0.00,1,classical
2026-08-24T10:43:54,60.98,LOCKED,36.6441,0.0000,0.0000,0.0000,0.8900,0.00,1,classical
2026-08-24T10:43:55,60.98,LOCKED,36.9388,0.0000,0.0000,0.0000,0.8900,0.00,1,classical
2026-08-24T10:43:56,60.24,LOCKED,37.2747,0.0000,0.0000,0.0000,0.8900,0.00,1,classical
2026-08-24T10:43:57,60.98,LOCKED,36.9593,0.0000,0.0000,0.0000,0.8900,0.00,1,classical
2026-08-24T10:43:58,60.61,LOCKED,36.2934,0.0000,0.0000,0.0000,0.8900,0.00,1,classical
2026-08-24T10:43:59,60.24,LOCKED,36.0172,0.0000,0.0000,0.0000,0.8900,0.00,1,classical
2026-08-24T10:44:00,60.24,LOCKED,35.9174,0.0000,0.0000,0.0000,0.8900,0.00,1,classical
2026-08-24T10:44:01,60.61,LOCKED,36.1157,0.0000,0.0000,0.0000,0.8899,0.00,1,classical
2026-08-24T10:44:02,59.52,LOCKED,36.8407,0.0000,0.0000,0.0000,0.8900,0.00,1,classical
2026-08-24T10:44:03,60.61,LOCKED,37.1157,0.0000,0.0000,0.0000,0.8899,0.00,1,classical
2026-08-24T10:44:04,60.61,LOCKED,36.9819,0.0000,0.0000,0.0000,0.8900,0.00,1,classical
2026-08-24T10:44:05,59.88,LOCKED,36.7553,0.0000,0.0000,0.0000,0.8899,0.00,1,classical
2026-08-24T10:44:06,60.24,LOCKED,36.1048,0.0000,0.0000,0.0000,0.8900,0.00,1,classical
2026-08-24T10:44:07,60.61,LOCKED,35.7278,0.0000,0.0000,0.0000,0.8900,0.00,1,classical
2026-08-24T10:44:08,60.98,LOCKED,35.8281,0.0000,0.0000,0.0000,0.8900,0.00,1,classical
2026-08-24T10:44:09,61.73,LOCKED,36.1404,0.0000,0.0000,0.0000,0.8900,0.00,1,classical
2026-08-24T10:44:10,59.88,LOCKED,37.0234,0.0000,0.0000,0.0000,0.8900,0.00,1,classical
2026-08-24T10:44:11,60.98,LOCKED,37.0964,0.0000,0.0000,0.0000,0.8900,0.00,1,classical
2026-08-24T10:44:12,60.61,LOCKED,37.0425,0.0000,0.0000,0.0000,0.8900,0.00,1,classical
2026-08-24T10:44:13,61.73,LOCKED,36.5075,0.0000,0.0000,0.0000,0.8900,0.00,1,classical
2026-08-24T10:44:14,60.61,LOCKED,36.1954,0.0000,0.0000,0.0000,0.8900,0.00,1,classical
2026-08-24T10:44:15,59.52,LOCKED,35.9950,0.0000,0.0000,0.0000,0.8900,0.00,1,classical
2026-08-24T10:44:16,60.24,LOCKED,35.9550,0.0000,0.0000,0.0000,0.8900,0.00,1,classical
2026-08-24T10:44:17,59.88,LOCKED,36.6105,0.0000,0.0000,0.0000,0.8900,0.00,1,classical
2026-08-24T10:44:18,60.24,LOCKED,36.8841,0.0000,0.0000,0.0000,0.8900,0.00,1,classical
2026-08-24T10:44:19,59.52,LOCKED,37.2298,0.0000,0.0000,0.0000,0.8899,0.00,1,classical
2026-08-24T10:44:20,60.98,LOCKED,36.9966,0.0000,0.0000,0.0000,0.8900,0.00,1,classical
2026-08-24T10:44:21,59.52,LOCKED,36.4778,0.0000,0.0000,0.0000,0.8900,0.00,1,classical
2026-08-24T10:44:22,60.24,LOCKED,36.0926,0.0000,0.0000,0.0000,0.8900,0.00,1,classical
2026-08-24T10:44:23,59.52,LOCKED,35.7645,0.0000,0.0000,0.0000,0.8899,0.00,1,classical
2026-08-24T10:44:24,60.98,LOCKED,36.1010,0.0000,0.0000,0.0000,0.8900,0.00,1,classical
2026-08-24T10:44:25,59.52,LOCKED,36.8250,0.0000,0.0000,0.0000,0.8900,0.00,1,classical
2026-08-24T10:44:26,60.61,LOCKED,36.9735,0.0000,0.0000,0.0000,0.8900,0.00,1,classical
2026-08-24T10:44:27,60.24,LOCKED,37.1422,0.0000,0.0000,0.0000,0.8900,0.00,1,classical
2026-08-24T10:44:28,60.98,LOCKED,36.8580,0.0000,0.0000,0.0000,0.8900,0.00,1,classical
2026-08-24T10:44:29,59.17,LOCKED,36.3727,0.0000,0.0000,0.0000,0.8899,0.00,1,classical
2026-08-24T10:44:30,59.88,LOCKED,35.9090,0.0000,0.0000,0.0000,0.8900,0.00,1,classical
2026-08-24T10:44:31,60.98,LOCKED,35.7942,0.0000,0.0000,0.0000,0.8900,0.00,1,classical
2026-08-24T10:44:32,60.98,LOCKED,36.1410,0.0000,0.0000,0.0000,0.8900,0.00,1,classical
2026-08-24T10:44:33,60.98,LOCKED,36.5551,0.0000,0.0000,0.0000,0.8900,0.00,1,classical
2026-08-24T10:44:34,60.61,LOCKED,37.0537,0.0000,0.0000,0.0000,0.8900,0.00,1,classical
2026-08-24T10:44:35,59.88,LOCKED,37.1328,0.0000,0.0000,0.0000,0.8900,0.00,1,classical
2026-08-24T10:44:36,60.98,LOCKED,36.7971,0.0000,0.0000,0.0000,0.8900,0.00,1,classical
2026-08-24T10:44:37,61.35,LOCKED,36.2190,0.0000,0.0000,0.0000,0.8900,0.00,1,classical
2026-08-24T10:44:38,60.98,LOCKED,35.9139,0.0000,0.0000,0.0000,0.8900,0.00,1,classical
2026-08-24T10:44:39,60.24,LOCKED,35.9481,0.0000,0.0000,0.0000,0.8900,0.00,1,classical
2026-08-24T10:44:40,60.24,LOCKED,36.3765,0.0000,0.0000,0.0000,0.8900,0.00,1,classical
2026-08-24T10:44:41,60.61,LOCKED,36.6620,0.0000,0.0000,0.0000,0.8900,0.00,1,classical
2026-08-24T10:44:42,59.88,LOCKED,37.1388,0.0000,0.0000,0.0000,0.8900,0.00,1,classical
2026-08-24T10:44:43,60.24,LOCKED,37.0838,0.0000,0.0000,0.0000,0.8900,0.00,1,classical
2026-08-24T10:44:44,60.24,LOCKED,36.7672,0.0000,0.0000,0.0000,0.8900,0.00,1,classical
2026-08-24T10:44:45,59.17,LOCKED,36.2397,0.0000,0.0000,0.0000,0.8900,0.00,1,classical
2026-08-24T10:44:46,60.61,LOCKED,35.7943,0.0000,0.0000,0.0000,0.8900,0.00,1,classical
2026-08-24T10:44:47,60.98,LOCKED,35.6853,0.0000,0.0000,0.0000,0.8899,0.00,1,classical
2026-08-24T10:44:48,60.98,LOCKED,36.3195,0.0000,0.0000,0.0000,0.8899,0.00,1,classical
2026-08-24T10:44:49,60.24,LOCKED,37.0639,0.0000,0.0000,0.0000,0.8900,0.00,1,classical
2026-08-24T10:44:50,59.17,LOCKED,37.3281,0.0000,0.0000,0.0000,0.8899,0.00,1,classical
2026-08-24T10:44:51,60.98,LOCKED,36.9957,0.0000,0.0000,0.0000,0.8900,0.00,1,classical
2026-08-24T10:44:52,59.88,LOCKED,36.6130,0.0000,0.0000,0.0000,0.8900,0.00,1,classical
2026-08-24T10:44:53,60.61,LOCKED,36.0093,0.0000,0.0000,0.0000,0.8900,0.00,1,classical
2026-08-24T10:44:54,59.88,LOCKED,36.0616,0.0000,0.0000,0.0000,0.8900,0.00,1,classical
2026-08-24T10:44:55,59.88,LOCKED,35.8224,0.0000,0.0000,0.0000,0.8900,0.00,1,classical
2026-08-24T10:44:56,60.98,LOCKED,36.3568,0.0000,0.0000,0.0000,0.8900,0.00,1,classical
2026-08-24T10:44:57,60.24,LOCKED,37.1503,0.0000,0.0000,0.0000,0.8900,0.00,1,classical
2026-08-24T10:44:58,60.98,LOCKED,37.1461,0.0000,0.0000,0.0000,0.8900,0.00,1,classical
2026-08-24T10:44:59,60.24,LOCKED,36.9771,0.0000,0.0000,0.0000,0.8900,0.00,1,classical
2026-08-24T10:45:00,59.17,LOCKED,36.5774,0.0000,0.0000,0.0000,0.8900,0.00,1,classical
2026-08-24T10:45:01,60.61,LOCKED,35.9428,0.0000,0.0000,0.0000,0.8900,0.00,1,classical
2026-08-24T10:45:02,60.24,LOCKED,35.9462,0.0000,0.0000,0.0000,0.8900,0.00,1,classical
2026-08-24T10:45:03,61.35,LOCKED,36.0683,0.0000,0.0000,0.0000,0.8900,0.00,1,classical
2026-08-24T10:45:04,60.24,LOCKED,36.5280,0.0000,0.0000,0.0000,0.8900,0.00,1,classical
2026-08-24T10:45:05,60.98,LOCKED,37.0685,0.0000,0.0000,0.0000,0.8900,0.00,1,classical
2026-08-24T10:45:06,60.24,LOCKED,37.2994,0.0000,0.0000,0.0000,0.8900,0.00,1,classical
2026-08-24T10:45:07,60.24,LOCKED,37.0068,0.0000,0.0000,0.0000,0.8900,0.00,1,classical
2026-08-24T10:45:09,59.88,LOCKED,36.7451,0.0000,0.0000,0.0000,0.8899,0.00,1,classical
2026-08-24T10:45:10,59.88,LOCKED,35.8941,0.0000,0.0000,0.0000,0.8900,0.00,1,classical
2026-08-24T10:45:11,60.61,LOCKED,35.8988,0.0000,0.0000,0.0000,0.8900,0.00,1,classical
2026-08-24T10:45:12,59.88,LOCKED,36.2060,0.0000,0.0000,0.0000,0.8900,0.00,1,classical
2026-08-24T10:45:13,60.61,LOCKED,36.7426,0.0000,0.0000,0.0000,0.8900,0.00,1,classical
2026-08-24T10:45:14,61.35,LOCKED,37.0547,0.0000,0.0000,0.0000,0.8900,0.00,1,classical
2026-08-24T10:45:15,60.24,LOCKED,37.2325,0.0000,0.0000,0.0000,0.8899,0.00,1,classical
2026-08-24T10:45:16,60.61,LOCKED,36.7506,0.0000,0.0000,0.0000,0.8900,0.00,1,classical
2026-08-24T10:45:17,59.88,LOCKED,36.1608,0.0000,0.0000,0.0000,0.8900,0.00,1,classical
2026-08-24T10:45:18,60.98,LOCKED,35.7442,0.0000,0.0000,0.0000,0.8900,0.00,1,classical
2026-08-24T10:45:19,60.98,LOCKED,35.7428,0.0000,0.0000,0.0000,0.8900,0.00,1,classical
2026-08-24T10:45:20,60.98,LOCKED,36.2144,0.0000,0.0000,0.0000,0.8900,0.00,1,classical
2026-08-24T10:45:21,60.61,LOCKED,36.8756,0.0000,0.0000,0.0000,0.8900,0.00,1,classical
2026-08-24T10:45:22,60.61,LOCKED,37.0931,0.0000,0.0000,0.0000,0.8900,0.00,1,classical
2026-08-24T10:45:23,60.98,LOCKED,37.0595,0.0000,0.0000,0.0000,0.8900,0.00,1,classical
2026-08-24T10:45:24,60.98,LOCKED,36.6674,0.0000,0.0000,0.0000,0.8900,0.00,1,classical
2026-08-24T10:45:25,61.73,LOCKED,36.2425,0.0000,0.0000,0.0000,0.8899,0.00,1,classical
2026-08-24T10:45:26,59.52,LOCKED,36.0291,0.0000,0.0000,0.0000,0.8900,0.00,1,classical
2026-08-24T10:45:27,59.88,LOCKED,36.0859,0.0000,0.0000,0.0000,0.8900,0.00,1,classical
2026-08-24T10:45:28,59.88,LOCKED,36.4463,0.0000,0.0000,0.0000,0.8900,0.00,1,classical
2026-08-24T10:45:29,60.61,LOCKED,36.8282,0.0000,0.0000,0.0000,0.8900,0.00,1,classical
2026-08-24T10:45:30,60.61,LOCKED,37.0537,0.0000,0.0000,0.0000,0.8899,0.00,1,classical
2026-08-24T10:45:31,61.35,LOCKED,37.0192,0.0000,0.0000,0.0000,0.8900,0.00,1,classical
2026-08-24T10:45:32,60.24,LOCKED,36.6354,0.0000,0.0000,0.0000,0.8900,0.00,1,classical
2026-08-24T10:45:33,60.24,LOCKED,36.0293,0.0000,0.0000,0.0000,0.8900,0.00,1,classical
2026-08-24T10:45:34,60.24,LOCKED,35.6498,0.0000,0.0000,0.0000,0.8900,0.00,1,classical
2026-08-24T10:45:35,60.24,LOCKED,36.0251,0.0000,0.0000,0.0000,0.8900,0.00,1,classical
2026-08-24T10:45:36,60.61,LOCKED,36.4856,0.0000,0.0000,0.0000,0.8900,0.00,1,classical
2026-08-24T10:45:37,60.24,LOCKED,37.1292,0.0000,0.0000,0.0000,0.8900,0.00,1,classical
2026-08-24T10:45:38,60.61,LOCKED,37.1703,0.0000,0.0000,0.0000,0.8900,0.00,1,classical
2026-08-24T10:45:39,60.98,LOCKED,37.0737,0.0000,0.0000,0.0000,0.8900,0.00,1,classical
2026-08-24T10:45:40,60.24,LOCKED,36.4542,0.0000,0.0000,0.0000,0.8900,0.00,1,classical
2026-08-24T10:45:41,59.88,LOCKED,36.1629,0.0000,0.0000,0.0000,0.8900,0.00,1,classical
2026-08-24T10:45:42,60.24,LOCKED,35.8875,0.0000,0.0000,0.0000,0.8899,0.00,1,classical
2026-08-24T10:45:43,59.17,LOCKED,36.2377,0.0000,0.0000,0.0000,0.8900,0.00,1,classical
2026-08-24T10:45:44,59.52,LOCKED,36.6236,0.0000,0.0000,0.0000,0.8899,0.00,1,classical
2026-08-24T10:45:45,59.88,LOCKED,37.1454,0.0000,0.0000,0.0000,0.8900,0.00,1,classical
2026-08-24T10:45:46,61.35,LOCKED,37.0202,0.0000,0.0000,0.0000,0.8899,0.00,1,classical
2026-08-24T10:45:47,60.24,LOCKED,36.9506,0.0000,0.0000,0.0000,0.8900,0.00,1,classical
2026-08-24T10:45:48,60.61,LOCKED,36.2480,0.0000,0.0000,0.0000,0.8900,0.00,1,classical
2026-08-24T10:45:49,59.88,LOCKED,36.0114,0.0000,0.0000,0.0000,0.8900,0.00,1,classical
2026-08-24T10:45:50,60.24,LOCKED,35.7120,0.0000,0.0000,0.0000,0.8900,0.00,1,classical
2026-08-24T10:45:51,60.24,LOCKED,36.3519,0.0000,0.0000,0.0000,0.8900,0.00,1,classical
2026-08-24T10:45:52,60.61,LOCKED,36.7742,0.0000,0.0000,0.0000,0.8900,0.00,1,classical
2026-08-24T10:45:53,59.88,LOCKED,37.1578,0.0000,0.0000,0.0000,0.8900,0.00,1,classical
2026-08-24T10:45:54,59.88,LOCKED,37.2292,0.0000,0.0000,0.0000,0.8900,0.00,1,classical
2026-08-24T10:45:55,60.24,LOCKED,36.7304,0.0000,0.0000,0.0000,0.8900,0.00,1,classical
2026-08-24T10:45:56,60.61,LOCKED,36.2190,0.0000,0.0000,0.0000,0.8900,0.00,1,classical
2026-08-24T10:45:57,59.88,LOCKED,35.9765,0.0000,0.0000,0.0000,0.8899,0.00,1,classical
2026-08-24T10:45:58,60.24,LOCKED,35.9128,0.0000,0.0000,0.0000,0.8899,0.00,1,classical
2026-08-24T10:45:59,60.61,LOCKED,36.2199,0.0000,0.0000,0.0000,0.8900,0.00,1,classical
2026-08-24T10:46:00,59.88,LOCKED,37.0569,0.0000,0.0000,0.0000,0.8900,0.00,1,classical
2026-08-24T10:46:01,60.98,LOCKED,37.2380,0.0000,0.0000,0.0000,0.8900,0.00,1,classical
2026-08-24T10:46:02,60.61,LOCKED,37.1211,0.0000,0.0000,0.0000,0.8900,0.00,1,classical
2026-08-24T10:46:03,60.24,LOCKED,36.7171,0.0000,0.0000,0.0000,0.8900,0.00,1,classical
2026-08-24T10:46:04,60.61,LOCKED,36.0784,0.0000,0.0000,0.0000,0.8900,0.00,1,classical
2026-08-24T10:46:05,60.61,LOCKED,35.7749,0.0000,0.0000,0.0000,0.8900,0.00,1,classical
2026-08-24T10:46:06,60.24,LOCKED,36.0768,0.0000,0.0000,0.0000,0.8899,0.00,1,classical
2026-08-24T10:46:07,61.73,LOCKED,36.2142,0.0000,0.0000,0.0000,0.8900,0.00,1,classical
2026-08-24T10:46:08,59.88,LOCKED,37.1722,0.0000,0.0000,0.0000,0.8900,0.00,1,classical
2026-08-24T10:46:09,59.88,LOCKED,37.2352,0.0000,0.0000,0.0000,0.8900,0.00,1,classical
2026-08-24T10:46:10,61.73,LOCKED,36.9631,0.0000,0.0000,0.0000,0.8900,0.00,1,classical
2026-08-24T10:46:11,59.52,LOCKED,36.6273,0.0000,0.0000,0.0000,0.8900,0.00,1,classical
2026-08-24T10:46:12,60.61,LOCKED,35.8772,0.0000,0.0000,0.0000,0.8900,0.00,1,classical
2026-08-24T10:46:13,60.61,LOCKED,35.8607,0.0000,0.0000,0.0000,0.8900,0.00,1,classical
2026-08-24T10:46:14,60.24,LOCKED,36.1210,0.0000,0.0000,0.0000,0.8900,0.00,1,classical
2026-08-24T10:46:15,61.35,LOCKED,36.3203,0.0000,0.0000,0.0000,0.8900,0.00,1,classical
2026-08-24T10:46:16,60.24,LOCKED,37.2625,0.0000,0.0000,0.0000,0.8900,0.00,1,classical
2026-08-24T10:46:17,60.61,LOCKED,37.2096,0.0000,0.0000,0.0000,0.8900,0.00,1,classical
2026-08-24T10:46:18,61.73,LOCKED,36.8399,0.0000,0.0000,0.0000,0.8900,0.00,1,classical
2026-08-24T10:46:19,60.61,LOCKED,36.4073,0.0000,0.0000,0.0000,0.8900,0.00,1,classical
2026-08-24T10:46:20,59.52,LOCKED,35.8990,0.0000,0.0000,0.0000,0.8900,0.00,1,classical
2026-08-24T10:46:21,59.52,LOCKED,35.9802,0.0000,0.0000,0.0000,0.8900,0.00,1,classical
2026-08-24T10:46:22,59.88,LOCKED,36.0619,0.0000,0.0000,0.0000,0.8900,0.00,1,classical
2026-08-24T10:46:23,60.24,LOCKED,36.5601,0.0000,0.0000,0.0000,0.8900,0.00,1,classical
2026-08-24T10:46:24,60.98,LOCKED,37.0823,0.0000,0.0000,0.0000,0.8899,0.00,1,classical
2026-08-24T10:46:25,60.98,LOCKED,37.1766,0.0000,0.0000,0.0000,0.8900,0.00,1,classical
2026-08-24T10:46:26,60.24,LOCKED,36.9305,0.0000,0.0000,0.0000,0.8900,0.00,1,classical
2026-08-24T10:46:27,59.52,LOCKED,36.5104,0.0000,0.0000,0.0000,0.8899,0.00,1,classical
2026-08-24T10:46:28,59.88,LOCKED,35.8830,0.0000,0.0000,0.0000,0.8899,0.00,1,classical
2026-08-24T10:46:29,61.35,LOCKED,35.6962,0.0000,0.0000,0.0000,0.8900,0.00,1,classical
2026-08-24T10:46:30,60.24,LOCKED,36.0628,0.0000,0.0000,0.0000,0.8900,0.00,1,classical
2026-08-24T10:46:31,61.73,LOCKED,36.6359,0.0000,0.0000,0.0000,0.8900,0.00,1,classical
2026-08-24T10:46:32,59.52,LOCKED,37.2411,0.0000,0.0000,0.0000,0.8900,0.00,1,classical
2026-08-24T10:46:33,60.61,LOCKED,37.1940,0.0000,0.0000,0.0000,0.8900,0.00,1,classical
2026-08-24T10:46:34,60.24,LOCKED,36.7372,0.0000,0.0000,0.0000,0.8900,0.00,1,classical
2026-08-24T10:46:35,60.24,LOCKED,36.3280,0.0000,0.0000,0.0000,0.8900,0.00,1,classical
2026-08-24T10:46:36,59.52,LOCKED,35.9215,0.0000,0.0000,0.0000,0.8900,0.00,1,classical
2026-08-24T10:46:37,60.24,LOCKED,35.8167,0.0000,0.0000,0.0000,0.8900,0.00,1,classical
2026-08-24T10:46:38,60.61,LOCKED,36.2897,0.0000,0.0000,0.0000,0.8900,0.00,1,classical
2026-08-24T10:46:39,60.24,LOCKED,36.8356,0.0000,0.0000,0.0000,0.8900,0.00,1,classical
2026-08-24T10:46:40,61.73,LOCKED,36.9223,0.0000,0.0000,0.0000,0.8900,0.00,1,classical
2026-08-24T10:46:41,59.88,LOCKED,37.1331,0.0000,0.0000,0.0000,0.8900,0.00,1,classical
2026-08-24T10:46:42,60.98,LOCKED,36.5461,0.0000,0.0000,0.0000,0.8900,0.00,1,classical
2026-08-24T10:46:43,61.35,LOCKED,36.0754,0.0000,0.0000,0.0000,0.8900,0.00,1,classical
2026-08-24T10:46:44,59.88,LOCKED,35.9409,0.0000,0.0000,0.0000,0.8900,0.00,1,classical
2026-08-24T10:46:45,60.98,LOCKED,35.8579,0.0000,0.0000,0.0000,0.8900,0.00,1,classical
2026-08-24T10:46:46,61.35,LOCKED,36.4406,0.0000,0.0000,0.0000,0.8900,0.00,1,classical
2026-08-24T10:46:47,59.52,LOCKED,37.0035,0.0000,0.0000,0.0000,0.8900,0.00,1,classical
2026-08-24T10:46:48,60.61,LOCKED,37.2510,0.0000,0.0000,0.0000,0.8900,0.00,1,classical
2026-08-24T10:46:49,60.61,LOCKED,37.0059,0.0000,0.0000,0.0000,0.8900,0.00,1,classical
2026-08-24T10:46:50,60.98,LOCKED,36.6314,0.0000,0.0000,0.0000,0.8899,0.00,1,classical
2026-08-24T10:46:51,59.88,LOCKED,35.8940,0.0000,0.0000,0.0000,0.8900,0.00,1,classical
2026-08-24T10:46:52,59.52,LOCKED,35.9348,0.0000,0.0000,0.0000,0.8900,0.00,1,classical
2026-08-24T10:46:53,61.35,LOCKED,35.9154,0.0000,0.0000,0.0000,0.8900,0.00,1,classical
2026-08-24T10:46:54,60.98,LOCKED,36.6795,0.0000,0.0000,0.0000,0.8900,0.00,1,classical
2026-08-24T10:46:55,60.61,LOCKED,37.0349,0.0000,0.0000,0.0000,0.8900,0.00,1,classical
2026-08-24T10:46:56,59.17,LOCKED,37.2355,0.0000,0.0000,0.0000,0.8900,0.00,1,classical
2026-08-24T10:46:57,60.98,LOCKED,36.7959,0.0000,0.0000,0.0000,0.8900,0.00,1,classical
2026-08-24T10:46:58,60.98,LOCKED,36.2669,0.0000,0.0000,0.0000,0.8900,0.00,1,classical
2026-08-24T10:46:59,61.35,LOCKED,35.8505,0.0000,0.0000,0.0000,0.8900,0.00,1,classical
2026-08-24T10:47:00,59.52,LOCKED,35.9426,0.0000,0.0000,0.0000,0.8900,0.00,1,classical
2026-08-24T10:47:01,59.88,LOCKED,36.1208,0.0000,0.0000,0.0000,0.8900,0.00,1,classical
2026-08-24T10:47:03,59.88,LOCKED,36.7924,0.0000,0.0000,0.0000,0.8900,0.00,1,classical
2026-08-24T10:47:04,59.17,LOCKED,37.2329,0.0000,0.0000,0.0000,0.8900,0.00,1,classical
2026-08-24T10:47:05,60.24,LOCKED,37.0638,0.0000,0.0000,0.0000,0.8900,0.00,1,classical
2026-08-24T10:47:06,59.88,LOCKED,36.8946,0.0000,0.0000,0.0000,0.8899,0.00,1,classical
2026-08-24T10:47:07,59.88,LOCKED,36.3235,0.0000,0.0000,0.0000,0.8900,0.00,1,classical
2026-08-24T10:47:08,59.52,LOCKED,35.8217,0.0000,0.0000,0.0000,0.8900,0.00,1,classical
2026-08-24T10:47:09,58.48,LOCKED,36.1307,0.0000,0.0000,0.0000,0.8900,0.00,1,classical
2026-08-24T10:47:10,60.61,LOCKED,36.2511,0.0000,0.0000,0.0000,0.8900,0.00,1,classical
2026-08-24T10:47:11,61.35,LOCKED,36.7384,0.0000,0.0000,0.0000,0.8900,0.00,1,classical
2026-08-24T10:47:12,60.98,LOCKED,37.1277,0.0000,0.0000,0.0000,0.8900,0.00,1,classical
2026-08-24T10:47:13,60.61,LOCKED,36.9462,0.0000,0.0000,0.0000,0.8900,0.00,1,classical
2026-08-24T10:47:14,60.61,LOCKED,36.7052,0.0000,0.0000,0.0000,0.8900,0.00,1,classical
2026-08-24T10:47:15,60.24,LOCKED,36.1951,0.0000,0.0000,0.0000,0.8900,0.00,1,classical
2026-08-24T10:47:16,60.61,LOCKED,35.7001,0.0000,0.0000,0.0000,0.8900,0.00,1,classical
2026-08-24T10:47:17,59.88,LOCKED,36.0332,0.0000,0.0000,0.0000,0.8900,0.00,1,classical
2026-08-24T10:47:18,60.24,LOCKED,36.3568,0.0000,0.0000,0.0000,0.8900,0.00,1,classical
2026-08-24T10:47:19,60.98,LOCKED,36.7214,0.0000,0.0000,0.0000,0.8900,0.00,1,classical
2026-08-24T10:47:20,61.35,LOCKED,37.2472,0.0000,0.0000,0.0000,0.8900,0.00,1,classical
2026-08-24T10:47:21,60.24,LOCKED,37.0673,0.0000,0.0000,0.0000,0.8899,0.00,1,classical
2026-08-24T10:47:22,59.52,LOCKED,36.5566,0.0000,0.0000,0.0000,0.8900,0.00,1,classical
2026-08-24T10:47:23,60.24,LOCKED,35.9699,0.0000,0.0000,0.0000,0.8900,0.00,1,classical
2026-08-24T10:47:24,59.88,LOCKED,35.9101,0.0000,0.0000,0.0000,0.8900,0.00,1,classical
2026-08-24T10:47:25,60.61,LOCKED,35.9765,0.0000,0.0000,0.0000,0.8900,0.00,1,classical
2026-08-24T10:47:26,60.61,LOCKED,36.2983,0.0000,0.0000,0.0000,0.8900,0.00,1,classical
2026-08-24T10:47:27,60.24,LOCKED,36.9748,0.0000,0.0000,0.0000,0.8900,0.00,1,classical
2026-08-24T10:47:28,59.52,LOCKED,37.4416,0.0000,0.0000,0.0000,0.8900,0.00,1,classical
2026-08-24T10:47:29,60.61,LOCKED,36.8650,0.0000,0.0000,0.0000,0.8900,0.00,1,classical
2026-08-24T10:47:30,59.88,LOCKED,36.6909,0.0000,0.0000,0.0000,0.8900,0.00,1,classical
2026-08-24T10:47:31,60.98,LOCKED,35.8466,0.0000,0.0000,0.0000,0.8900,0.00,1,classical
2026-08-24T10:47:32,59.88,LOCKED,36.0229,0.0000,0.0000,0.0000,0.8900,0.00,1,classical
2026-08-24T10:47:33,60.24,LOCKED,36.0454,0.0000,0.0000,0.0000,0.8900,0.00,1,classical
2026-08-24T10:47:34,60.61,LOCKED,36.6954,0.0000,0.0000,0.0000,0.8900,0.00,1,classical
2026-08-24T10:47:35,59.52,LOCKED,37.2564,0.0000,0.0000,0.0000,0.8900,0.00,1,classical
2026-08-24T10:47:36,59.88,LOCKED,37.5090,0.0000,0.0000,0.0000,0.8899,0.00,1,classical
2026-08-24T10:47:37,60.24,LOCKED,36.7674,0.0000,0.0000,0.0000,0.8900,0.00,1,classical
2026-08-24T10:47:38,60.61,LOCKED,36.1711,0.0000,0.0000,0.0000,0.8900,0.00,1,classical
2026-08-24T10:47:39,60.61,LOCKED,35.7191,0.0000,0.0000,0.0000,0.8900,0.00,1,classical
2026-08-24T10:47:40,59.88,LOCKED,35.9838,0.0000,0.0000,0.0000,0.8900,0.00,1,classical
2026-08-24T10:47:41,60.24,LOCKED,36.2776,0.0000,0.0000,0.0000,0.8900,0.00,1,classical
2026-08-24T10:47:42,60.61,LOCKED,36.5381,0.0000,0.0000,0.0000,0.8900,0.00,1,classical
2026-08-24T10:47:43,60.98,LOCKED,36.9824,0.0000,0.0000,0.0000,0.8900,0.00,1,classical
2026-08-24T10:47:44,60.24,LOCKED,37.1773,0.0000,0.0000,0.0000,0.8900,0.00,1,classical
2026-08-24T10:47:45,60.61,LOCKED,36.7940,0.0000,0.0000,0.0000,0.8900,0.00,1,classical
2026-08-24T10:47:46,60.24,LOCKED,36.2012,0.0000,0.0000,0.0000,0.8900,0.00,1,classical
2026-08-24T10:47:47,60.24,LOCKED,35.9220,0.0000,0.0000,0.0000,0.8900,0.00,1,classical
2026-08-24T10:47:48,59.88,LOCKED,35.9229,0.0000,0.0000,0.0000,0.8900,0.00,1,classical
2026-08-24T10:47:49,60.24,LOCKED,36.3031,0.0000,0.0000,0.0000,0.8900,0.00,1,classical
2026-08-24T10:47:50,60.24,LOCKED,37.0154,0.0000,0.0000,0.0000,0.8900,0.00,1,classical
2026-08-24T10:47:51,59.88,LOCKED,37.2096,0.0000,0.0000,0.0000,0.8900,0.00,1,classical
2026-08-24T10:47:52,59.88,LOCKED,37.2244,0.0000,0.0000,0.0000,0.8900,0.00,1,classical
2026-08-24T10:47:53,60.24,LOCKED,36.7543,0.0000,0.0000,0.0000,0.8899,0.00,1,classical
2026-08-24T10:47:54,60.98,LOCKED,35.8488,0.0000,0.0000,0.0000,0.8900,0.00,1,classical
2026-08-24T10:47:55,60.98,LOCKED,35.7431,0.0000,0.0000,0.0000,0.8900,0.00,1,classical
2026-08-24T10:47:56,60.24,LOCKED,36.0269,0.0000,0.0000,0.0000,0.8900,0.00,1,classical
2026-08-24T10:47:57,60.24,LOCKED,36.4787,0.0000,0.0000,0.0000,0.8900,0.00,1,classical
2026-08-24T10:47:58,60.61,LOCKED,36.8579,0.0000,0.0000,0.0000,0.8899,0.00,1,classical
2026-08-24T10:47:59,60.61,LOCKED,36.9803,0.0000,0.0000,0.0000,0.8900,0.00,1,classical
2026-08-24T10:48:00,62.11,LOCKED,36.9620,0.0000,0.0000,0.0000,0.8900,0.00,1,classical
2026-08-24T10:48:01,59.88,LOCKED,36.6557,0.0000,0.0000,0.0000,0.8900,0.00,1,classical
2026-08-24T10:48:02,60.98,LOCKED,35.9291,0.0000,0.0000,0.0000,0.8899,0.00,1,classical
2026-08-24T10:48:03,60.61,LOCKED,35.8286,0.0000,0.0000,0.0000,0.8900,0.00,1,classical
2026-08-24T10:48:04,60.24,LOCKED,35.9519,0.0000,0.0000,0.0000,0.8900,0.00,1,classical
2026-08-24T10:48:05,61.73,LOCKED,36.5068,0.0000,0.0000,0.0000,0.8900,0.00,1,classical
2026-08-24T10:48:06,60.24,LOCKED,36.9881,0.0000,0.0000,0.0000,0.8900,0.00,1,classical
2026-08-24T10:48:07,59.17,LOCKED,37.2456,0.0000,0.0000,0.0000,0.8900,0.00,1,classical
2026-08-24T10:48:08,60.61,LOCKED,36.9287,0.0000,0.0000,0.0000,0.8900,0.00,1,classical
2026-08-24T10:48:09,60.61,LOCKED,36.7252,0.0000,0.0000,0.0000,0.8900,0.00,1,classical
2026-08-24T10:48:10,60.24,LOCKED,35.9269,0.0000,0.0000,0.0000,0.8899,0.00,1,classical
2026-08-24T10:48:11,60.98,LOCKED,35.6172,0.0000,0.0000,0.0000,0.8900,0.00,1,classical
2026-08-24T10:48:12,60.24,LOCKED,36.1379,0.0000,0.0000,0.0000,0.8900,0.00,1,classical
2026-08-24T10:48:13,61.35,LOCKED,36.7405,0.0000,0.0000,0.0000,0.8900,0.00,1,classical
2026-08-24T10:48:14,60.61,LOCKED,37.1483,0.0000,0.0000,0.0000,0.8900,0.00,1,classical
2026-08-24T10:48:15,60.61,LOCKED,37.2059,0.0000,0.0000,0.0000,0.8900,0.00,1,classical
2026-08-24T10:48:16,60.61,LOCKED,37.1433,0.0000,0.0000,0.0000,0.8900,0.00,1,classical
2026-08-24T10:48:17,59.88,LOCKED,36.1627,0.0000,0.0000,0.0000,0.8900,0.00,1,classical
2026-08-24T10:48:18,59.52,LOCKED,36.2126,0.0000,0.0000,0.0000,0.8900,0.00,1,classical
2026-08-24T10:48:19,59.88,LOCKED,35.9846,0.0000,0.0000,0.0000,0.8900,0.00,1,classical
2026-08-24T10:48:20,59.88,LOCKED,36.2854,0.0000,0.0000,0.0000,0.8899,0.00,1,classical
2026-08-24T10:48:21,60.98,LOCKED,36.5505,0.0000,0.0000,0.0000,0.8900,0.00,1,classical
2026-08-24T10:48:22,59.52,LOCKED,37.4301,0.0000,0.0000,0.0000,0.8900,0.00,1,classical
2026-08-24T10:48:23,60.24,LOCKED,37.0310,0.0000,0.0000,0.0000,0.8899,0.00,1,classical
2026-08-24T10:48:24,60.61,LOCKED,36.9268,0.0000,0.0000,0.0000,0.8900,0.00,1,classical
2026-08-24T10:48:25,60.61,LOCKED,36.0719,0.0000,0.0000,0.0000,0.8900,0.00,1,classical
2026-08-24T10:48:26,60.24,LOCKED,35.9827,0.0000,0.0000,0.0000,0.8900,0.00,1,classical
2026-08-24T10:48:27,61.73,LOCKED,35.6568,0.0000,0.0000,0.0000,0.8900,0.00,1,classical
2026-08-24T10:48:28,61.73,LOCKED,36.2317,0.0000,0.0000,0.0000,0.8900,0.00,1,classical
2026-08-24T10:48:29,60.61,LOCKED,36.9764,0.0000,0.0000,0.0000,0.8900,0.00,1,classical
2026-08-24T10:48:30,60.98,LOCKED,37.2290,0.0000,0.0000,0.0000,0.8899,0.00,1,classical
2026-08-24T10:48:31,60.61,LOCKED,37.2852,0.0000,0.0000,0.0000,0.8900,0.00,1,classical
2026-08-24T10:48:32,59.88,LOCKED,36.7494,0.0000,0.0000,0.0000,0.8900,0.00,1,classical
2026-08-24T10:48:33,60.24,LOCKED,36.0915,0.0000,0.0000,0.0000,0.8900,0.00,1,classical
2026-08-24T10:48:34,60.24,LOCKED,35.7226,0.0000,0.0000,0.0000,0.8900,0.00,1,classical
2026-08-24T10:48:35,60.98,LOCKED,35.8178,0.0000,0.0000,0.0000,0.8900,0.00,1,classical
2026-08-24T10:48:36,59.52,LOCKED,36.6193,0.0000,0.0000,0.0000,0.8900,0.00,1,classical
2026-08-24T10:48:37,60.61,LOCKED,36.8768,0.0000,0.0000,0.0000,0.8900,0.00,1,classical
2026-08-24T10:48:38,60.61,LOCKED,37.4695,0.0000,0.0000,0.0000,0.8900,0.00,1,classical
2026-08-24T10:48:39,60.61,LOCKED,37.2253,0.0000,0.0000,0.0000,0.8900,0.00,1,classical
2026-08-24T10:48:40,58.82,LOCKED,36.9852,0.0000,0.0000,0.0000,0.8900,0.00,1,classical
2026-08-24T10:48:41,60.61,LOCKED,35.8229,0.0000,0.0000,0.0000,0.8900,0.00,1,classical
2026-08-24T10:48:42,60.98,LOCKED,35.3349,0.0000,0.0000,0.0000,0.8900,0.00,1,classical
2026-08-24T10:48:43,61.35,LOCKED,36.1431,0.0000,0.0000,0.0000,0.8900,0.00,1,classical
2026-08-24T10:48:44,60.61,LOCKED,36.7145,0.0000,0.0000,0.0000,0.8900,0.00,1,classical
2026-08-24T10:48:45,59.88,LOCKED,37.0315,0.0000,0.0000,0.0000,0.8900,0.00,1,classical
2026-08-24T10:48:46,60.61,LOCKED,37.3071,0.0000,0.0000,0.0000,0.8900,0.00,1,classical
2026-08-24T10:48:47,60.24,LOCKED,36.7704,0.0000,0.0000,0.0000,0.8900,0.00,1,classical
2026-08-24T10:48:48,61.35,LOCKED,36.5051,0.0000,0.0000,0.0000,0.8900,0.00,1,classical
2026-08-24T10:48:49,60.61,LOCKED,36.1171,0.0000,0.0000,0.0000,0.8900,0.00,1,classical
2026-08-24T10:48:50,59.88,LOCKED,35.8981,0.0000,0.0000,0.0000,0.8900,0.00,1,classical
2026-08-24T10:48:51,62.11,LOCKED,35.9054,0.0000,0.0000,0.0000,0.8900,0.00,1,classical
2026-08-24T10:48:52,61.35,LOCKED,36.6322,0.0000,0.0000,0.0000,0.8900,0.00,1,classical
2026-08-24T10:48:53,60.98,LOCKED,36.9439,0.0000,0.0000,0.0000,0.8900,0.00,1,classical
2026-08-24T10:48:54,59.52,LOCKED,37.4006,0.0000,0.0000,0.0000,0.8900,0.00,1,classical
2026-08-24T10:48:55,60.98,LOCKED,36.4732,0.0000,0.0000,0.0000,0.8900,0.00,1,classical
2026-08-24T10:48:56,60.98,LOCKED,36.2803,0.0000,0.0000,0.0000,0.8900,0.00,1,classical
2026-08-24T10:48:57,60.24,LOCKED,35.9955,0.0000,0.0000,0.0000,0.8900,0.00,1,classical
2026-08-24T10:48:58,60.61,LOCKED,35.8584,0.0000,0.0000,0.0000,0.8900,0.00,1,classical
2026-08-24T10:48:59,60.61,LOCKED,36.2970,0.0000,0.0000,0.0000,0.8900,0.00,1,classical
2026-08-24T10:49:01,59.88,LOCKED,36.9803,0.0000,0.0000,0.0000,0.8900,0.00,1,classical
2026-08-24T10:49:02,59.52,LOCKED,37.3730,0.0000,0.0000,0.0000,0.8900,0.00,1,classical
2026-08-24T10:49:03,60.24,LOCKED,37.1909,0.0000,0.0000,0.0000,0.8900,0.00,1,classical
2026-08-24T10:49:04,59.17,LOCKED,36.8715,0.0000,0.0000,0.0000,0.8900,0.00,1,classical
2026-08-24T10:49:05,59.88,LOCKED,35.9819,0.0000,0.0000,0.0000,0.8900,0.00,1,classical
2026-08-24T10:49:06,60.24,LOCKED,35.5690,0.0000,0.0000,0.0000,0.8900,0.00,1,classical
2026-08-24T10:49:07,60.61,LOCKED,36.0175,0.0000,0.0000,0.0000,0.8900,0.00,1,classical
2026-08-24T10:49:08,61.35,LOCKED,36.2795,0.0000,0.0000,0.0000,0.8900,0.00,1,classical
2026-08-24T10:49:09,60.98,LOCKED,36.6538,0.0000,0.0000,0.0000,0.8900,0.00,1,classical
2026-08-24T10:49:10,61.73,LOCKED,37.1624,0.0000,0.0000,0.0000,0.8900,0.00,1,classical
2026-08-24T10:49:11,59.88,LOCKED,37.3369,0.0000,0.0000,0.0000,0.8900,0.00,1,classical
2026-08-24T10:49:12,61.35,LOCKED,36.6383,0.0000,0.0000,0.0000,0.8900,0.00,1,classical
2026-08-24T10:49:13,60.61,LOCKED,35.9237,0.0000,0.0000,0.0000,0.8899,0.00,1,classical
2026-08-24T10:49:14,61.73,LOCKED,35.5900,0.0000,0.0000,0.0000,0.8900,0.00,1,classical
2026-08-24T10:49:15,60.61,LOCKED,35.9927,0.0000,0.0000,0.0000,0.8900,0.00,1,classical
2026-08-24T10:49:16,60.24,LOCKED,36.6846,0.0000,0.0000,0.0000,0.8900,0.00,1,classical
2026-08-24T10:49:17,59.52,LOCKED,37.0455,0.0000,0.0000,0.0000,0.8900,0.00,1,classical
2026-08-24T10:49:18,60.24,LOCKED,37.2133,0.0000,0.0000,0.0000,0.8900,0.00,1,classical
2026-08-24T10:49:19,60.24,LOCKED,37.1930,0.0000,0.0000,0.0000,0.8899,0.00,1,classical
2026-08-24T10:49:20,60.61,LOCKED,36.3581,0.0000,0.0000,0.0000,0.8900,0.00,1,classical
2026-08-24T10:49:21,59.17,LOCKED,36.1228,0.0000,0.0000,0.0000,0.8900,0.00,1,classical
2026-08-24T10:49:22,60.24,LOCKED,35.7848,0.0000,0.0000,0.0000,0.8900,0.00,1,classical
2026-08-24T10:49:23,61.35,LOCKED,35.9806,0.0000,0.0000,0.0000,0.8900,0.00,1,classical
2026-08-24T10:49:24,60.24,LOCKED,36.6969,0.0000,0.0000,0.0000,0.8900,0.00,1,classical
2026-08-24T10:49:25,61.35,LOCKED,36.7490,0.0000,0.0000,0.0000,0.8900,0.00,1,classical
2026-08-24T10:49:26,59.52,LOCKED,37.4839,0.0000,0.0000,0.0000,0.8900,0.00,1,classical
2026-08-24T10:49:27,60.98,LOCKED,36.9510,0.0000,0.0000,0.0000,0.8900,0.00,1,classical
2026-08-24T10:49:28,61.35,LOCKED,36.4078,0.0000,0.0000,0.0000,0.8900,0.00,1,classical
2026-08-24T10:49:29,59.88,LOCKED,35.8217,0.0000,0.0000,0.0000,0.8900,0.00,1,classical
2026-08-24T10:49:30,60.24,LOCKED,36.0544,0.0000,0.0000,0.0000,0.8900,0.00,1,classical
2026-08-24T10:49:31,59.88,LOCKED,36.1341,0.0000,0.0000,0.0000,0.8900,0.00,1,classical
2026-08-24T10:49:32,59.88,LOCKED,36.7778,0.0000,0.0000,0.0000,0.8900,0.00,1,classical
2026-08-24T10:49:33,60.98,LOCKED,36.9746,0.0000,0.0000,0.0000,0.8900,0.00,1,classical
2026-08-24T10:49:34,61.73,LOCKED,37.0947,0.0000,0.0000,0.0000,0.8900,0.00,1,classical
2026-08-24T10:49:35,60.98,LOCKED,36.9321,0.0000,0.0000,0.0000,0.8900,0.00,1,classical
2026-08-24T10:49:36,60.24,LOCKED,36.3067,0.0000,0.0000,0.0000,0.8900,0.00,1,classical
2026-08-24T10:49:37,59.88,LOCKED,35.8650,0.0000,0.0000,0.0000,0.8900,0.00,1,classical
2026-08-24T10:49:38,60.98,LOCKED,35.5196,0.0000,0.0000,0.0000,0.8900,0.00,1,classical
2026-08-24T10:49:39,60.24,LOCKED,36.3511,0.0000,0.0000,0.0000,0.8900,0.00,1,classical
2026-08-24T10:49:40,60.98,LOCKED,36.8437,0.0000,0.0000,0.0000,0.8900,0.00,1,classical
2026-08-24T10:49:41,60.24,LOCKED,37.2609,0.0000,0.0000,0.0000,0.8900,0.00,1,classical
2026-08-24T10:49:42,59.52,LOCKED,37.2115,0.0000,0.0000,0.0000,0.8900,0.00,1,classical
2026-08-24T10:49:43,59.52,LOCKED,36.6005,0.0000,0.0000,0.0000,0.8899,0.00,1,classical
2026-08-24T10:49:44,59.52,LOCKED,36.2165,0.0000,0.0000,0.0000,0.8900,0.00,1,classical
2026-08-24T10:49:45,60.98,LOCKED,35.4316,0.0000,0.0000,0.0000,0.8900,0.00,1,classical
2026-08-24T10:49:46,60.98,LOCKED,35.8307,0.0000,0.0000,0.0000,0.8900,0.00,1,classical
2026-08-24T10:49:47,60.24,LOCKED,36.4369,0.0000,0.0000,0.0000,0.8900,0.00,1,classical
2026-08-24T10:49:48,60.61,LOCKED,36.8725,0.0000,0.0000,0.0000,0.8900,0.00,1,classical
2026-08-24T10:49:49,60.24,LOCKED,37.2140,0.0000,0.0000,0.0000,0.8900,0.00,1,classical
2026-08-24T10:49:50,62.11,LOCKED,36.9694,0.0000,0.0000,0.0000,0.8900,0.00,1,classical
2026-08-24T10:49:51,61.73,LOCKED,36.3882,0.0000,0.0000,0.0000,0.8900,0.00,1,classical
2026-08-24T10:49:52,60.98,LOCKED,35.9823,0.0000,0.0000,0.0000,0.8900,0.00,1,classical
2026-08-24T10:49:53,59.88,LOCKED,35.9589,0.0000,0.0000,0.0000,0.8900,0.00,1,classical
2026-08-24T10:49:54,60.24,LOCKED,36.0290,0.0000,0.0000,0.0000,0.8900,0.00,1,classical
2026-08-24T10:49:55,61.73,LOCKED,36.3594,0.0000,0.0000,0.0000,0.8900,0.00,1,classical
2026-08-24T10:49:56,60.61,LOCKED,37.1046,0.0000,0.0000,0.0000,0.8900,0.00,1,classical
2026-08-24T10:49:57,59.52,LOCKED,37.3629,0.0000,0.0000,0.0000,0.8900,0.00,1,classical
2026-08-24T10:49:58,60.98,LOCKED,36.7281,0.0000,0.0000,0.0000,0.8900,0.00,1,classical
2026-08-24T10:49:59,61.35,LOCKED,36.4179,0.0000,0.0000,0.0000,0.8900,0.00,1,classical
2026-08-24T10:50:00,60.24,LOCKED,36.0359,0.0000,0.0000,0.0000,0.8900,0.00,1,classical
2026-08-24T10:50:01,59.88,LOCKED,35.7771,0.0000,0.0000,0.0000,0.8900,0.00,1,classical
2026-08-24T10:50:02,59.88,LOCKED,35.9927,0.0000,0.0000,0.0000,0.8900,0.00,1,classical
2026-08-24T10:50:03,59.52,LOCKED,36.8215,0.0000,0.0000,0.0000,0.8900,0.00,1,classical
2026-08-24T10:50:04,60.61,LOCKED,37.0900,0.0000,0.0000,0.0000,0.8900,0.00,1,classical
2026-08-24T10:50:05,59.88,LOCKED,37.3018,0.0000,0.0000,0.0000,0.8900,0.00,1,classical
2026-08-24T10:50:06,59.88,LOCKED,36.8576,0.0000,0.0000,0.0000,0.8900,0.00,1,classical
2026-08-24T10:50:07,60.24,LOCKED,36.4409,0.0000,0.0000,0.0000,0.8900,0.00,1,classical
2026-08-24T10:50:08,61.73,LOCKED,35.7761,0.0000,0.0000,0.0000,0.8900,0.00,1,classical
2026-08-24T10:50:09,61.35,LOCKED,35.8105,0.0000,0.0000,0.0000,0.8900,0.00,1,classical
2026-08-24T10:50:10,61.35,LOCKED,36.2828,0.0000,0.0000,0.0000,0.8900,0.00,1,classical
2026-08-24T10:50:11,60.61,LOCKED,36.7094,0.0000,0.0000,0.0000,0.8900,0.00,1,classical
2026-08-24T10:50:12,60.61,LOCKED,37.1181,0.0000,0.0000,0.0000,0.8900,0.00,1,classical
2026-08-24T10:50:13,59.88,LOCKED,37.3670,0.0000,0.0000,0.0000,0.8900,0.00,1,classical
2026-08-24T10:50:14,60.61,LOCKED,36.6806,0.0000,0.0000,0.0000,0.8900,0.00,1,classical
2026-08-24T10:50:15,58.48,LOCKED,36.7613,0.0000,0.0000,0.0000,0.8900,0.00,1,classical
2026-08-24T10:50:16,61.35,LOCKED,35.3339,0.0000,0.0000,0.0000,0.8900,0.00,1,classical
2026-08-24T10:50:17,59.52,LOCKED,35.8532,0.0000,0.0000,0.0000,0.8900,0.00,1,classical
2026-08-24T10:50:18,59.88,LOCKED,36.3744,0.0000,0.0000,0.0000,0.8900,0.00,1,classical
2026-08-24T10:50:19,60.98,LOCKED,36.7885,0.0000,0.0000,0.0000,0.8900,0.00,1,classical
2026-08-24T10:50:20,60.98,LOCKED,37.0662,0.0000,0.0000,0.0000,0.8900,0.00,1,classical
2026-08-24T10:50:21,60.24,LOCKED,37.1090,0.0000,0.0000,0.0000,0.8900,0.00,1,classical
2026-08-24T10:50:22,61.35,LOCKED,36.5316,0.0000,0.0000,0.0000,0.8900,0.00,1,classical
2026-08-24T10:50:23,61.35,LOCKED,35.9679,0.0000,0.0000,0.0000,0.8900,0.00,1,classical
2026-08-24T10:50:24,60.61,LOCKED,35.7814,0.0000,0.0000,0.0000,0.8900,0.00,1,classical
2026-08-24T10:50:25,60.61,LOCKED,35.9672,0.0000,0.0000,0.0000,0.8900,0.00,1,classical
2026-08-24T10:50:26,60.24,LOCKED,36.4183,0.0000,0.0000,0.0000,0.8900,0.00,1,classical
2026-08-24T10:50:27,60.61,LOCKED,36.8256,0.0000,0.0000,0.0000,0.8900,0.00,1,classical
2026-08-24T10:50:28,60.98,LOCKED,37.1898,0.0000,0.0000,0.0000,0.8900,0.00,1,classical
2026-08-24T10:50:29,59.88,LOCKED,36.9314,0.0000,0.0000,0.0000,0.8900,0.00,1,classical
2026-08-24T10:50:30,59.88,LOCKED,36.3443,0.0000,0.0000,0.0000,0.8900,0.00,1,classical
2026-08-24T10:50:31,61.35,LOCKED,36.1923,0.0000,0.0000,0.0000,0.8900,0.00,1,classical
2026-08-24T10:50:32,60.24,LOCKED,35.5937,0.0000,0.0000,0.0000,0.8900,0.00,1,classical
2026-08-24T10:50:33,60.61,LOCKED,36.0225,0.0000,0.0000,0.0000,0.8900,0.00,1,classical
2026-08-24T10:50:34,60.98,LOCKED,36.5153,0.0000,0.0000,0.0000,0.8900,0.00,1,classical
2026-08-24T10:50:35,61.35,LOCKED,36.9717,0.0000,0.0000,0.0000,0.8900,0.00,1,classical
2026-08-24T10:50:36,60.98,LOCKED,37.2126,0.0000,0.0000,0.0000,0.8900,0.00,1,classical
2026-08-24T10:50:37,61.35,LOCKED,36.7612,0.0000,0.0000,0.0000,0.8900,0.00,1,classical
2026-08-24T10:50:38,59.88,LOCKED,36.5601,0.0000,0.0000,0.0000,0.8900,0.00,1,classical
2026-08-24T10:50:39,59.88,LOCKED,35.9439,0.0000,0.0000,0.0000,0.8900,0.00,1,classical
2026-08-24T10:50:40,60.24,LOCKED,35.9150,0.0000,0.0000,0.0000,0.8899,0.00,1,classical
2026-08-24T10:50:41,60.61,LOCKED,35.8574,0.0000,0.0000,0.0000,0.8900,0.00,1,classical
2026-08-24T10:50:42,59.88,LOCKED,36.7071,0.0000,0.0000,0.0000,0.8900,0.00,1,classical
2026-08-24T10:50:43,59.88,LOCKED,37.1894,0.0000,0.0000,0.0000,0.8900,0.00,1,classical
2026-08-24T10:50:44,59.52,LOCKED,37.2829,0.0000,0.0000,0.0000,0.8900,0.00,1,classical
2026-08-24T10:50:45,60.61,LOCKED,36.7038,0.0000,0.0000,0.0000,0.8900,0.00,1,classical
2026-08-24T10:50:46,61.35,LOCKED,36.0768,0.0000,0.0000,0.0000,0.8900,0.00,1,classical
2026-08-24T10:50:47,59.88,LOCKED,35.9180,0.0000,0.0000,0.0000,0.8900,0.00,1,classical
2026-08-24T10:50:48,59.52,LOCKED,36.0157,0.0000,0.0000,0.0000,0.8900,0.00,1,classical
2026-08-24T10:50:49,60.24,LOCKED,35.9762,0.0000,0.0000,0.0000,0.8900,0.00,1,classical
2026-08-24T10:50:50,59.88,LOCKED,36.9827,0.0000,0.0000,0.0000,0.8900,0.00,1,classical
2026-08-24T10:50:51,59.88,LOCKED,37.2762,0.0000,0.0000,0.0000,0.8899,0.00,1,classical
2026-08-24T10:50:52,60.24,LOCKED,37.2150,0.0000,0.0000,0.0000,0.8899,0.00,1,classical
2026-08-24T10:50:53,59.52,LOCKED,36.8255,0.0000,0.0000,0.0000,0.8900,0.00,1,classical
2026-08-24T10:50:54,59.17,LOCKED,36.2114,0.0000,0.0000,0.0000,0.8900,0.00,1,classical
2026-08-24T10:50:56,60.24,LOCKED,35.7301,0.0000,0.0000,0.0000,0.8900,0.00,1,classical
2026-08-24T10:50:57,60.24,LOCKED,35.9076,0.0000,0.0000,0.0000,0.8900,0.00,1,classical
2026-08-24T10:50:58,60.61,LOCKED,36.3462,0.0000,0.0000,0.0000,0.8900,0.00,1,classical
2026-08-24T10:50:59,59.17,LOCKED,37.1597,0.0000,0.0000,0.0000,0.8900,0.00,1,classical
2026-08-24T10:51:00,60.24,LOCKED,77.1270,0.0000,0.0000,0.0000,0.8698,0.00,1,classical
2026-08-24T10:51:01,60.61,LOCKED,12.5927,0.0000,0.0000,0.0000,0.8900,0.00,1,classical
